ligand,receptor,source,target,ligand_expr_ctrl,receptor_expr_ctrl,score_ctrl,key,score_rej,ligand_expr_rej,receptor_expr_rej,log2FC
B2M,CD8A,4,3,10.7,0.0,0.0,B2M_CD8A_4_3,4.885714664826708,13.77710843373494,0.35462555066079293,12.254649152770833
B2M,CD8A,3,3,4.5,0.0,0.0,B2M_CD8A_3_3,3.008849385782763,8.484581497797357,0.35462555066079293,11.555475580344453
VCAM1,ITGA4,4,2,6.8136363636363635,0.0,0.0,VCAM1_ITGA4_4_2,2.119424163463275,4.379518072289157,0.48394004282655245,11.050137170825899
B2M,CD8A,10,3,0.8958333333333334,0.0,0.0,B2M_CD8A_10_3,1.8913362701908956,5.333333333333333,0.35462555066079293,10.885952764581317
B2M,CD8A,6,3,3.6666666666666665,0.0,0.0,B2M_CD8A_6_3,1.7060364329086795,4.8108108108108105,0.35462555066079293,10.737278134483958
VEGFA,FLT1,2,4,0.0,3.463636363636364,0.0,VEGFA_FLT1_2_4,1.3158974226671138,0.8843683083511777,1.4879518072289157,10.36292725852308
B2M,CD8A,2,3,1.0,0.0,0.0,B2M_CD8A_2_3,1.2597939797564357,3.5524625267665955,0.35462555066079293,10.30011683577121
CXCL12,CXCR4,4,2,8.077272727272728,0.0,0.0,CXCL12_CXCR4_4_2,1.2228786667010656,7.228915662650603,0.16916488222698073,10.257244823390925
B2M,CD8A,4,6,10.7,0.0,0.0,B2M_CD8A_4_6,1.1791218929773146,13.77710843373494,0.08558558558558559,10.204720165699808
CXCL12,CXCR4,4,6,8.077272727272728,0.0,0.0,CXCL12_CXCR4_4_6,1.1396939107782482,7.228915662650603,0.15765765765765766,10.155696001227602
CXCL12,CXCR4,2,2,2.0,0.0,0.0,CXCL12_CXCR4_2_2,1.0052088826121446,5.942184154175589,0.16916488222698073,9.974714115279602
CXCL12,CXCR4,2,6,2.0,0.0,0.0,CXCL12_CXCR4_2_6,0.936830835117773,5.942184154175589,0.15765765765765766,9.873183904256962
TGFB1,TGFBR2,10,4,0.0,8.754545454545454,0.0,TGFB1_TGFBR2_10_4,0.861732644865175,0.19047619047619047,4.524096385542169,9.75276973679682
B2M,CD8A,4,2,10.7,0.0,0.0,B2M_CD8A_4_2,0.8555377828229406,13.77710843373494,0.06209850107066381,9.742373076351415
C3,C3AR1,3,3,3.0,0.0,0.0,C3_C3AR1_3_3,0.7652681014574317,1.6784140969162995,0.45594713656387664,9.581705439588797
B2M,CD8A,3,6,4.5,0.0,0.0,B2M_CD8A_3_6,0.7261578759376117,8.484581497797357,0.08558558558558559,9.50612481678731
VCAM1,ITGA4,6,2,2.3333333333333335,0.0,0.0,VCAM1_ITGA4_6_2,0.6975712329031386,1.4414414414414414,0.48394004282655245,9.44826342368629
EGF,EGFR,4,3,0.6909090909090909,0.0,0.0,EGF_EGFR_4_3,0.6959290908125896,3.5903614457831323,0.19383259911894274,9.444868066044696
VEGFA,FLT1,2,10,0.0,0.1875,0.0,VEGFA_FLT1_2_10,0.6738044254104211,0.8843683083511777,0.7619047619047619,9.398325624717236
CXCL12,CXCR4,6,2,11.333333333333334,0.0,0.0,CXCL12_CXCR4_6_2,0.671325501089955,3.9684684684684686,0.16916488222698073,9.393016061340743
CXCL12,CXCR4,6,6,11.333333333333334,0.0,0.0,CXCL12_CXCR4_6_6,0.6256594432270108,3.9684684684684686,0.15765765765765766,9.291537816140709
B2M,CD8A,5,3,2.337078651685393,0.0,0.0,B2M_CD8A_5_3,0.6079295154185022,1.7142857142857142,0.35462555066079293,9.250131433273786
VCAM1,ITGA4,3,2,0.5,0.0,0.0,VCAM1_ITGA4_3_2,0.5947985548396834,1.2290748898678414,0.48394004282655245,9.218680813986285
CXCL12,CXCR4,10,2,1.75,0.0,0.0,CXCL12_CXCR4_10_2,0.5477719995921281,3.238095238095238,0.16916488222698073,9.100063061445542
B2M,CD8A,3,2,4.5,0.0,0.0,B2M_CD8A_3_2,0.5268797932251036,8.484581497797357,0.06209850107066381,9.044065631741043
CXCL12,CXCR4,10,6,1.75,0.0,0.0,CXCL12_CXCR4_10_6,0.5105105105105106,3.238095238095238,0.15765765765765766,8.998620074526562
VCAM1,ITGA4,10,2,0.14583333333333334,0.0,0.0,VCAM1_ITGA4_10_2,0.506984806770674,1.0476190476190477,0.48394004282655245,8.988641538102108
VCAM1,ITGA4,2,2,0.5,0.0,0.0,VCAM1_ITGA4_2_2,0.5046655264593813,1.0428265524625269,0.48394004282655245,8.982039616447596
VEGFA,FLT1,2,6,0.0,0.6666666666666666,0.0,VEGFA_FLT1_2_6,0.49397148754750464,0.8843683083511777,0.5585585585585585,8.951201612020377
PDGFB,PDGFRB,3,10,0.0,0.3541666666666667,0.0,PDGFB_PDGFRB_3_10,0.4809104258443466,0.28854625550660795,1.6666666666666667,8.91262120303613
VEGFA,KDR,4,3,5.036363636363636,0.0,0.0,VEGFA_KDR_4_3,0.4746297967199193,2.9518072289156625,0.16079295154185022,8.893695288023801
VEGFA,KDR,2,4,0.0,1.4727272727272727,0.0,VEGFA_KDR_2_4,0.47414927375454713,0.8843683083511777,0.536144578313253,8.892237014109853
B2M,CD8A,10,6,0.8958333333333334,0.0,0.0,B2M_CD8A_10_6,0.45645645645645644,5.333333333333333,0.08558558558558559,8.837490615042357
CCL5,CCR5,3,4,0.0,0.14545454545454545,0.0,CCL5_CCR5_3_4,0.4294358048935832,2.458149779735683,0.1746987951807229,8.749654280201613
PDGFB,PDGFRB,2,10,0.0,0.3541666666666667,0.0,PDGFB_PDGFRB_2_10,0.41399000713775874,0.24839400428265523,1.6666666666666667,8.696932786893628
B2M,CD8A,6,6,3.6666666666666665,0.0,0.0,B2M_CD8A_6_6,0.411736060384709,4.8108108108108105,0.08558558558558559,8.689075680616583
CCL5,CCR5,3,3,0.0,0.0,0.0,CCL5_CCR5_3_3,0.40608201207087274,2.458149779735683,0.16519823788546256,8.669175663599747
PDGFB,PDGFRB,4,2,0.9181818181818182,0.0,0.0,PDGFB_PDGFRB_4_2,0.4038853486752148,0.608433734939759,0.6638115631691649,8.661369627859365
CXCL10,CXCR3,4,3,0.32272727272727275,0.0,0.0,CXCL10_CXCR3_4_3,0.38357836632875114,2.3855421686746987,0.16079295154185022,8.587133798869434
VEGFA,FLT1,2,5,0.0,0.8876404494382022,0.0,VEGFA_FLT1_2_5,0.37901498929336186,0.8843683083511777,0.42857142857142855,8.569912515048596
TGFB1,TGFBR2,2,4,0.0,8.754545454545454,0.0,TGFB1_TGFBR2_2_4,0.3681277572818039,0.08137044967880086,4.524096385542169,8.52797641770538
CCL5,CCR5,3,5,0.0,0.10486891385767791,0.0,CCL5_CCR5_3_5,0.35116425424795467,2.458149779735683,0.14285714285714285,8.460104668403279
VEGFA,KDR,4,2,5.036363636363636,0.0,0.0,VEGFA_KDR_4_2,0.3476432496581615,2.9518072289156625,0.11777301927194861,8.445607738575765
VCAM1,ITGA4,5,2,1.1760299625468165,0.0,0.0,VCAM1_ITGA4_5_2,0.3456714591618232,0.7142857142857143,0.48394004282655245,8.437425256714619
C3,C3AR1,3,2,3.0,0.0,0.0,C3_C3AR1_3_2,0.34502730900206585,1.6784140969162995,0.20556745182012848,8.434742091819135
CXCL9,CXCR3,4,3,0.17272727272727273,0.0,0.0,CXCL9_CXCR3_4_3,0.34192718008598266,2.1265060240963853,0.16079295154185022,8.421758445232994
B2M,CD8A,10,2,0.8958333333333334,0.0,0.0,B2M_CD8A_10_2,0.33119200571020696,5.333333333333333,0.06209850107066381,8.375873544649322
C3,C3AR1,4,3,1.7954545454545454,0.0,0.0,C3_C3AR1_4_3,0.3241070006899846,0.7108433734939759,0.45594713656387664,8.344770812403977
C3,C3AR1,3,10,3.0,0.0,0.0,C3_C3AR1_3_10,0.3196979232221523,1.6784140969162995,0.19047619047619047,8.325071200969928
CXCL12,CXCR4,3,2,1.5,0.0,0.0,CXCL12_CXCR4_3_2,0.3085209746342292,1.8237885462555066,0.16916488222698073,8.273893366501767
B2M,CD8A,2,6,1.0,0.0,0.0,B2M_CD8A_2_6,0.3040395856241681,3.5524625267665955,0.08558558558558559,8.252852666148204
B2M,CD8A,6,2,3.6666666666666665,0.0,0.0,B2M_CD8A_6_2,0.29874414028589613,4.8108108108108105,0.06209850107066381,8.227587740367985
PDGFB,PDGFRB,3,4,0.0,2.272727272727273,0.0,PDGFB_PDGFRB_3_4,0.29028448596146705,0.28854625550660795,1.0060240963855422,8.186285054237926
VEGFA,FLT1,2,3,0.0,1.0,0.0,VEGFA_FLT1_2_3,0.28829627673122094,0.8843683083511777,0.32599118942731276,8.176403945548392
CXCL12,CXCR4,3,6,1.5,0.0,0.0,CXCL12_CXCR4_3_6,0.2875342302655078,1.8237885462555066,0.15765765765765766,8.172598672960403
TGFB1,TGFBR2,6,4,0.0,8.754545454545454,0.0,TGFB1_TGFBR2_6_4,0.28530337566482145,0.06306306306306306,4.524096385542169,8.161400870332693
TGFB1,TGFBR2,10,6,0.0,2.3333333333333335,0.0,TGFB1_TGFBR2_10_6,0.2728442728442728,0.19047619047619047,1.4324324324324325,8.09721189805585
CCL2,CCR2,3,5,0.0,0.2209737827715356,0.0,CCL2_CCR2_3_5,0.2718691000629327,0.6343612334801763,0.42857142857142855,8.092065221580004
B2M,CD8A,0,3,0.3804347826086957,0.0,0.0,B2M_CD8A_0_3,0.27045069467976957,0.7626373626373626,0.35462555066079293,8.08454636570225
VEGFA,KDR,6,3,2.6666666666666665,0.0,0.0,VEGFA_KDR_6_3,0.269436837718776,1.6756756756756757,0.16079295154185022,8.079147872365242
CXCL12,CXCR4,5,2,9.48314606741573,0.0,0.0,CXCL12_CXCR4_5_2,0.2658305292138268,1.5714285714285714,0.16916488222698073,8.059779930606233
TGFB1,TGFBR2,10,3,0.0,7.0,0.0,TGFB1_TGFBR2_10_3,0.26138032305433184,0.19047619047619047,1.3722466960352422,8.03551572033908
VEGFA,FLT1,2,2,0.0,1.0,0.0,VEGFA_FLT1_2_2,0.25943995341351467,0.8843683083511777,0.29336188436830835,8.02480697533692
PDGFB,PDGFRB,2,4,0.0,2.272727272727273,0.0,PDGFB_PDGFRB_2_4,0.24989035370604473,0.24839400428265523,1.0060240963855422,7.97091319249477
CXCL12,CXCR4,5,6,9.48314606741573,0.0,0.0,CXCL12_CXCR4_5_6,0.24774774774774774,1.5714285714285714,0.15765765765765766,7.958539652806427
PDGFB,PDGFRB,4,6,0.9181818181818182,0.0,0.0,PDGFB_PDGFRB_4_6,0.23844024747639206,0.608433734939759,0.3918918918918919,7.903521864839226
CD34,SELL,4,2,1.5136363636363637,0.0,0.0,CD34_SELL_4_2,0.23281133097701298,1.1325301204819278,0.20556745182012848,7.869201037301396
TNF,TNFRSF1A,10,4,0.0,2.5681818181818183,0.0,TNF_TNFRSF1A_10_4,0.23235800344234078,0.14285714285714285,1.6265060240963856,7.866401137807736
ICAM1,ITGAL,4,2,0.8272727272727273,0.0,0.0,ICAM1_ITGAL_4_2,0.2290962565465287,0.963855421686747,0.23768736616702354,7.846093702212475
B2M,CD8A,2,2,1.0,0.0,0.0,B2M_CD8A_2_2,0.22060259802190849,3.5524625267665955,0.06209850107066381,7.791830985111971
CCL5,CCR5,4,3,0.3,0.0,0.0,CCL5_CCR5_4_3,0.21794225359588132,1.319277108433735,0.16519823788546256,7.774406596420697
BMP7,BMPR2,10,4,0.0,2.9045454545454548,0.0,BMP7_BMPR2_10_4,0.21772805507745266,0.14285714285714285,1.5240963855421688,7.772994468803853
TGFB1,TGFBR2,10,10,0.0,0.6458333333333334,0.0,TGFB1_TGFBR2_10_10,0.21768707482993194,0.19047619047619047,1.1428571428571428,7.772724144363736
FGF2,FGFR1,3,4,0.0,1.5954545454545455,0.0,FGF2_FGFR1_3_4,0.21761053022663338,0.22026431718061673,0.9879518072289156,7.772219085477355
TGFB1,TGFBR1,10,4,0.0,1.8909090909090909,0.0,TGFB1_TGFBR1_10_4,0.2157200229489386,0.19047619047619047,1.1325301204819278,7.759688641197307
CD86,CD28,3,5,0.0,0.21348314606741572,0.0,CD86_CD28_3_5,0.21522970421648835,0.3766519823788546,0.5714285714285714,7.7564209144299765
VCAM1,ITGA4,4,0,6.8136363636363635,0.0,0.0,VCAM1_ITGA4_4_0,0.2117569177810142,4.379518072289157,0.04835164835164835,7.733062231608913
ICAM1,ITGAL,2,3,0.0,0.5,0.0,ICAM1_ITGAL_2_3,0.20783141054061446,0.32762312633832974,0.6343612334801763,7.706194915202664
TGFB1,TGFBR2,3,2,0.5,0.0,0.0,TGFB1_TGFBR2_3_2,0.20698242602043224,0.23348017621145375,0.8865096359743041,7.700317819274216
ICAM1,ITGAL,6,3,0.0,0.5,0.0,ICAM1_ITGAL_6_3,0.20288129539230862,0.31981981981981983,0.6343612334801763,7.6715856145526775
CXCL9,CXCR3,3,3,1.5,0.0,0.0,CXCL9_CXCR3_3_3,0.20010576568534225,1.2444933920704846,0.16079295154185022,7.651810633956077
ICAM1,ITGAL,2,4,0.0,0.10909090909090909,0.0,ICAM1_ITGAL_2_4,0.19736332911947577,0.32762312633832974,0.6024096385542169,7.63200153310351
VEGFA,KDR,6,2,2.6666666666666665,0.0,0.0,VEGFA_KDR_6_2,0.19734938364488686,1.6756756756756757,0.11777301927194861,7.631900104203486
CCL2,CCR2,3,3,0.0,0.5,0.0,CCL2_CCR2_3_3,0.1970152729530944,0.6343612334801763,0.31057268722466963,7.629467899695346
C3,C3AR1,3,6,3.0,0.0,0.0,C3_C3AR1_3_6,0.1965710203595666,1.6784140969162995,0.11711711711711711,7.6262275382679725
SELE,CD44,3,3,0.0,1.0,0.0,SELE_CD44_3_3,0.19449727338003842,0.15198237885462554,1.2797356828193833,7.6110046760361065
CXCL10,CXCR3,3,3,0.5,0.0,0.0,CXCL10_CXCR3_3_3,0.19373071474315434,1.2048458149779735,0.16079295154185022,7.605336647088175
EGF,EGFR,6,3,2.0,0.0,0.0,EGF_EGFR_6_3,0.19295947930309165,0.9954954954954955,0.19383259911894274,7.599611475617605
ICAM1,ITGAL,6,4,0.0,0.10909090909090909,0.0,ICAM1_ITGAL_6_4,0.19266254206013245,0.31981981981981983,0.6024096385542169,7.597401126627817
PDGFB,PDGFRB,3,2,0.0,0.0,0.0,PDGFB_PDGFRB_3_2,0.19154034091445069,0.28854625550660795,0.6638115631691649,7.589016939685245
CCL2,CCR2,3,4,0.0,0.23636363636363636,0.0,CCL2_CCR2_3_4,0.1910726606868001,0.6343612334801763,0.30120481927710846,7.585508372502694
CCL2,CCR2,3,10,0.0,0.041666666666666664,0.0,CCL2_CCR2_3_10,0.18124606670862178,0.6343612334801763,0.2857142857142857,7.509743867969186
SELE,CD44,3,4,0.0,1.3545454545454545,0.0,SELE_CD44_3_4,0.1767024043309803,0.15198237885462554,1.1626506024096386,7.47331939107894
ICAM1,ITGAL,4,6,0.8272727272727273,0.0,0.0,ICAM1_ITGAL_4_6,0.1736676435471616,0.963855421686747,0.18018018018018017,7.4484685695378845
PDGFB,PDGFRB,6,2,0.3333333333333333,0.0,0.0,PDGFB_PDGFRB_6_2,0.17043810405694773,0.25675675675675674,0.6638115631691649,7.42154399014935
TGFB1,TGFBR2,10,2,0.0,0.0,0.0,TGFB1_TGFBR2_10_2,0.16885897828081983,0.19047619047619047,0.8865096359743041,7.408193666919601
CXCL11,CXCR3,3,3,1.0,0.0,0.0,CXCL11_CXCR3_3_3,0.16610549399367344,1.0330396475770924,0.16079295154185022,7.3846153560112295
PDGFB,PDGFRB,2,2,0.0,0.0,0.0,PDGFB_PDGFRB_2_2,0.1648868122647176,0.24839400428265523,0.6638115631691649,7.374055388687332
TNF,TNFRSF1A,10,3,0.0,1.0,0.0,TNF_TNFRSF1A_10_3,0.16110761485210826,0.14285714285714285,1.1277533039647578,7.340808051458947
TGFB1,TGFBR2,4,2,0.21818181818181817,0.0,0.0,TGFB1_TGFBR2_4_2,0.16021258481463327,0.18072289156626506,0.8865096359743041,7.332820559825352
VEGFA,KDR,2,6,0.0,0.6666666666666666,0.0,VEGFA_KDR_2_6,0.15934564114435634,0.8843683083511777,0.18018018018018017,7.32504132568778
IFNG,IFNGR1,3,4,0.0,1.9363636363636363,0.0,IFNG_IFNGR1_3_4,0.1469932593811369,0.1277533039647577,1.1506024096385543,7.2093876569879605
FGF2,FGFR1,3,10,0.0,0.3333333333333333,0.0,FGF2_FGFR1_3_10,0.14684287812041114,0.22026431718061673,0.6666666666666666,7.20792093747485
B2M,CD8A,5,6,2.337078651685393,0.0,0.0,B2M_CD8A_5_6,0.1467181467181467,1.7142857142857142,0.08558558558558559,7.206703257394933
C3,C3AR1,4,2,1.7954545454545454,0.0,0.0,C3_C3AR1_4_2,0.1461262609323805,0.7108433734939759,0.20556745182012848,7.200910969579459
C3,C3AR1,2,3,0.0,0.0,0.0,C3_C3AR1_2_3,0.14547349753322833,0.31905781584582443,0.45594713656387664,7.194495841205633
VEGFA,KDR,2,3,0.0,0.0,0.0,VEGFA_KDR_2_3,0.14220019054985897,0.8843683083511777,0.16079295154185022,7.161889602105621
SELE,CD44,4,2,0.2,0.0,0.0,SELE_CD44_4_2,0.14005056629085938,0.28313253012048195,0.49464668094218417,7.140068647852583
ICAM1,ITGAL,4,10,0.8272727272727273,0.0,0.0,ICAM1_ITGAL_4_10,0.13769363166953527,0.963855421686747,0.14285714285714285,7.115757735405185
CD34,SELL,10,2,0.25,0.0,0.0,CD34_SELL_10_2,0.13704496788008563,0.6666666666666666,0.20556745182012848,7.1089944884449
BMP7,BMPR2,10,10,0.0,0.4583333333333333,0.0,BMP7_BMPR2_10_10,0.13605442176870747,0.14285714285714285,0.9523809523809523,7.0986050641688285
IL1B,IL1R1,3,4,0.0,1.8636363636363635,0.0,IL1B_IL1R1_3_4,0.13587389204394673,0.1762114537444934,0.7710843373493976,7.0967034763210615
C3,C3AR1,4,10,1.7954545454545454,0.0,0.0,C3_C3AR1_4_10,0.13539873780837636,0.7108433734939759,0.19047619047619047,7.091686483946038
FASLG,FAS,3,4,0.0,0.8818181818181818,0.0,FASLG_FAS_3_4,0.1341223926543177,0.16740088105726872,0.8012048192771084,7.078122969503547
HGF,MET,6,4,0.0,1.55,0.0,HGF_MET_6_4,0.13404971236296537,0.11711711711711711,1.144578313253012,7.077346756885837
CD86,CD28,3,4,0.0,0.25,0.0,CD86_CD28_3_4,0.13160129504803356,0.3766519823788546,0.3493975903614458,7.05095105534779
C3,C3AR1,10,3,0.16666666666666666,0.0,0.0,C3_C3AR1_10_3,0.1302706104468219,0.2857142857142857,0.45594713656387664,7.036400144020336
VEGFA,KDR,2,5,0.0,0.3333333333333333,0.0,VEGFA_KDR_2_5,0.12633832976445394,0.8843683083511777,0.14285714285714285,6.992522936097156
VEGFA,KDR,2,10,0.0,0.08333333333333333,0.0,VEGFA_KDR_2_10,0.12633832976445394,0.8843683083511777,0.14285714285714285,6.992522936097156
ANGPT1,TEK,4,2,0.9545454545454546,0.0,0.0,ANGPT1_TEK_4_2,0.12628673150847503,0.536144578313253,0.23554603854389722,6.991938228930736
ICAM1,ITGAL,3,2,1.0,0.0,0.0,ICAM1_ITGAL_3_2,0.12407908762463563,0.5220264317180616,0.23768736616702354,6.966696790611666
CCL5,CCR5,3,6,0.0,0.0,0.0,CCL5_CCR5_3_6,0.12180021431122753,2.458149779735683,0.04954954954954955,6.940169268279848
CXCL11,CXCR3,4,3,0.1590909090909091,0.0,0.0,CXCL11_CXCR3_4_3,0.12107902977548964,0.7530120481927711,0.16079295154185022,6.931671591269735
TNF,TNFRSF1A,10,2,0.0,0.0,0.0,TNF_TNFRSF1A_10_2,0.12052615478739676,0.14285714285714285,0.8436830835117773,6.925123032999224
TNF,TNFRSF1A,5,2,0.14606741573033707,0.0,0.0,TNF_TNFRSF1A_5_2,0.12052615478739676,0.14285714285714285,0.8436830835117773,6.925123032999224
FGF2,FGFR1,2,4,0.0,1.5954545454545455,0.0,FGF2_FGFR1_2_4,0.1184695957276644,0.11991434689507495,0.9879518072289156,6.900499697737929
CCL5,CCR5,3,10,0.0,0.041666666666666664,0.0,CCL5_CCR5_3_10,0.11705475141598488,2.458149779735683,0.047619047619047616,6.883312297468611
TGFB1,TGFBR2,2,6,0.0,2.3333333333333335,0.0,TGFB1_TGFBR2_2_6,0.11655767116152556,0.08137044967880086,1.4324324324324325,6.877224874113108
CXCL10,CXCR3,2,3,0.0,0.0,0.0,CXCL10_CXCR3_2_3,0.11568829061683442,0.7194860813704497,0.16079295154185022,6.866515987181721
TNF,TNFRSF1A,10,10,0.0,0.22916666666666666,0.0,TNF_TNFRSF1A_10_10,0.11564625850340135,0.14285714285714285,0.8095238095238095,6.865996222556272
BMP7,BMPR2,10,6,0.0,1.0,0.0,BMP7_BMPR2_10_6,0.11518661518661517,0.14285714285714285,0.8063063063063063,6.860300068189042
C3,C3AR1,2,4,0.0,0.41818181818181815,0.0,C3_C3AR1_2_4,0.11340006707773277,0.31905781584582443,0.35542168674698793,6.837944087806098
BMP4,BMPR1A,10,3,0.14583333333333334,0.0,0.0,BMP4_BMPR1A_10_3,0.1132787916928886,0.42857142857142855,0.2643171806167401,6.836413877154881
PDGFB,PDGFRB,3,6,0.0,0.0,0.0,PDGFB_PDGFRB_3_6,0.11307893796880582,0.28854625550660795,0.3918918918918919,6.833888645793733
EGF,EGFR,3,4,0.0,1.1772727272727272,0.0,EGF_EGFR_3_4,0.11297171063107053,0.1894273127753304,0.5963855421686747,6.832531961559346
BMP7,BMPR2,10,3,0.0,1.0,0.0,BMP7_BMPR2_10_3,0.11233480176211454,0.14285714285714285,0.7863436123348018,6.824447127897689
TNF,TNFRSF1A,4,2,0.2318181818181818,0.0,0.0,TNF_TNFRSF1A_4_2,0.11181342070638013,0.13253012048192772,0.8436830835117773,6.817794896117876
TGFB1,TGFBR2,2,3,0.0,7.0,0.0,TGFB1_TGFBR2_2_3,0.11166033072663642,0.08137044967880086,1.3722466960352422,6.815835801659017
TNF,TNFRSF1A,10,6,0.0,2.0,0.0,TNF_TNFRSF1A_10_6,0.11068211068211067,0.14285714285714285,0.7747747747747747,6.80325430221071
B2M,CD8A,5,2,2.337078651685393,0.0,0.0,B2M_CD8A_5_2,0.1064545732639951,1.7142857142857142,0.06209850107066381,6.747583074912527
CXCL9,CXCR3,2,3,0.0,0.0,0.0,CXCL9_CXCR3_2_3,0.1063919101208388,0.6616702355460385,0.16079295154185022,6.746741508348185
ANGPT1,TEK,4,3,0.9545454545454546,0.0,0.0,ANGPT1_TEK_4_3,0.10628416750703253,0.536144578313253,0.19823788546255505,6.745293375427186
PDGFA,PDGFRA,2,4,0.0,2.2181818181818183,0.0,PDGFA_PDGFRA_2_4,0.10624080906065377,0.15203426124197003,0.6987951807228916,6.744710198424453
VEGFA,KDR,2,2,0.0,0.0,0.0,VEGFA_KDR_2_2,0.10415472582294384,0.8843683083511777,0.11777301927194861,6.716369878342931
PDGFB,PDGFRB,6,6,0.3333333333333333,0.0,0.0,PDGFB_PDGFRB_6_6,0.10062089116143169,0.25675675675675674,0.3918918918918919,6.667053210750412
PDGFB,PDGFRB,3,3,0.0,2.0,0.0,PDGFB_PDGFRB_3_3,0.09914805255293137,0.28854625550660795,0.3436123348017621,6.645990557010766
PDGFB,PDGFRB,2,6,0.0,0.0,0.0,PDGFB_PDGFRB_2_6,0.09734359627293246,0.24839400428265523,0.3918918918918919,6.619759208132729
CXCL10,CXCR3,4,6,0.32272727272727275,0.0,0.0,CXCL10_CXCR3_4_6,0.09671116900032563,2.3855421686746987,0.04054054054054054,6.610451575611335
PDGFB,PDGFRB,5,2,0.3707865168539326,0.0,0.0,PDGFB_PDGFRB_5_2,0.0948302233098807,0.14285714285714285,0.6638115631691649,6.582408825407439
FGF2,FGFR1,3,5,0.0,0.5767790262172284,0.0,FGF2_FGFR1_3_5,0.09439899307740716,0.22026431718061673,0.42857142857142855,6.5759021337607315
CCL5,CCR5,5,3,0.1647940074906367,0.0,0.0,CCL5_CCR5_5_3,0.09439899307740718,0.5714285714285714,0.16519823788546256,6.5759021337607315
ICAM1,ITGAL,3,6,1.0,0.0,0.0,ICAM1_ITGAL_3_6,0.09405881652577687,0.5220264317180616,0.18018018018018017,6.570748535208222
TNF,TNFRSF1A,2,4,0.0,2.5681818181818183,0.0,TNF_TNFRSF1A_2_4,0.09403782152163256,0.057815845824411134,1.6265060240963856,6.570429861624126
TGFB1,TGFBR2,2,10,0.0,0.6458333333333334,0.0,TGFB1_TGFBR2_2_10,0.09299479963291526,0.08137044967880086,1.1428571428571428,6.554509035173984
TGFB1,TGFBR1,2,4,0.0,1.8909090909090909,0.0,TGFB1_TGFBR1_2_4,0.09215448517840098,0.08137044967880086,1.1325301204819278,6.541553328239549
CD80,CD28,3,5,0.0,0.21348314606741572,0.0,CD80_CD28_3_5,0.09188168659534297,0.16079295154185022,0.5714285714285714,6.537322264556874
CXCL10,CXCR3,10,3,0.020833333333333332,0.0,0.0,CXCL10_CXCR3_10_3,0.09188168659534297,0.5714285714285714,0.16079295154185022,6.537322264556874
ANGPT1,TEK,2,4,0.0,1.190909090909091,0.0,ANGPT1_TEK_2_4,0.09138051133871675,0.09850107066381156,0.927710843373494,6.529516626610025
TGFB1,TGFBR2,6,6,0.0,2.3333333333333335,0.0,TGFB1_TGFBR2_6_6,0.0903335768200633,0.06306306306306306,1.4324324324324325,6.513073428333855
CCL5,CCR5,3,2,0.0,0.0,0.0,CCL5_CCR5_3_2,0.089482968427209,2.458149779735683,0.03640256959314775,6.499574354729745
CD34,SELL,2,2,1.0,0.0,0.0,CD34_SELL_2_2,0.08935801438862116,0.4346895074946467,0.20556745182012848,6.4975806628387645
PDGFA,PDGFRA,3,4,0.0,2.2181818181818183,0.0,PDGFA_PDGFRA_3_4,0.08927339313199936,0.1277533039647577,0.6987951807228916,6.4962289302924825
CD34,SELL,6,2,1.0,0.0,0.0,CD34_SELL_6_2,0.08889403321951503,0.43243243243243246,0.20556745182012848,6.490153453894064
PDGFA,PDGFRA,6,4,0.0,2.2181818181818183,0.0,PDGFA_PDGFRA_6_4,0.08813632910018451,0.12612612612612611,0.6987951807228916,6.4779416425777745
CD34,SELL,5,2,0.50187265917603,0.0,0.0,CD34_SELL_5_2,0.08810033649434078,0.42857142857142855,0.20556745182012848,6.477358975094718
TGFB1,TGFBR2,6,3,0.0,7.0,0.0,TGFB1_TGFBR2_6_3,0.0865380799301504,0.06306306306306306,1.3722466960352422,6.451838834980046
CXCL9,CXCR3,4,6,0.17272727272727273,0.0,0.0,CXCL9_CXCR3_4_6,0.0862097036795832,2.1265060240963853,0.04054054054054054,6.446416765113605
TNF,TNFRSF1B,10,4,0.0,0.43636363636363634,0.0,TNF_TNFRSF1B_10_4,0.08605851979345956,0.14285714285714285,0.6024096385542169,6.443913585897744
TGFB1,TGFBR1,10,6,0.0,0.3333333333333333,0.0,TGFB1_TGFBR1_10_6,0.0858000858000858,0.19047619047619047,0.45045045045045046,6.439624563631968
PDGFB,PDGFRB,2,3,0.0,2.0,0.0,PDGFB_PDGFRB_2_3,0.08535124376232206,0.24839400428265523,0.3436123348017621,6.4321450526857005
C3,C3AR1,4,6,1.7954545454545454,0.0,0.0,C3_C3AR1_4_6,0.0832519266254206,0.7108433734939759,0.11711711711711711,6.396637772293541
PDGFB,PDGFRB,3,5,0.0,0.6329588014981273,0.0,PDGFB_PDGFRB_3_5,0.08244178728760226,0.28854625550660795,0.2857142857142857,6.382698154990306
SELE,CD44,2,3,0.0,1.0,0.0,SELE_CD44_2_3,0.08221000103764775,0.06423982869379015,1.2797356828193833,6.378685031670839
C3,C3AR1,6,3,0.3333333333333333,0.0,0.0,C3_C3AR1_6_3,0.0821526372187165,0.18018018018018017,0.45594713656387664,6.3776901147682725
CD274,PDCD1,4,3,0.2863636363636364,0.0,0.0,CD274_PDCD1_4_3,0.08168356244360703,0.21686746987951808,0.3766519823788546,6.369528643895098
VEGFA,FLT1,2,0,0.0,0.2826086956521739,0.0,VEGFA_FLT1_2_0,0.08163399769395488,0.8843683083511777,0.09230769230769231,6.368663559501049
TGFB1,TGFBR2,10,5,0.0,2.2771535580524342,0.0,TGFB1_TGFBR2_10_5,0.08163265306122448,0.19047619047619047,0.42857142857142855,6.3686400835612496
BMP7,BMPR2,10,5,0.0,1.0786516853932584,0.0,BMP7_BMPR2_10_5,0.08163265306122448,0.14285714285714285,0.5714285714285714,6.3686400835612496
TGFB1,TGFBR1,10,3,0.0,1.5,0.0,TGFB1_TGFBR1_10_3,0.08139290958674218,0.19047619047619047,0.42731277533039647,6.364448284915039
HGF,MET,3,4,0.0,1.55,0.0,HGF_MET_3_4,0.08067512340109337,0.07048458149779736,1.144578313253012,6.351824824287596
FGF2,FGFR1,2,10,0.0,0.3333333333333333,0.0,FGF2_FGFR1_2_10,0.07994289793004997,0.11991434689507495,0.6666666666666666,6.338832596408532
FGF2,FGFR1,3,3,0.0,0.5,0.0,FGF2_FGFR1_3_3,0.07956684585379106,0.22026431718061673,0.36123348017621143,6.332114370830067
BMP7,BMPR2,10,2,0.0,1.0,0.0,BMP7_BMPR2_10_2,0.07953502600183542,0.14285714285714285,0.556745182012848,6.331544466300884
ICAM1,ITGAL,2,2,0.0,0.0,0.0,ICAM1_ITGAL_2_2,0.0778718779947636,0.32762312633832974,0.23768736616702354,6.30143908955479
CXCL11,CXCR3,2,3,0.0,0.0,0.0,CXCL11_CXCR3_2_3,0.07643690630040845,0.4753747323340471,0.16079295154185022,6.274949411210949
CD40LG,CD40,3,4,0.0,0.5636363636363636,0.0,CD40LG_CD40_3_4,0.07619022344886152,0.1277533039647577,0.5963855421686747,6.270346228973764
ICAM1,ITGAL,6,2,0.0,0.0,0.0,ICAM1_ITGAL_6_2,0.07601713062098502,0.31981981981981983,0.23768736616702354,6.2671074694376285
BMP4,BMPR1A,5,3,0.23220973782771537,0.0,0.0,BMP4_BMPR1A_5_3,0.07551919446192573,0.2857142857142857,0.2643171806167401,6.257749781013859
CCL2,CCR2,6,5,0.0,0.2209737827715356,0.0,CCL2_CCR2_6_5,0.07528957528957529,0.17567567567567569,0.42857142857142855,6.253414026055347
IFNG,IFNGR1,5,2,0.15355805243445692,0.0,0.0,IFNG_IFNGR1_5_2,0.07525237075558273,0.42857142857142855,0.17558886509635974,6.252710287848964
SELE,CD44,3,2,0.0,0.0,0.0,SELE_CD44_3_2,0.07517757926213811,0.15198237885462554,0.49464668094218417,6.25129453818376
BMP7,BMPR2,2,4,0.0,2.9045454545454548,0.0,BMP7_BMPR2_2_4,0.07506256288537447,0.04925053533190578,1.5240963855421688,6.249114645474687
SELE,CD44,2,4,0.0,1.3545454545454545,0.0,SELE_CD44_2_4,0.0746884755295271,0.06423982869379015,1.1626506024096386,6.2420017443439235
ICAM1,ITGAL,3,10,1.0,0.0,0.0,ICAM1_ITGAL_3_10,0.07457520453115166,0.5220264317180616,0.14285714285714285,6.2398410731489315
CCL5,CCR5,2,4,0.0,0.14545454545454545,0.0,CCL5_CCR5_2_4,0.0744433838136271,0.4261241970021413,0.1746987951807229,6.237322480625413
CXCL9,CXCR3,6,3,0.0,0.0,0.0,CXCL9_CXCR3_6_3,0.07315355002579672,0.45495495495495497,0.16079295154185022,6.212443856778518
SELE,CD44,3,10,0.0,0.22916666666666666,0.0,SELE_CD44_3_10,0.07237256135934549,0.15198237885462554,0.47619047619047616,6.197168743900586
HGF,MET,6,3,0.0,0.5,0.0,HGF_MET_6_3,0.07223082112949955,0.11711711711711711,0.6167400881057269,6.194379067606123
TGFB1,TGFBR2,2,2,0.0,0.0,0.0,TGFB1_TGFBR2_2_2,0.07213568772381918,0.08137044967880086,0.8865096359743041,6.192503658907775
TGFB1,TGFBR2,6,10,0.0,0.6458333333333334,0.0,TGFB1_TGFBR2_6_10,0.07207207207207206,0.06306306306306306,1.1428571428571428,6.191248212668556
CXCL10,CXCR3,4,2,0.32272727272727275,0.0,0.0,CXCL10_CXCR3_4_2,0.0715151827868218,2.3855421686746987,0.029978586723768737,6.180211184332423
TGFB1,TGFBR1,6,4,0.0,1.8909090909090909,0.0,TGFB1_TGFBR1_6_4,0.07142081840877021,0.06306306306306306,1.1325301204819278,6.178332575313752
PDGFB,PDGFRB,2,5,0.0,0.6329588014981273,0.0,PDGFB_PDGFRB_2_5,0.07096971550933007,0.24839400428265523,0.2857142857142857,6.169318050390208
SELE,CD44,5,2,0.07116104868913857,0.0,0.0,SELE_CD44_5_2,0.07066381156316916,0.14285714285714285,0.49464668094218417,6.163172872695637
CXCL12,CXCR4,0,2,0.782608695652174,0.0,0.0,CXCL12_CXCR4_0_2,0.07064028049038756,0.4175824175824176,0.16916488222698073,6.162699080749748
CD274,PDCD1,3,3,1.0,0.0,0.0,CD274_PDCD1_3_3,0.0705185429563935,0.18722466960352424,0.3766519823788546,6.160245439755936
FGF2,FGFR1,3,6,0.0,0.6666666666666666,0.0,FGF2_FGFR1_3_6,0.07044489423344048,0.22026431718061673,0.31981981981981983,6.158759008555624
HGF,MET,4,2,0.5272727272727272,0.0,0.0,HGF_MET_4_2,0.07044451897525864,0.25903614457831325,0.27194860813704497,6.158751430903705
CCL5,CCR5,2,3,0.0,0.0,0.0,CCL5_CCR5_2_3,0.07039496646511145,0.4261241970021413,0.16519823788546256,6.157750458892355
VCAM1,ITGA4,0,2,0.22826086956521738,0.0,0.0,VCAM1_ITGA4_0_2,0.07019789632209333,0.14505494505494507,0.48394004282655245,6.153762709526787
VCAM1,ITGA4,6,0,2.3333333333333335,0.0,0.0,VCAM1_ITGA4_6_0,0.0696960696960697,1.4414414414414414,0.04835164835164835,6.1435581064198725
BMP4,BMPR1A,3,4,0.0,1.0954545454545455,0.0,BMP4_BMPR1A_3_4,0.06963536967252269,0.14096916299559473,0.4939759036144578,6.142318868657506
TNF,TNFRSF1B,10,3,0.0,0.5,0.0,TNF_TNFRSF1B_10_3,0.06954059156702329,0.14285714285714285,0.486784140969163,6.140381769421476
CXCL10,CXCR3,5,3,0.12359550561797752,0.0,0.0,CXCL10_CXCR3_5_3,0.06891126494650723,0.42857142857142855,0.16079295154185022,6.127453033650332
FASLG,FAS,3,3,0.0,2.0,0.0,FASLG_FAS_3_3,0.06858273981641407,0.16740088105726872,0.40969162995594716,6.1206575809985635
CD34,SELL,3,2,1.0,0.0,0.0,CD34_SELL_3_2,0.06837155335867709,0.33259911894273125,0.20556745182012848,6.116272284468209
ANGPT1,TEK,5,2,0.5205992509363296,0.0,0.0,ANGPT1_TEK_5_2,0.0672988681553992,0.2857142857142857,0.23554603854389722,6.093789765348222
CXCL10,CXCR3,6,3,0.3333333333333333,0.0,0.0,CXCL10_CXCR3_6_3,0.06663491685518116,0.4144144144144144,0.16079295154185022,6.0796963320541
CXCL12,CXCR4,0,6,0.782608695652174,0.0,0.0,CXCL12_CXCR4_0_6,0.06583506583506583,0.4175824175824176,0.15765765765765766,6.0625333238274575
C3,C3AR1,2,2,0.0,0.0,0.0,C3_C3AR1_2_2,0.06558790218672193,0.31905781584582443,0.20556745182012848,6.057188184486995
CCL5,CCR5,4,6,0.3,0.0,0.0,CCL5_CCR5_4_6,0.06536958645392381,1.319277108433735,0.04954954954954955,6.052450379774537
B2M,CD8A,0,6,0.3804347826086957,0.0,0.0,B2M_CD8A_0_6,0.06527076527076527,0.7626373626373626,0.08558558558558559,6.050300674117058
TNF,TNFRSF1A,2,3,0.0,1.0,0.0,TNF_TNFRSF1A_2_3,0.0652020111499967,0.057815845824411134,1.1277533039647578,6.048803140198621
C3,C3AR1,5,3,0.3146067415730337,0.0,0.0,C3_C3AR1_5_3,0.06513530522341095,0.14285714285714285,0.45594713656387664,6.047348730810992
SELE,CD44,3,5,0.0,0.599250936329588,0.0,SELE_CD44_3_5,0.06513530522341095,0.15198237885462554,0.42857142857142855,6.047348730810992
CXCL9,CXCR3,4,2,0.17272727272727273,0.0,0.0,CXCL9_CXCR3_4_2,0.06374964526199015,2.1265060240963853,0.029978586723768737,6.016800383745712
PDGFB,PDGFRB,10,2,0.041666666666666664,0.0,0.0,PDGFB_PDGFRB_10_2,0.06322014887325379,0.09523809523809523,0.6638115631691649,6.004954104367987
CCL5,CCR5,10,3,0.0625,0.0,0.0,CCL5_CCR5_10_3,0.06293266205160478,0.38095238095238093,0.16519823788546256,5.998481261444464
IL1B,IL1R1,2,4,0.0,1.8636363636363635,0.0,IL1B_IL1R1_2_4,0.06274347927040066,0.08137044967880086,0.7710843373493976,5.994205861871996
FGF2,FGFR1,6,4,0.0,1.5954545454545455,0.0,FGF2_FGFR1_6_4,0.06230326712254422,0.06306306306306306,0.9879518072289156,5.984208054886287
FGF2,FGFR1,3,2,0.0,1.0,0.0,FGF2_FGFR1_3_2,0.061315548679829066,0.22026431718061673,0.278372591006424,5.961520277470275
TNF,TNFRSF1A,10,5,0.0,0.9325842696629213,0.0,TNF_TNFRSF1A_10_5,0.06122448979591836,0.14285714285714285,0.42857142857142855,5.95941059089454
CD86,CD28,2,5,0.0,0.21348314606741572,0.0,CD86_CD28_2_5,0.06118078923218109,0.10706638115631692,0.5714285714285714,5.95839702314768
CCL5,CCR5,2,5,0.0,0.10486891385767791,0.0,CCL5_CCR5_2_5,0.06087488528602018,0.4261241970021413,0.14285714285714285,5.951282040260819
C3,C3AR1,2,10,0.0,0.0,0.0,C3_C3AR1_2_10,0.060772917303966556,0.31905781584582443,0.19047619047619047,5.948902560281313
CXCL10,CXCR3,2,4,0.0,0.1590909090909091,0.0,CXCL10_CXCR3_2_4,0.06067954903124274,0.7194860813704497,0.08433734939759036,5.946720311943679
CXCL13,CXCR5,5,3,0.1198501872659176,0.0,0.0,CXCL13_CXCR5_5_3,0.06041535556954059,0.42857142857142855,0.14096916299559473,5.94052750999923
VCAM1,ITGA4,3,0,0.5,0.0,0.0,VCAM1_ITGA4_3_0,0.059427796872730795,1.2290748898678414,0.04835164835164835,5.917140438898699
CCL5,CCR5,3,0,0.0,0.0,0.0,CCL5_CCR5_3_0,0.059427796872730795,2.458149779735683,0.024175824175824177,5.917140438898699
ICAM1,ITGAL,2,6,0.0,0.0,0.0,ICAM1_ITGAL_2_6,0.059031193934834185,0.32762312633832974,0.18018018018018017,5.907640456284381
C3,C3AR1,10,2,0.16666666666666666,0.0,0.0,C3_C3AR1_10_2,0.05873355766289385,0.2857142857142857,0.20556745182012848,5.900469744504947
ICAM1,ITGAL,6,6,0.0,0.0,0.0,ICAM1_ITGAL_6_6,0.0576251927603279,0.31981981981981983,0.18018018018018017,5.87344885612155
CCL2,CCR2,3,6,0.0,0.0,0.0,CCL2_CCR2_3_6,0.05714966067388975,0.6343612334801763,0.09009009009009009,5.8616988679181885
CD40LG,CD40,10,4,0.0,0.5636363636363636,0.0,CD40LG_CD40_10_4,0.0567986230636833,0.09523809523809523,0.5963855421686747,5.852963218705743
ANGPT1,TEK,5,3,0.5205992509363296,0.0,0.0,ANGPT1_TEK_5_3,0.0566393958464443,0.2857142857142857,0.19823788546255505,5.848983308715313
ICAM1,ITGAL,10,2,0.14583333333333334,0.0,0.0,ICAM1_ITGAL_10_2,0.05659223003976751,0.23809523809523808,0.23768736616702354,5.847802280873887
CD86,CD28,3,3,0.0,2.0,0.0,CD86_CD28_3_3,0.05641483436511479,0.3766519823788546,0.14977973568281938,5.843351631439577
CD80,CD28,3,4,0.0,0.25,0.0,CD80_CD28_3_4,0.056180669815827186,0.16079295154185022,0.3493975903614458,5.837455614721926
ANGPT1,TEK,10,2,0.16666666666666666,0.0,0.0,ANGPT1_TEK_10_2,0.05608239012949934,0.23809523809523808,0.23554603854389722,5.8349738388773424
CXCL13,CXCR5,3,5,0.0,0.10861423220973783,0.0,CXCL13_CXCR5_3_5,0.05601006922592825,0.3920704845814978,0.14285714285714285,5.83314484818859
PDGFB,PDGFRB,5,6,0.3707865168539326,0.0,0.0,PDGFB_PDGFRB_5_6,0.055984555984555984,0.14285714285714285,0.3918918918918919,5.832499066383503
TGFB1,TGFBR2,6,2,0.0,0.0,0.0,TGFB1_TGFBR2_6_2,0.055906013079460616,0.06306306306306306,0.8865096359743041,5.830509200522384
CXCL9,CXCR3,2,4,0.0,0.1590909090909091,0.0,CXCL9_CXCR3_2_4,0.05580351384123216,0.6616702355460385,0.08433734939759036,5.82790827188002
WNT5A,FZD5,3,4,0.0,0.6818181818181818,0.0,WNT5A_FZD5_3_4,0.05572952603365002,0.18502202643171806,0.30120481927710846,5.826027905454291
EGF,EGFR,2,3,1.0,0.0,0.0,EGF_EGFR_2_3,0.055617919233272646,0.28693790149892934,0.19383259911894274,5.823186824579631
EGF,EGFR,5,3,1.3857677902621723,0.0,0.0,EGF_EGFR_5_3,0.05538074260541221,0.2857142857142857,0.19383259911894274,5.817130575032127
CXCL13,CXCR5,3,3,0.0,0.0,0.0,CXCL13_CXCR5_3_3,0.05526984804673097,0.3920704845814978,0.14096916299559473,5.814290162378733
TGFB1,TGFBR2,10,0,0.0,0.42391304347826086,0.0,TGFB1_TGFBR2_10_0,0.054840397697540545,0.19047619047619047,0.2879120879120879,5.803237311403165
CCL2,CCR2,6,3,0.0,0.5,0.0,CCL2_CCR2_6_3,0.05456006667460413,0.17567567567567569,0.31057268722466963,5.795976425507298
C3,C3AR1,10,10,0.16666666666666666,0.0,0.0,C3_C3AR1_10_10,0.054421768707482984,0.2857142857142857,0.19047619047619047,5.792380848016274
CCL5,CCR5,6,4,0.0,0.14545454545454545,0.0,CCL5_CCR5_6_4,0.054298274177792254,0.3108108108108108,0.1746987951807229,5.789162550501175
EGF,EGFR,3,2,0.0,0.5,0.0,EGF_EGFR_3_2,0.05394824967691422,0.1894273127753304,0.284796573875803,5.780001621145509
CXCL9,CXCR3,10,3,0.0625,0.0,0.0,CXCL9_CXCR3_10_3,0.053597650513950074,0.3333333333333333,0.16079295154185022,5.770766964259532
IFNG,IFNGR1,3,6,0.0,0.6666666666666666,0.0,IFNG_IFNGR1_3_6,0.05294281065206175,0.1277533039647577,0.4144144144144144,5.753358789025768
CCL2,CCR2,6,4,0.0,0.23636363636363636,0.0,CCL2_CCR2_6_4,0.052914360143275815,0.17567567567567569,0.30120481927710846,5.7525976823031355
SELE,CD44,3,6,0.0,0.3333333333333333,0.0,SELE_CD44_3_6,0.05271460888200976,0.15198237885462554,0.34684684684684686,5.74724260945379
BMP4,BMPR1A,4,3,0.38181818181818183,0.0,0.0,BMP4_BMPR1A_4_3,0.05254498168887002,0.19879518072289157,0.2643171806167401,5.742679464786577
TNF,TNFRSF1A,3,2,0.5,0.0,0.0,TNF_TNFRSF1A_3_2,0.052033317925836486,0.06167400881057269,0.8436830835117773,5.728827105583827
FGF2,FGFR1,2,5,0.0,0.5767790262172284,0.0,FGF2_FGFR1_2_5,0.05139186295503212,0.11991434689507495,0.42857142857142855,5.711270857299018
CCL5,CCR5,6,3,0.0,0.0,0.0,CCL5_CCR5_6_3,0.051345398261697824,0.3108108108108108,0.16519823788546256,5.709990808799206
VCAM1,ITGA4,10,0,0.14583333333333334,0.0,0.0,VCAM1_ITGA4_10_0,0.05065410779696494,1.0476190476190477,0.04835164835164835,5.690811178975943
CXCL9,CXCR3,3,6,1.5,0.0,0.0,CXCL9_CXCR3_3_6,0.0504524348136683,1.2444933920704846,0.04054054054054054,5.685167444319341
VCAM1,ITGA4,2,0,0.5,0.0,0.0,VCAM1_ITGA4_2_0,0.05042238275642987,1.0428265524625269,0.04835164835164835,5.684324556697205
CCL2,CCR2,6,10,0.0,0.041666666666666664,0.0,CCL2_CCR2_6_10,0.05019305019305019,0.17567567567567569,0.2857142857142857,5.677876062679618
WNT7B,FZD1,3,4,0.0,0.8090909090909091,0.0,WNT7B_FZD1_3_4,0.05015657343028502,0.07709251101321586,0.6506024096385542,5.6768477277407285
CCL2,CCR2,4,6,1.3772727272727272,0.0,0.0,CCL2_CCR2_4_6,0.04992944751980896,0.5542168674698795,0.09009009009009009,5.670428161921453
CD40LG,CD40,4,6,0.25,0.0,0.0,CD40LG_CD40_4_6,0.04949527841094106,0.2289156626506024,0.21621621621621623,5.658076589057107
FASLG,FAS,3,6,0.0,0.3333333333333333,0.0,FASLG_FAS_3_6,0.049013771480731834,0.16740088105726872,0.2927927927927928,5.644253496001435
CXCL10,CXCR3,3,6,0.5,0.0,0.0,CXCL10_CXCR3_3_6,0.04884510060721514,1.2048458149779735,0.04054054054054054,5.639379800573138
TNF,TNFRSF1A,2,2,0.0,0.0,0.0,TNF_TNFRSF1A_2_2,0.0487782510809807,0.057815845824411134,0.8436830835117773,5.637443638160909
TGFB1,TGFBR1,10,2,0.0,1.5,0.0,TGFB1_TGFBR1_10_2,0.04853675945753033,0.19047619047619047,0.25481798715203424,5.63042758988538
CCL5,CCR5,4,2,0.3,0.0,0.0,CCL5_CCR5_4_2,0.04802507675240576,1.319277108433735,0.03640256959314775,5.615447983952996
HGF,MET,6,6,0.0,1.6666666666666667,0.0,HGF_MET_6_6,0.04800746692638584,0.11711711711711711,0.4099099099099099,5.614929674257262
CD40LG,CD40,4,3,0.25,0.0,0.0,CD40LG_CD40_4_3,0.047900854519399176,0.2289156626506024,0.2092511013215859,5.611787770701437
TNF,TNFRSF1B,10,10,0.0,0.10416666666666667,0.0,TNF_TNFRSF1B_10_10,0.047619047619047616,0.14285714285714285,0.3333333333333333,5.603449728099041
B2M,CD8A,0,2,0.3804347826086957,0.0,0.0,B2M_CD8A_0_2,0.047358637080264485,0.7626373626373626,0.06209850107066381,5.595701679729741
ANGPT1,TEK,10,3,0.16666666666666666,0.0,0.0,ANGPT1_TEK_10_3,0.04719949653870358,0.23809523809523808,0.19823788546255505,5.590946171946146
BMP7,BMPR2,2,10,0.0,0.4583333333333333,0.0,BMP7_BMPR2_2_10,0.04690527174467217,0.04925053533190578,0.9523809523809523,5.582112521233047
TNF,TNFRSF1A,2,10,0.0,0.22916666666666666,0.0,TNF_TNFRSF1A_2_10,0.046803303762618535,0.057815845824411134,0.8095238095238095,5.5790384234958585
ICAM1,ITGAL,2,10,0.0,0.0,0.0,ICAM1_ITGAL_2_10,0.04680330376261853,0.32762312633832974,0.14285714285714285,5.5790384234958585
VEGFA,KDR,3,3,0.5,0.0,0.0,VEGFA_KDR_3_3,0.04639620407925635,0.28854625550660795,0.16079295154185022,5.56669961444708
ANGPT1,TEK,3,2,2.0,0.0,0.0,ANGPT1_TEK_3_2,0.04617532473657897,0.1960352422907489,0.23554603854389722,5.559960543698554
IFNG,IFNGR1,3,3,0.0,1.0,0.0,IFNG_IFNGR1_3_3,0.04614877059519881,0.1277533039647577,0.36123348017621143,5.559148247986382
CXCL11,CXCR3,5,3,0.14606741573033707,0.0,0.0,CXCL11_CXCR3_5_3,0.04594084329767149,0.2857142857142857,0.16079295154185022,5.5527718551643
ICAM1,ITGAL,6,10,0.0,0.0,0.0,ICAM1_ITGAL_6_10,0.04568854568854569,0.31981981981981983,0.14285714285714285,5.544996745352232
C3,C3AR1,2,5,0.0,0.24344569288389514,0.0,C3_C3AR1_2_5,0.04557968797797492,0.31905781584582443,0.14285714285714285,5.541629070328457
TGFB1,TGFBR1,10,10,0.0,0.08333333333333333,0.0,TGFB1_TGFBR1_10_10,0.04535147392290249,0.19047619047619047,0.23809523809523808,5.534543310490117
TNF,TNFRSF1A,2,6,0.0,2.0,0.0,TNF_TNFRSF1A_2_6,0.044794258927021234,0.057815845824411134,0.7747747747747747,5.517094838697002
ANGPT1,TEK,6,2,0.3333333333333333,0.0,0.0,ANGPT1_TEK_6_2,0.044562764048845425,0.1891891891891892,0.23554603854389722,5.5097833651687695
CCL5,CCR5,6,5,0.0,0.10486891385767791,0.0,CCL5_CCR5_6_5,0.044401544401544396,0.3108108108108108,0.14285714285714285,5.504669468671234
HGF,MET,3,3,0.0,0.5,0.0,HGF_MET_3_3,0.04347066700304683,0.07048458149779736,0.6167400881057269,5.474782138316864
FGF2,FGFR1,2,3,0.0,0.5,0.0,FGF2_FGFR1_2_3,0.0433170768519654,0.11991434689507495,0.36123348017621143,5.469790819454663
ICAM1,ITGAL,10,6,0.14583333333333334,0.0,0.0,ICAM1_ITGAL_10_6,0.042900042900042894,0.23809523809523808,0.18018018018018017,5.456150444480545
IL1B,IL1R1,3,6,0.0,0.3333333333333333,0.0,IL1B_IL1R1_3_6,0.04286224550541732,0.1762114537444934,0.24324324324324326,5.454907766830564
FGF2,FGFR1,6,10,0.0,0.3333333333333333,0.0,FGF2_FGFR1_6_10,0.04204204204204204,0.06306306306306306,0.6666666666666666,5.4276746201341695
CXCL11,CXCR3,3,6,1.0,0.0,0.0,CXCL11_CXCR3_3_6,0.04187998571258483,1.0330396475770924,0.04054054054054054,5.422232519983737
EGF,EGFR,3,6,0.0,0.3333333333333333,0.0,EGF_EGFR_3_6,0.04181053299996031,0.1894273127753304,0.22072072072072071,5.41989389238465
PDGFA,PDGFRA,2,6,0.0,0.6666666666666666,0.0,PDGFA_PDGFRA_2_6,0.04177517989081159,0.15203426124197003,0.2747747747747748,5.418702016861807
IL1B,IL1R1,6,4,0.0,1.8636363636363635,0.0,IL1B_IL1R1_6_4,0.04168023445131879,0.05405405405405406,0.7710843373493976,5.415496196092482
IFNG,IFNGR1,6,4,0.0,1.9363636363636363,0.0,IFNG_IFNGR1_6_4,0.04146314989688484,0.036036036036036036,1.1506024096385543,5.408139488553224
TNF,TNFRSF1B,10,5,0.0,0.2808988764044944,0.0,TNF_TNFRSF1B_10_5,0.04081632653061224,0.14285714285714285,0.2857142857142857,5.3859944248960385
BMP4,BMPR1A,3,10,0.0,0.16666666666666666,0.0,BMP4_BMPR1A_3_10,0.040276903713027064,0.14096916299559473,0.2857142857142857,5.3672628494325085
CXCL11,CXCR3,2,4,0.0,0.1590909090909091,0.0,CXCL11_CXCR3_2_4,0.04009184489564252,0.4753747323340471,0.08433734939759036,5.360780199353609
BMP7,BMPR2,2,6,0.0,1.0,0.0,BMP7_BMPR2_2_6,0.03971101722707718,0.04925053533190578,0.8063063063063063,5.3473473647594165
ANGPT1,TEK,3,3,2.0,0.0,0.0,ANGPT1_TEK_3_3,0.03886161190785771,0.1960352422907489,0.19823788546255505,5.3169281453667265
HGF,MET,5,2,0.20224719101123595,0.0,0.0,HGF_MET_5_2,0.03884980116243499,0.14285714285714285,0.27194860813704497,5.316500620541387
BMP7,BMPR2,2,3,0.0,1.0,0.0,BMP7_BMPR2_2_3,0.03872784386231357,0.04925053533190578,0.7863436123348018,5.3120785914707405
CXCL9,CXCR3,6,4,0.0,0.1590909090909091,0.0,CXCL9_CXCR3_6_4,0.03836969499620102,0.45495495495495497,0.08433734939759036,5.299013630620975
FGF2,FGFR1,2,6,0.0,0.6666666666666666,0.0,FGF2_FGFR1_2_6,0.03835098481779424,0.11991434689507495,0.31981981981981983,5.298327836693035
ANGPT1,TEK,6,3,0.3333333333333333,0.0,0.0,ANGPT1_TEK_6_3,0.037504464817240145,0.1891891891891892,0.19823788546255505,5.266953839297997
CD86,CD28,2,4,0.0,0.25,0.0,CD86_CD28_2_4,0.037408735584737236,0.10706638115631692,0.3493975903614458,5.263362566029065
C3,C3AR1,2,6,0.0,0.0,0.0,C3_C3AR1_2_6,0.037367131585547005,0.31905781584582443,0.11711711711711711,5.261799004680945
PDGFB,PDGFRB,10,6,0.041666666666666664,0.0,0.0,PDGFB_PDGFRB_10_6,0.03732303732303732,0.09523809523809523,0.3918918918918919,5.260140002444551
CXCL9,CXCR3,3,2,1.5,0.0,0.0,CXCL9_CXCR3_3_2,0.03730815308134215,1.2444933920704846,0.029978586723768737,5.2595795668872345
BMP4,BMPR1A,3,3,0.0,0.0,0.0,BMP4_BMPR1A_3_3,0.037260571716897284,0.14096916299559473,0.2643171806167401,5.257786526516239
C3,C3AR1,0,3,0.14130434782608695,0.0,0.0,C3_C3AR1_0_3,0.037077019896403156,0.08131868131868132,0.45594713656387664,5.250848665210689
C3,C3AR1,6,2,0.3333333333333333,0.0,0.0,C3_C3AR1_6_2,0.03703918050813126,0.18018018018018017,0.20556745182012848,5.249414260917855
IL18,IL18R1,4,2,1.7727272727272727,0.0,0.0,IL18_IL18R1_4_2,0.03678955651298986,0.7469879518072289,0.04925053533190578,5.239915682544127
HGF,MET,2,4,0.0,1.55,0.0,HGF_MET_2_4,0.03676375738500039,0.032119914346895075,1.144578313253012,5.238930410726492
EGF,EGFR,3,3,0.0,0.0,0.0,EGF_EGFR_3_3,0.036717188379359195,0.1894273127753304,0.19383259911894274,5.237150229480964
TGFB1,TGFBR1,2,6,0.0,0.3333333333333333,0.0,TGFB1_TGFBR1_2_6,0.03665335571117156,0.08137044967880086,0.45045045045045046,5.2347065401864175
CD40LG,CD40,3,5,0.0,0.1647940074906367,0.0,CD40LG_CD40_3_5,0.03650094398993077,0.1277533039647577,0.2857142857142857,5.228855007094563
FASLG,FAS,3,2,0.0,0.0,0.0,FASLG_FAS_3_2,0.036204473205105225,0.16740088105726872,0.21627408993576017,5.217404186189663
CXCL10,CXCR3,3,2,0.5,0.0,0.0,CXCL10_CXCR3_3_2,0.036119574753087004,1.2048458149779735,0.029978586723768737,5.214108277736288
EGF,EGFR,3,10,0.0,0.08333333333333333,0.0,EGF_EGFR_3_10,0.03608139290958674,0.1894273127753304,0.19047619047619047,5.212623532648268
FASLG,FAS,2,4,0.0,0.8818181818181818,0.0,FASLG_FAS_2_4,0.036028482237300374,0.044967880085653104,0.8012048192771084,5.210563510894458
WNT5A,FZD5,3,6,0.0,1.3333333333333333,0.0,WNT5A_FZD5_3_6,0.0358375997142517,0.18502202643171806,0.19369369369369369,5.20310715541646
BMP4,BMPR1A,10,2,0.14583333333333334,0.0,0.0,BMP4_BMPR1A_10_2,0.03579076170082594,0.42857142857142855,0.0835117773019272,5.201271640473285
PDGFB,PDGFRB,3,0,0.0,0.16304347826086957,0.0,PDGFB_PDGFRB_3_0,0.03551338529312098,0.28854625550660795,0.12307692307692308,5.19035352753817
PDGFA,PDGFRA,3,6,0.0,0.6666666666666666,0.0,PDGFA_PDGFRA_3_6,0.03510338532364964,0.1277533039647577,0.2747747747747748,5.174062216228458
IL1B,IL1R1,3,3,0.0,0.5,0.0,IL1B_IL1R1_3_3,0.0349317859845912,0.1762114537444934,0.19823788546255505,5.167188740972672
BMP4,BMPR1A,3,6,0.0,0.6666666666666666,0.0,BMP4_BMPR1A_3_6,0.03492479263404374,0.14096916299559473,0.24774774774774774,5.166907924034827
TGFB1,TGFBR2,2,5,0.0,2.2771535580524342,0.0,TGFB1_TGFBR2_2_5,0.03487304986234322,0.08137044967880086,0.42857142857142855,5.164828500741253
TNF,TNFRSF1B,2,4,0.0,0.43636363636363634,0.0,TNF_TNFRSF1B_2_4,0.034828822785789845,0.057815845824411134,0.6024096385542169,5.163048737124151
TGFB1,TGFBR1,2,3,0.0,1.5,0.0,TGFB1_TGFBR1_2_3,0.034770632682130764,0.08137044967880086,0.42731277533039647,5.160703730673683
PDGFA,PDGFRA,6,6,0.0,0.6666666666666666,0.0,PDGFA_PDGFRA_6_6,0.034656277899521144,0.12612612612612611,0.2747747747747748,5.156084205136641
VCAM1,ITGA4,5,0,1.1760299625468165,0.0,0.0,VCAM1_ITGA4_5_0,0.03453689167974883,0.7142857142857143,0.04835164835164835,5.151245592958405
C3,C3AR1,6,10,0.3333333333333333,0.0,0.0,C3_C3AR1_6_10,0.03432003432003432,0.18018018018018017,0.19047619047619047,5.142414839723098
CXCL10,CXCR3,2,10,0.0,0.020833333333333332,0.0,CXCL10_CXCR3_2_10,0.03426124197002141,0.7194860813704497,0.047619047619047616,5.140011384986052
TNF,TNFRSF1A,6,2,0.3333333333333333,0.0,0.0,TNF_TNFRSF1A_6_2,0.03420336825047746,0.04054054054054054,0.8436830835117773,5.137641567096007
ICAM1,ITGAL,10,10,0.14583333333333334,0.0,0.0,ICAM1_ITGAL_10_10,0.03401360544217687,0.23809523809523808,0.14285714285714285,5.12984372237017
VEGFA,KDR,3,2,0.5,0.0,0.0,VEGFA_KDR_3_2,0.033982963710628346,0.28854625550660795,0.11777301927194861,5.1285806125489835
ICAM1,ITGAL,5,2,0.3146067415730337,0.0,0.0,ICAM1_ITGAL_5_2,0.033955338023860505,0.14285714285714285,0.23768736616702354,5.1274408810317595
C5,C5AR1,4,3,0.42727272727272725,0.0,0.0,C5_C5AR1_4_3,0.03371636325035826,0.19879518072289157,0.1696035242290749,5.117543919528154
VCAM1,ITGA4,10,10,0.14583333333333334,0.0625,0.009114583333333334,VCAM1_ITGA4_10_10,0.3492063492063492,1.0476190476190477,0.3333333333333333,5.113696445003152
HGF,MET,6,5,0.0,0.6891385767790262,0.0,HGF_MET_6_5,0.03346203346203346,0.11711711711711711,0.2857142857142857,5.106935926428113
C3,C3AR1,10,6,0.16666666666666666,0.0,0.0,C3_C3AR1_10_6,0.03346203346203346,0.2857142857142857,0.11711711711711711,5.106935926428113
IFNG,IFNGR1,10,2,0.020833333333333332,0.0,0.0,IFNG_IFNGR1_10_2,0.03344549811359233,0.19047619047619047,0.17558886509635974,5.1062435357675335
FGF2,FGFR1,2,2,0.0,1.0,0.0,FGF2_FGFR1_2_2,0.033380867444025145,0.11991434689507495,0.278372591006424,5.103534039976919
ANGPT1,TEK,2,10,0.0,0.22916666666666666,0.0,ANGPT1_TEK_2_10,0.032833690221270515,0.09850107066381156,0.3333333333333333,5.080388634525347
IL18,IL18R1,3,4,0.0,0.32727272727272727,0.0,IL18_IL18R1_3_4,0.032402738708136515,0.2444933920704846,0.13253012048192772,5.061894489762299
CCL5,CCR5,4,0,0.3,0.0,0.0,CCL5_CCR5_4_0,0.0318946114126837,1.319277108433735,0.024175824175824177,5.03977936502068
HGF,MET,6,2,0.0,0.0,0.0,HGF_MET_6_2,0.031849836989023286,0.11711711711711711,0.27194860813704497,5.037814306357
SELE,CD44,2,2,0.0,0.0,0.0,SELE_CD44_2_2,0.03177601804767778,0.06423982869379015,0.49464668094218417,5.034568687219241
CXCL9,CXCR3,2,10,0.0,0.020833333333333332,0.0,CXCL9_CXCR3_2_10,0.03150810645457326,0.6616702355460385,0.047619047619047616,5.022727618674565
FASLG,FAS,4,2,0.15454545454545454,0.0,0.0,FASLG_FAS_4_2,0.03126854312324243,0.14457831325301204,0.21627408993576017,5.012056538645907
VEGFA,KDR,2,0,0.0,0.05434782608695652,0.0,VEGFA_KDR_2_0,0.031098665788173285,0.8843683083511777,0.035164835164835165,5.004441426478253
WNT5A,FZD5,3,3,0.0,0.0,0.0,WNT5A_FZD5_3_3,0.030972850239670863,0.18502202643171806,0.16740088105726872,4.998775454687637
CXCL11,CXCR3,3,2,1.0,0.0,0.0,CXCL11_CXCR3_3_2,0.03096906866398136,1.0330396475770924,0.029978586723768737,4.998604810434418
SELE,CD44,2,10,0.0,0.22916666666666666,0.0,SELE_CD44_2_10,0.030590394616090547,0.06423982869379015,0.47619047619047616,4.981414053723369
PDGFB,PDGFRB,2,0,0.0,0.16304347826086957,0.0,PDGFB_PDGFRB_2_0,0.03057156975786526,0.24839400428265523,0.12307692307692308,4.980554089006299
CXCL11,CXCR3,4,6,0.1590909090909091,0.0,0.0,CXCL11_CXCR3_4_6,0.030527515467274505,0.7530120481927711,0.04054054054054054,4.978539577491105
CD80,CTLA4,3,3,0.0,0.5,0.0,CD80_CTLA4_3_3,0.030458576723786605,0.16079295154185022,0.1894273127753304,4.97538149545711
CD40LG,CD40,3,10,0.0,0.041666666666666664,0.0,CD40LG_CD40_3_10,0.03041745332494231,0.1277533039647577,0.23809523809523808,4.973494336487602
CCL2,CCR2,3,2,0.0,0.5,0.0,CCL2_CCR2_3_2,0.029884255110415158,0.6343612334801763,0.047109207708779445,4.948799629999293
C3,C3AR1,5,2,0.3146067415730337,0.0,0.0,C3_C3AR1_5_2,0.029366778831446925,0.14285714285714285,0.20556745182012848,4.924421977038978
CXCL10,CXCR3,2,6,0.0,0.0,0.0,CXCL10_CXCR3_2_6,0.029168354650153366,0.7194860813704497,0.04054054054054054,4.914964110470629
HGF,MET,3,6,0.0,1.6666666666666667,0.0,HGF_MET_3_6,0.028892328451799818,0.07048458149779736,0.4099099099099099,4.901703374473713
IL1B,IL1R1,4,2,0.18181818181818182,0.0,0.0,IL1B_IL1R1_4_2,0.028675730760300305,0.23493975903614459,0.12205567451820129,4.89121165133519
TGFB1,TGFBR1,6,6,0.0,0.3333333333333333,0.0,TGFB1_TGFBR1_6_6,0.028406785163541916,0.06306306306306306,0.45045045045045046,4.878077168057338
CCL5,CCR5,5,6,0.1647940074906367,0.0,0.0,CCL5_CCR5_5_6,0.028314028314028312,0.5714285714285714,0.04954954954954955,4.873519330718926
VEGFA,KDR,0,3,0.2608695652173913,0.0,0.0,VEGFA_KDR_0_3,0.028271288183182457,0.17582417582417584,0.16079295154185022,4.871414332762302
TNF,TNFRSF1B,2,3,0.0,0.5,0.0,TNF_TNFRSF1B_2_3,0.028143836844041543,0.057815845824411134,0.486784140969163,4.865118918462831
BMP7,BMPR2,2,5,0.0,1.0786516853932584,0.0,BMP7_BMPR2_2_5,0.0281431630468033,0.04925053533190578,0.5714285714285714,4.86508556337727
CD40LG,CD40,2,4,0.0,0.5636363636363636,0.0,CD40LG_CD40_2_4,0.02809525038053714,0.047109207708779445,0.5963855421686747,4.862711756209628
PDGFA,PDGFRA,4,2,0.5,0.0,0.0,PDGFA_PDGFRA_4_2,0.02786305822863187,0.3253012048192771,0.08565310492505353,4.851152265732689
CD40LG,CD40,3,6,0.0,0.0,0.0,CD40LG_CD40_3_6,0.027622335992380044,0.1277533039647577,0.21621621621621623,4.839069516326272
SELE,CD44,2,5,0.0,0.599250936329588,0.0,SELE_CD44_2_5,0.02753135515448149,0.06423982869379015,0.42857142857142855,4.834476367156425
BMP7,BMPR2,2,2,0.0,1.0,0.0,BMP7_BMPR2_2_2,0.02741999825759208,0.04925053533190578,0.556745182012848,4.828834561017551
C3,C3AR1,5,10,0.3146067415730337,0.0,0.0,C3_C3AR1_5_10,0.027210884353741492,0.14285714285714285,0.19047619047619047,4.8181799870695965
CD40LG,CD40,10,5,0.0,0.1647940074906367,0.0,CD40LG_CD40_10_5,0.027210884353741492,0.09523809523809523,0.2857142857142857,4.8181799870695965
TGFB1,TGFBR1,10,5,0.0,0.4344569288389513,0.0,TGFB1_TGFBR1_10_5,0.027210884353741492,0.19047619047619047,0.14285714285714285,4.8181799870695965
CD86,CD28,10,5,0.0,0.21348314606741572,0.0,CD86_CD28_10_5,0.027210884353741492,0.047619047619047616,0.5714285714285714,4.8181799870695965
ANGPT1,TEK,2,6,0.0,0.6666666666666666,0.0,ANGPT1_TEK_2_6,0.027065609506722998,0.09850107066381156,0.2747747747747748,4.810731485837964
EGF,EGFR,3,5,0.0,0.39325842696629215,0.0,EGF_EGFR_3_5,0.027061044682190054,0.1894273127753304,0.14285714285714285,4.810496814813087
FGF2,FGFR1,6,5,0.0,0.5767790262172284,0.0,FGF2_FGFR1_6_5,0.02702702702702702,0.06306306306306306,0.42857142857142855,4.808746813184276
TGFB1,TGFBR2,6,5,0.0,2.2771535580524342,0.0,TGFB1_TGFBR2_6_5,0.02702702702702702,0.06306306306306306,0.42857142857142855,4.808746813184276
TGFB1,TGFBR1,6,3,0.0,1.5,0.0,TGFB1_TGFBR1_6_3,0.02694765249831329,0.06306306306306306,0.42731277533039647,4.8046552018816095
CXCL9,CXCR3,2,6,0.0,0.0,0.0,CXCL9_CXCR3_2_6,0.026824469008623186,0.6616702355460385,0.04054054054054054,4.798282250884584
CD40LG,CD40,3,3,0.0,0.0,0.0,CD40LG_CD40_3_3,0.026732519552096875,0.1277533039647577,0.2092511013215859,4.793506788804947
BMP4,BMPR1A,2,3,0.5,0.0,0.0,BMP4_BMPR1A_2_3,0.02660151496571046,0.1006423982869379,0.2643171806167401,4.786675549337727
WNT5A,FZD5,3,5,0.0,0.2397003745318352,0.0,WNT5A_FZD5_3_5,0.026431718061674006,0.18502202643171806,0.14285714285714285,4.7777730765863575
C5,C5AR1,4,2,0.42727272727272725,0.0,0.0,C5_C5AR1_4_2,0.02639250793323186,0.19879518072289157,0.13276231263383298,4.775709453562974
ICAM1,ITGAL,5,6,0.3146067415730337,0.0,0.0,ICAM1_ITGAL_5_6,0.02574002574002574,0.14285714285714285,0.18018018018018017,4.740928949061695
FASLG,FAS,6,4,0.0,0.8818181818181818,0.0,FASLG_FAS_6_4,0.025263215022251165,0.03153153153153153,0.8012048192771084,4.714971630034652
WNT5A,FZD5,4,3,0.45454545454545453,0.0,0.0,WNT5A_FZD5_4_3,0.025210976062841676,0.15060240963855423,0.16740088105726872,4.7120991736510565
IL1B,IL1R1,3,10,0.0,0.10416666666666667,0.0,IL1B_IL1R1_3_10,0.025173064820641914,0.1762114537444934,0.14285714285714285,4.710010966260327
IL1B,IL1R1,3,5,0.0,0.5880149812734082,0.0,IL1B_IL1R1_3_5,0.025173064820641914,0.1762114537444934,0.14285714285714285,4.710010966260327
C5,C5AR1,3,3,0.5,0.0,0.0,C5_C5AR1_3_3,0.02502959498534806,0.14757709251101322,0.1696035242290749,4.70208095879321
B2M,CD8A,10,10,0.8958333333333334,0.020833333333333332,0.018663194444444444,B2M_CD8A_10_10,0.5079365079365079,5.333333333333333,0.09523809523809523,4.693916061716812
PDGFB,PDGFRB,0,2,0.03260869565217391,0.0,0.0,PDGFB_PDGFRB_0_2,0.02480175071181495,0.03736263736263736,0.6638115631691649,4.689397054239868
TNF,TNFRSF1A,2,5,0.0,0.9325842696629213,0.0,TNF_TNFRSF1A_2_5,0.02477821963903334,0.057815845824411134,0.42857142857142855,4.6880807229534
CD34,SELL,10,10,0.25,0.020833333333333332,0.005208333333333333,CD34_SELL_10_10,0.15873015873015872,0.6666666666666666,0.23809523809523808,4.6852869044649115
IFNG,IFNGR1,2,4,0.0,1.9363636363636363,0.0,IFNG_IFNGR1_2_4,0.02463816722994763,0.021413276231263382,1.1506024096385543,4.680221228030738
PDGFA,PDGFRA,10,2,0.0625,0.0,0.0,PDGFA_PDGFRA_10_2,0.024472315692872434,0.2857142857142857,0.08565310492505353,4.670858216131215
C5,C5AR1,5,3,0.2397003745318352,0.0,0.0,C5_C5AR1_5_3,0.024229074889867842,0.14285714285714285,0.1696035242290749,4.657015400834179
C5,C5AR1,10,3,0.041666666666666664,0.0,0.0,C5_C5AR1_10_3,0.024229074889867842,0.14285714285714285,0.1696035242290749,4.657015400834179
CD40LG,CD40,6,4,0.0,0.5636363636363636,0.0,CD40LG_CD40_6_4,0.024177792250081407,0.04054054054054054,0.5963855421686747,4.654079878758414
CD80,CD28,3,3,0.0,2.0,0.0,CD80_CD28_3_3,0.02408352578159871,0.16079295154185022,0.14977973568281938,4.648668244866174
FASLG,FAS,3,5,0.0,0.40823970037453183,0.0,FASLG_FAS_3_5,0.023914411579609815,0.16740088105726872,0.14285714285714285,4.638908596213506
BMP4,BMPR1A,5,2,0.23220973782771537,0.0,0.0,BMP4_BMPR1A_5_2,0.02386050780055063,0.2857142857142857,0.0835117773019272,4.635783860057086
CXCL13,CXCR5,3,4,0.0,0.22272727272727272,0.0,CXCL13_CXCR5_3_4,0.023618703890451676,0.3920704845814978,0.060240963855421686,4.621682904636648
SELE,CD44,10,2,0.041666666666666664,0.0,0.0,SELE_CD44_10_2,0.023554603854389723,0.047619047619047616,0.49464668094218417,4.6179216422457685
IL6,IL6R,6,4,0.0,0.7636363636363637,0.0,IL6_IL6R_6_4,0.02344513187886682,0.04054054054054054,0.5783132530120482,4.611475283439546
TGFB1,TGFBR2,2,0,0.0,0.42391304347826086,0.0,TGFB1_TGFBR2_2_0,0.023427536061369037,0.08137044967880086,0.2879120879120879,4.610436445135391
ANGPT1,TEK,2,2,0.0,0.0,0.0,ANGPT1_TEK_2_2,0.0232015369871933,0.09850107066381156,0.23554603854389722,4.597026767733882
CXCL10,CXCR3,10,6,0.020833333333333332,0.0,0.0,CXCL10_CXCR3_10_6,0.023166023166023165,0.5714285714285714,0.04054054054054054,4.594908173257325
CD86,CD28,6,5,0.0,0.21348314606741572,0.0,CD86_CD28_6_5,0.023166023166023165,0.04054054054054054,0.5714285714285714,4.594908173257325
WNT7B,FZD1,3,2,0.0,0.5,0.0,WNT7B_FZD1_3_2,0.02311124527162788,0.07709251101321586,0.29978586723768735,4.591634258511677
CD80,CTLA4,3,5,0.0,0.0749063670411985,0.0,CD80_CTLA4_3_5,0.022970421648835743,0.16079295154185022,0.14285714285714285,4.583183381652217
CXCL9,CXCR3,5,3,0.10861423220973783,0.0,0.0,CXCL9_CXCR3_5_3,0.022970421648835743,0.14285714285714285,0.16079295154185022,4.583183381652217
VEGFA,KDR,10,3,0.22916666666666666,0.0,0.0,VEGFA_KDR_10_3,0.022970421648835743,0.14285714285714285,0.16079295154185022,4.583183381652217
IL15,IL15RA,4,3,0.30454545454545456,0.0,0.0,IL15_IL15RA_4_3,0.022928719282416007,0.2891566265060241,0.07929515418502203,4.580671277624518
FGF2,FGFR1,6,3,0.0,0.5,0.0,FGF2_FGFR1_6_3,0.02278048974084216,0.06306306306306306,0.36123348017621143,4.57170652146836
WNT7B,FZD1,3,3,0.0,0.5,0.0,WNT7B_FZD1_3_3,0.022754177259407326,0.07709251101321586,0.29515418502202645,4.570109333868139
CD40LG,CD40,10,10,0.0,0.041666666666666664,0.0,CD40LG_CD40_10_10,0.022675736961451243,0.09523809523809523,0.23809523809523808,4.565337428462055
CXCL11,CXCR3,2,10,0.0,0.020833333333333332,0.0,CXCL11_CXCR3_2_10,0.022636892015907004,0.4753747323340471,0.047619047619047616,4.5629684447845955
CXCL11,CXCR3,4,2,0.1590909090909091,0.0,0.0,CXCL11_CXCR3_4_2,0.02257423699078971,0.7530120481927711,0.029978586723768737,4.559139171941802
TNF,TNFRSF1B,10,6,0.0,0.6666666666666666,0.0,TNF_TNFRSF1B_10_6,0.02252252252252252,0.14285714285714285,0.15765765765765766,4.5559708759627355
IFNG,IFNGR1,3,2,0.0,0.0,0.0,IFNG_IFNGR1_3_2,0.02243205765548208,0.1277533039647577,0.17558886509635974,4.550411743028468
SELE,CD44,2,6,0.0,0.3333333333333333,0.0,SELE_CD44_2_6,0.02228138202442271,0.06423982869379015,0.34684684684684686,4.541104796630162
IL18,IL18R1,3,3,0.0,0.5,0.0,IL18_IL18R1_3_3,0.022079799724427022,0.2444933920704846,0.09030837004405286,4.528558799900672
CD86,CD28,3,6,0.0,0.0,0.0,CD86_CD28_3_6,0.022056197166329325,0.3766519823788546,0.05855855855855856,4.52708267285085
PDGFA,PDGFRA,2,5,0.0,0.4794007490636704,0.0,PDGFA_PDGFRA_2_5,0.021719180177424288,0.15203426124197003,0.14285714285714285,4.505838870957774
CXCL9,CXCR3,6,10,0.0,0.020833333333333332,0.0,CXCL9_CXCR3_6_10,0.021664521664521662,0.45495495495495497,0.047619047619047616,4.50236380830607
CXCL10,CXCR3,2,2,0.0,0.0,0.0,CXCL10_CXCR3_2_2,0.021569175886908556,0.7194860813704497,0.029978586723768737,4.4962818343928745
CD40LG,CD40,4,2,0.25,0.0,0.0,CD40LG_CD40_4_2,0.021568070999200228,0.2289156626506024,0.09421841541755889,4.496211204652346
IL1B,IL1R1,3,2,0.0,0.0,0.0,IL1B_IL1R1_3_2,0.021507607844616968,0.1762114537444934,0.12205567451820129,4.4923408271970064
TNF,TNFRSF1B,5,2,0.14606741573033707,0.0,0.0,TNF_TNFRSF1B_5_2,0.021413276231263382,0.14285714285714285,0.14989293361884368,4.486281643205869
TNF,TNFRSF1B,10,2,0.0,0.0,0.0,TNF_TNFRSF1B_10_2,0.021413276231263382,0.14285714285714285,0.14989293361884368,4.486281643205869
CXCL9,CXCR3,4,10,0.17272727272727273,0.020833333333333332,0.0035984848484848482,CXCL9_CXCR3_4_10,0.1012621916236374,2.1265060240963853,0.047619047619047616,4.47497045334485
IFNG,IFNGR1,4,2,0.22727272727272727,0.0,0.0,IFNG_IFNGR1_4_2,0.021155284951368643,0.12048192771084337,0.17558886509635974,4.469578977129084
CCL5,CCR5,2,6,0.0,0.0,0.0,CCL5_CCR5_2_6,0.021114262013619614,0.4261241970021413,0.04954954954954955,4.466905193011057
CCL19,CCR7,5,2,0.37453183520599254,0.0,0.0,CCL19_CCR7_5_2,0.021107372285102476,0.42857142857142855,0.04925053533190578,4.46645564937013
IL18,IL18R1,5,2,0.1947565543071161,0.0,0.0,IL18_IL18R1_5_2,0.021107372285102476,0.42857142857142855,0.04925053533190578,4.46645564937013
C3,C3AR1,6,6,0.3333333333333333,0.0,0.0,C3_C3AR1_6_6,0.021102183264345424,0.18018018018018017,0.11711711711711711,4.466116981656573
CCL5,CCR5,5,2,0.1647940074906367,0.0,0.0,CCL5_CCR5_5_2,0.02080146833894157,0.5714285714285714,0.03640256959314775,4.446353399337789
TGFB1,TGFBR1,2,2,0.0,1.5,0.0,TGFB1_TGFBR1_2_2,0.020734654200807928,0.08137044967880086,0.25481798715203424,4.441925237351847
VEGFA,KDR,0,2,0.2608695652173913,0.0,0.0,VEGFA_KDR_0_2,0.020707344047815143,0.17582417582417584,0.11777301927194861,4.440111314002669
CD40LG,CD40,10,6,0.0,0.0,0.0,CD40LG_CD40_10_6,0.02059202059202059,0.09523809523809523,0.21621621621621623,4.432426352684342
ICAM1,ITGAL,5,10,0.3146067415730337,0.0,0.0,ICAM1_ITGAL_5_10,0.02040816326530612,0.14285714285714285,0.14285714285714285,4.42008911846206
CD274,PDCD1,6,3,0.3333333333333333,0.0,0.0,CD274_PDCD1_6_3,0.020359566615073224,0.05405405405405406,0.3766519823788546,4.41681046997333
CCL5,CCR5,2,10,0.0,0.041666666666666664,0.0,CCL5_CCR5_2_10,0.020291628428673394,0.4261241970021413,0.047619047619047616,4.4122143892585255
FGF2,FGFR1,6,6,0.0,0.6666666666666666,0.0,FGF2_FGFR1_6_6,0.020168817466114763,0.06306306306306306,0.31981981981981983,4.403868774557741
CD274,PDCD1,2,3,0.0,0.0,0.0,CD274_PDCD1_2_3,0.020163382354328407,0.05353319057815846,0.3766519823788546,4.403498313825854
HGF,MET,3,5,0.0,0.6891385767790262,0.0,HGF_MET_3_5,0.020138451856513532,0.07048458149779736,0.2857142857142857,4.401797814998814
CD40LG,CD40,10,3,0.0,0.0,0.0,CD40LG_CD40_10_3,0.01992867631634151,0.09523809523809523,0.2092511013215859,4.387409162704616
TNF,TNFRSF1B,4,2,0.2318181818181818,0.0,0.0,TNF_TNFRSF1B_4_2,0.019865328551894948,0.13253012048192772,0.14989293361884368,4.383035732788341
CXCL9,CXCR3,2,2,0.0,0.0,0.0,CXCL9_CXCR3_2_2,0.019835938538853404,0.6616702355460385,0.029978586723768737,4.381002181481868
HGF,MET,2,3,0.0,0.5,0.0,HGF_MET_2_3,0.01980963880425247,0.032119914346895075,0.6167400881057269,4.37918001912274
IL1B,IL1R1,2,6,0.0,0.3333333333333333,0.0,IL1B_IL1R1_2_6,0.019792812084032642,0.08137044967880086,0.24324324324324326,4.378012980805476
C5,C5AR1,3,2,0.5,0.0,0.0,C5_C5AR1_3_2,0.01959267609353923,0.14757709251101322,0.13276231263383298,4.364059420535307
CXCL11,CXCR3,6,3,0.0,0.0,0.0,CXCL11_CXCR3_6_3,0.01955589951184665,0.12162162162162163,0.16079295154185022,4.361480599500781
ANGPT1,TEK,2,3,0.0,0.0,0.0,ANGPT1_TEK_2_3,0.019526643964191716,0.09850107066381156,0.19823788546255505,4.359425865928631
TGFB1,TGFBR2,0,2,0.010869565217391304,0.0,0.0,TGFB1_TGFBR2_0_2,0.01948372826317152,0.02197802197802198,0.8865096359743041,4.356406420443221
WNT7B,FZD1,3,6,0.0,0.0,0.0,WNT7B_FZD1_3_6,0.01944675953486526,0.07709251101321586,0.25225225225225223,4.353800313437521
CD34,SELL,0,2,0.08695652173913043,0.0,0.0,CD34_SELL_0_2,0.01942725368849566,0.0945054945054945,0.20556745182012848,4.352423351023371
TGFB1,TGFBR1,2,10,0.0,0.08333333333333333,0.0,TGFB1_TGFBR1_2_10,0.01937391659019068,0.08137044967880086,0.23809523809523808,4.348651439064623
CCL19,CCR7,5,6,0.37453183520599254,0.0,0.0,CCL19_CCR7_5_6,0.019305019305019305,0.42857142857142855,0.04504504504504504,4.34376449379414
TNF,TNFRSF1B,2,10,0.0,0.10416666666666667,0.0,TNF_TNFRSF1B_2_10,0.019271948608137045,0.057815845824411134,0.3333333333333333,4.341412867075417
CXCL11,CXCR3,2,6,0.0,0.0,0.0,CXCL11_CXCR3_2_6,0.019271948608137045,0.4753747323340471,0.04054054054054054,4.341412867075417
HGF,MET,3,2,0.0,0.0,0.0,HGF_MET_3_2,0.019168183833448104,0.07048458149779736,0.27194860813704497,4.334009268454049
BMP4,BMPR1A,6,3,0.3333333333333333,0.0,0.0,BMP4_BMPR1A_6_3,0.019049886891296584,0.07207207207207207,0.2643171806167401,4.32552219282313
CCL21,CCR7,4,2,0.4818181818181818,0.0,0.0,CCL21_CCR7_4_2,0.01898815820025283,0.3855421686746988,0.04925053533190578,4.321073636615777
C5,C5AR1,5,2,0.2397003745318352,0.0,0.0,C5_C5AR1_5_2,0.01896604466197614,0.14285714285714285,0.13276231263383298,4.319476653420995
C5,C5AR1,10,2,0.041666666666666664,0.0,0.0,C5_C5AR1_10_2,0.01896604466197614,0.14285714285714285,0.13276231263383298,4.319476653420995
CCL5,CCR5,10,6,0.0625,0.0,0.0,CCL5_CCR5_10_6,0.018876018876018877,0.38095238095238093,0.04954954954954955,4.312956911999006
CXCL10,CXCR3,10,10,0.020833333333333332,0.020833333333333332,0.00043402777777777775,CXCL10_CXCR3_10_10,0.027210884353741492,0.5714285714285714,0.047619047619047616,4.298107017092464
CXCL13,CXCR5,3,10,0.0,0.10416666666666667,0.0,CXCL13_CXCR5_3_10,0.01867002307530942,0.3920704845814978,0.047619047619047616,4.297926744960081
CXCL9,CXCR3,6,6,0.0,0.0,0.0,CXCL9_CXCR3_6_6,0.01844411979547115,0.45495495495495497,0.04054054054054054,4.281262022616504
FASLG,FAS,2,3,0.0,2.0,0.0,FASLG_FAS_2_3,0.018422964087954796,0.044967880085653104,0.40969162995594716,4.2796914783777815
CD80,CTLA4,3,4,0.0,0.03636363636363636,0.0,CD80_CTLA4_3_4,0.01840401252587442,0.16079295154185022,0.1144578313253012,4.278283110836126
C5,C5AR1,6,3,0.3333333333333333,0.0,0.0,C5_C5AR1_6_3,0.018335516132872962,0.10810810810810811,0.1696035242290749,4.273181370422532
PDGFA,PDGFRA,3,5,0.0,0.4794007490636704,0.0,PDGFA_PDGFRA_3_5,0.018250471994965385,0.1277533039647577,0.14285714285714285,4.26682191401687
WNT7B,FZD1,4,6,0.19545454545454546,0.0,0.0,WNT7B_FZD1_4_6,0.018235102572451967,0.07228915662650602,0.25225225225225223,4.265669617808775
WNT5A,FZD5,3,2,0.0,0.0,0.0,WNT5A_FZD5_3_2,0.01822486769991227,0.18502202643171806,0.09850107066381156,4.264901764890473
TGFB1,TGFBR2,6,0,0.0,0.42391304347826086,0.0,TGFB1_TGFBR2_6_0,0.018156618156618152,0.06306306306306306,0.2879120879120879,4.259770990026754
PDGFA,PDGFRA,6,5,0.0,0.4794007490636704,0.0,PDGFA_PDGFRA_6_5,0.018018018018018014,0.12612612612612611,0.14285714285714285,4.24929499699705
CD80,CD28,6,5,0.0,0.21348314606741572,0.0,CD80_CD28_6_5,0.018018018018018014,0.03153153153153153,0.5714285714285714,4.24929499699705
CD274,PDCD1,10,3,0.08333333333333333,0.0,0.0,CD274_PDCD1_10_3,0.01793580868470736,0.047619047619047616,0.3766519823788546,4.243045130078746
CCL19,CCR7,4,2,0.35909090909090907,0.0,0.0,CCL19_CCR7_4_2,0.017801398312737027,0.3614457831325301,0.04925053533190578,4.232768058057928
CXCL9,CXCR3,0,3,0.021739130434782608,0.0,0.0,CXCL9_CXCR3_0_3,0.017669555114489036,0.10989010989010989,0.16079295154185022,4.222615644210039
WNT5A,FZD5,6,4,0.0,0.6818181818181818,0.0,WNT5A_FZD5_6_4,0.017638120047758603,0.05855855855855856,0.30120481927710846,4.220184443369072
IL18,IL18R1,3,6,0.0,0.3333333333333333,0.0,IL18_IL18R1_3_6,0.01762114537444934,0.2444933920704846,0.07207207207207207,4.218869909739878
TNF,TNFRSF1A,10,0,0.0,0.09782608695652174,0.0,TNF_TNFRSF1A_10_0,0.017582417582417582,0.14285714285714285,0.12307692307692308,4.215866304211287
FGF2,FGFR1,6,2,0.0,1.0,0.0,FGF2_FGFR1_6_2,0.017555028261666376,0.06306306306306306,0.278372591006424,4.213738293332388
CXCL10,CXCR3,5,6,0.12359550561797752,0.0,0.0,CXCL10_CXCR3_5_6,0.017374517374517374,0.42857142857142855,0.04054054054054054,4.199634451473938
CCL21,CCR7,4,6,0.4818181818181818,0.0,0.0,CCL21_CCR7_4_6,0.017366764354716163,0.3855421686746988,0.04504504504504504,4.1990255863032795
CXCL10,CXCR3,10,2,0.020833333333333332,0.0,0.0,CXCL10_CXCR3_10_2,0.017130620985010708,0.5714285714285714,0.029978586723768737,4.180356434015369
VEGFA,KDR,10,2,0.22916666666666666,0.0,0.0,VEGFA_KDR_10_2,0.0168247170388498,0.14285714285714285,0.11777301927194861,4.155807269459002
CXCL10,CXCR3,6,6,0.3333333333333333,0.0,0.0,CXCL10_CXCR3_6_6,0.016800584368151936,0.4144144144144144,0.04054054054054054,4.153852698505799
HGF,MET,6,10,0.0,0.10416666666666667,0.0,HGF_MET_6_10,0.01673101673101673,0.11711711711711711,0.14285714285714285,4.148203360438089
C3,C3AR1,5,6,0.3146067415730337,0.0,0.0,C3_C3AR1_5_6,0.01673101673101673,0.14285714285714285,0.11711711711711711,4.148203360438089
CD80,CD28,5,6,0.10486891385767791,0.0,0.0,CD80_CD28_5_6,0.01673101673101673,0.2857142857142857,0.05855855855855856,4.148203360438089
C3,C3AR1,0,2,0.14130434782608695,0.0,0.0,C3_C3AR1_0_2,0.016716474104054403,0.08131868131868132,0.20556745182012848,4.147019605171756
C5,C5AR1,2,3,0.5,0.0,0.0,C5_C5AR1_2_3,0.016706128724919583,0.09850107066381156,0.1696035242290749,4.146176910033269
CD86,CD28,10,4,0.0,0.25,0.0,CD86_CD28_10_4,0.01663798049340218,0.047619047619047616,0.3493975903614458,4.140613480105722
BMP4,BMPR1A,4,2,0.38181818181818183,0.0,0.0,BMP4_BMPR1A_4_2,0.01660173886122649,0.19879518072289157,0.0835117773019272,4.137646053440311
TNF,TNFRSF1B,2,5,0.0,0.2808988764044944,0.0,TNF_TNFRSF1B_2_5,0.016518813092688895,0.057815845824411134,0.2857142857142857,4.130833129912266
IL6,IL6R,3,2,1.0,0.0,0.0,IL6_IL6R_3_2,0.0164985991755417,0.14537444933920704,0.11349036402569593,4.129167528751276
CCL19,CCR7,4,6,0.35909090909090907,0.0,0.0,CCL19_CCR7_4_6,0.0162813415825464,0.3614457831325301,0.04504504504504504,4.111143315823737
CD86,CD28,3,2,0.0,0.0,0.0,CD86_CD28_3_2,0.016130705883462722,0.3766519823788546,0.042826552462526764,4.0985126948550645
IL1B,IL1R1,2,3,0.0,0.5,0.0,IL1B_IL1R1_2_3,0.016130705883462725,0.08137044967880086,0.19823788546255505,4.0985126948550645
TGFB1,TGFBR1,6,2,0.0,1.5,0.0,TGFB1_TGFBR1_6_2,0.016069602793371527,0.06306306306306306,0.25481798715203424,4.093357582385971
CD86,CD28,2,3,0.0,2.0,0.0,CD86_CD28_2_3,0.016036374270109142,0.10706638115631692,0.14977973568281938,4.090546424634625
FASLG,FAS,3,10,0.0,0.08333333333333333,0.0,FASLG_FAS_3_10,0.01594294105307321,0.16740088105726872,0.09523809523809523,4.082612422591508
WNT5A,FZD5,10,3,0.020833333333333332,0.0,0.0,WNT5A_FZD5_10_3,0.01594294105307321,0.09523809523809523,0.16740088105726872,4.082612422591508
CCL2,CCR2,6,6,0.0,0.0,0.0,CCL2_CCR2_6_6,0.01582663744825907,0.17567567567567569,0.09009009009009009,4.072674999338787
CCL19,CCR7,3,2,8.0,0.0,0.0,CCL19_CCR7_3_2,0.015729796526709996,0.31938325991189426,0.04925053533190578,4.06434799383855
IL6,IL6R,6,6,0.0,0.6666666666666666,0.0,IL6_IL6R_6_6,0.01552227903579255,0.04054054054054054,0.38288288288288286,4.046340796587823
CD86,CD28,4,6,0.2727272727272727,0.0,0.0,CD86_CD28_4_6,0.015521545642027571,0.26506024096385544,0.05855855855855856,4.04627675657077
CCL5,CCR5,2,2,0.0,0.0,0.0,CCL5_CCR5_2_2,0.01551201573669465,0.4261241970021413,0.03640256959314775,4.045444345715171
C3,C3AR1,0,10,0.14130434782608695,0.0,0.0,C3_C3AR1_0_10,0.015489272632129774,0.08131868131868132,0.19047619047619047,4.0434558555084905
CCL5,CCR5,6,6,0.0,0.0,0.0,CCL5_CCR5_6_6,0.01540053567080594,0.3108108108108108,0.04954954954954955,4.035671031498677
CXCL11,CXCR3,10,3,0.0,0.0,0.0,CXCL11_CXCR3_10_3,0.015313614432557163,0.09523809523809523,0.16079295154185022,4.028004554816995
CD274,PDCD1,2,5,0.0,0.1797752808988764,0.0,CD274_PDCD1_2_5,0.015295197308045273,0.05353319057815846,0.2857142857142857,4.026374915734326
C5,C5AR1,4,6,0.42727272727272725,0.0,0.0,C5_C5AR1_4_6,0.015223054379680885,0.19879518072289157,0.07657657657657657,4.019973562011859
TGFB1,TGFBR1,6,10,0.0,0.08333333333333333,0.0,TGFB1_TGFBR1_6_10,0.015015015015015013,0.06306306306306306,0.23809523809523808,4.001353245611732
IFNG,IFNGR1,6,6,0.0,0.6666666666666666,0.0,IFNG_IFNGR1_6_6,0.014933852771690608,0.036036036036036036,0.4144144144144144,3.9940232445224604
WNT5A,FZD5,4,2,0.45454545454545453,0.0,0.0,WNT5A_FZD5_4_2,0.014834498593947525,0.15060240963855423,0.09850107066381156,3.9849992794319777
CCL5,CCR5,6,10,0.0,0.041666666666666664,0.0,CCL5_CCR5_6_10,0.0148005148005148,0.3108108108108108,0.047619047619047616,3.9818996588625613
WNT7B,FZD1,3,10,0.0,0.16666666666666666,0.0,WNT7B_FZD1_3_10,0.014684287812041116,0.07709251101321586,0.19047619047619047,3.971248116044418
CXCL13,CXCR5,5,2,0.1198501872659176,0.0,0.0,CXCL13_CXCR5_5_2,0.014683389415723462,0.42857142857142855,0.034261241970021415,3.9711654760769655
CD80,CD28,2,5,0.0,0.21348314606741572,0.0,CD80_CD28_2_5,0.014683389415723462,0.02569593147751606,0.5714285714285714,3.9711654760769655
PDGFB,PDGFRB,0,6,0.03260869565217391,0.0,0.0,PDGFB_PDGFRB_0_6,0.014642114642114642,0.03736263736263736,0.3918918918918919,3.967363657242764
B2M,CD8A,2,10,1.0,0.020833333333333332,0.020833333333333332,B2M_CD8A_2_10,0.33832976445396146,3.5524625267665955,0.09523809523809523,3.958083671164039
CCL5,CCR5,0,3,0.010869565217391304,0.0,0.0,CCL5_CCR5_0_3,0.014522922011908797,0.08791208791208792,0.16519823788546256,3.956328248758976
CCL19,CCR7,3,6,8.0,0.0,0.0,CCL19_CCR7_3_6,0.014386633329364606,0.31938325991189426,0.04504504504504504,3.9436056923515643
C5,C5AR1,6,2,0.3333333333333333,0.0,0.0,C5_C5AR1_6_2,0.014352682446900864,0.10810810810810811,0.13276231263383298,3.9404188426482403
IL18,IL18R1,6,4,0.0,0.32727272727272727,0.0,IL18_IL18R1_6_4,0.014327580592640835,0.10810810810810811,0.13253012048192772,3.9380580852654137
CXCL11,CXCR3,2,2,0.0,0.0,0.0,CXCL11_CXCR3_2_2,0.014251062639564582,0.4753747323340471,0.029978586723768737,3.9308378629018756
CD86,CD28,6,4,0.0,0.25,0.0,CD86_CD28_6_4,0.014164767176815371,0.04054054054054054,0.3493975903614458,3.922651443463866
CD274,PDCD1,4,2,0.2863636363636364,0.0,0.0,CD274_PDCD1_4_2,0.013931529114315937,0.21686746987951808,0.06423982869379015,3.900290012046211
CCL5,CCR5,10,2,0.0625,0.0,0.0,CCL5_CCR5_10_2,0.01386764555929438,0.38095238095238093,0.03640256959314775,3.894104295144555
CXCL10,CXCR3,4,10,0.32272727272727275,0.020833333333333332,0.006723484848484848,CXCL10_CXCR3_4_10,0.1135972461273666,2.3855421686746987,0.047619047619047616,3.8911766243970156
CCL5,CCR5,5,0,0.1647940074906367,0.0,0.0,CCL5_CCR5_5_0,0.013814756671899528,0.5714285714285714,0.024175824175824177,3.888963025531696
VCAM1,ITGA4,10,5,0.14583333333333334,0.20224719101123595,0.029494382022471913,VCAM1_ITGA4_10_5,0.4489795918367347,1.0476190476190477,0.42857142857142855,3.883244186934374
CXCL9,CXCR3,6,2,0.0,0.0,0.0,CXCL9_CXCR3_6_2,0.013638906572525417,0.45495495495495497,0.029978586723768737,3.8717358929555385
CD80,CTLA4,5,10,0.10486891385767791,0.0,0.0,CD80_CTLA4_5_10,0.013605442176870746,0.2857142857142857,0.047619047619047616,3.8684341310224086
ICAM1,ITGAL,0,2,0.03260869565217391,0.0,0.0,ICAM1_ITGAL_0_2,0.013582135209544202,0.05714285714285714,0.23768736616702354,3.8661300786591815
CXCL9,CXCR3,10,6,0.0625,0.0,0.0,CXCL9_CXCR3_10_6,0.013513513513513514,0.3333333333333333,0.04054054054054054,3.859324912356463
CD40LG,CD40,2,5,0.0,0.1647940074906367,0.0,CD40LG_CD40_2_5,0.01345977363107984,0.047109207708779445,0.2857142857142857,3.8539730618461827
CXCL13,CXCR5,3,2,0.0,0.0,0.0,CXCL13_CXCR5_3_2,0.013432821741550246,0.3920704845814978,0.034261241970021415,3.8512814816579812
HGF,MET,2,6,0.0,1.6666666666666667,0.0,HGF_MET_2_6,0.013166271196249782,0.032119914346895075,0.4099099099099099,3.824388161216104
FASLG,FAS,2,6,0.0,0.3333333333333333,0.0,FASLG_FAS_2_6,0.013166271196249782,0.044967880085653104,0.2927927927927928,3.824388161216104
IL1B,IL1R1,6,6,0.0,0.3333333333333333,0.0,IL1B_IL1R1_6_6,0.01314828341855369,0.05405405405405406,0.24324324324324326,3.822555119409659
C5,C5AR1,2,2,0.5,0.0,0.0,C5_C5AR1_2_2,0.013077229938236224,0.09850107066381156,0.13276231263383298,3.8152915689522606
PDGFA,PDGFRA,2,2,0.0,0.0,0.0,PDGFA_PDGFRA_2_2,0.013022206530361458,0.15203426124197003,0.08565310492505353,3.809641484173941
IFNG,IFNGR1,6,3,0.0,1.0,0.0,IFNG_IFNGR1_6_3,0.013017422709052665,0.036036036036036036,0.36123348017621143,3.8091492098084903
VCAM1,ITGA4,10,4,0.14583333333333334,0.2818181818181818,0.04109848484848485,VCAM1_ITGA4_10_4,0.5869191049913941,1.0476190476190477,0.5602409638554217,3.8037774445903394
HGF,MET,10,2,0.020833333333333332,0.0,0.0,HGF_MET_10_2,0.012949933720811664,0.047619047619047616,0.27194860813704497,3.8021863623982064
FASLG,FAS,6,3,0.0,2.0,0.0,FASLG_FAS_6_3,0.012918204548160495,0.03153153153153153,0.40969162995594716,3.798901210058787
CXCL10,CXCR3,5,2,0.12359550561797752,0.0,0.0,CXCL10_CXCR3_5_2,0.01284796573875803,0.42857142857142855,0.029978586723768737,3.791602155338215
CXCL13,CXCR5,4,3,0.2318181818181818,0.0,0.0,CXCL13_CXCR5_4_3,0.012738177379120006,0.09036144578313253,0.14096916299559473,3.780118711814698
CXCL10,CXCR3,6,2,0.3333333333333333,0.0,0.0,CXCL10_CXCR3_6_2,0.01242355846210236,0.4144144144144144,0.029978586723768737,3.746695262335275
B2M,CD8A,10,5,0.8958333333333334,0.19101123595505617,0.17111423220973784,B2M_CD8A_10_5,2.2857142857142856,5.333333333333333,0.42857142857142855,3.7318378144132227
CD80,CD28,5,2,0.10486891385767791,0.0,0.0,CD80_CD28_5_2,0.012236157846436217,0.2857142857142857,0.042826552462526764,3.726412496464058
IL18,IL18R1,3,2,0.0,0.0,0.0,IL18_IL18R1_3_2,0.012041430444584894,0.2444933920704846,0.04925053533190578,3.70503021461946
CD40LG,CD40,3,2,0.0,0.0,0.0,CD40LG_CD40_3_2,0.012036713863917215,0.1277533039647577,0.09421841541755889,3.7045083532835528
CD274,PDCD1,3,2,1.0,0.0,0.0,CD274_PDCD1_3_2,0.012027280702581857,0.18722466960352424,0.06423982869379015,3.7034640639565333
WNT7B,FZD1,10,6,0.020833333333333332,0.0,0.0,WNT7B_FZD1_10_6,0.01201201201201201,0.047619047619047616,0.25225225225225223,3.701772154200606
BMP4,BMPR1A,3,2,0.0,0.0,0.0,BMP4_BMPR1A_3_2,0.011772585346527184,0.14096916299559473,0.0835117773019272,3.674978670758084
VCAM1,ITGA4,3,10,0.5,0.0625,0.03125,VCAM1_ITGA4_3_10,0.4096916299559471,1.2290748898678414,0.3333333333333333,3.670684479320991
CCL19,CCR7,2,2,0.5,0.0,0.0,CCL19_CCR7_2_2,0.01170623002535662,0.23768736616702354,0.04925053533190578,3.6674641369914793
IL1B,IL1R1,2,10,0.0,0.10416666666666667,0.0,IL1B_IL1R1_2_10,0.011624349954114408,0.08137044967880086,0.14285714285714285,3.658137198227448
IL1B,IL1R1,2,5,0.0,0.5880149812734082,0.0,IL1B_IL1R1_2_5,0.011624349954114408,0.08137044967880086,0.14285714285714285,3.658137198227448
TGFB1,TGFBR1,2,5,0.0,0.4344569288389513,0.0,TGFB1_TGFBR1_2_5,0.011624349954114408,0.08137044967880086,0.14285714285714285,3.658137198227448
CD40LG,CD40,6,5,0.0,0.1647940074906367,0.0,CD40LG_CD40_6_5,0.011583011583011582,0.04054054054054054,0.2857142857142857,3.65340534905201
CXCL11,CXCR3,5,6,0.14606741573033707,0.0,0.0,CXCL11_CXCR3_5_6,0.011583011583011582,0.2857142857142857,0.04054054054054054,3.65340534905201
IL6,IL6R,6,5,0.0,0.23220973782771537,0.0,IL6_IL6R_6_5,0.011583011583011582,0.04054054054054054,0.2857142857142857,3.65340534905201
ICAM1,ITGAL,2,0,0.0,0.010869565217391304,0.0,ICAM1_ITGAL_2_0,0.011520813233875332,0.32762312633832974,0.035164835164835165,3.6462563640569847
CD86,CD28,4,2,0.2727272727272727,0.0,0.0,CD86_CD28_4_2,0.01135161631536854,0.26506024096385544,0.042826552462526764,3.6266279381215023
WNT5A,FZD5,6,6,0.0,1.3333333333333333,0.0,WNT5A_FZD5_6_6,0.011342423504585666,0.05855855855855856,0.19369369369369369,3.6255537985122985
CCL5,CCR5,6,2,0.0,0.0,0.0,CCL5_CCR5_6_2,0.011314312170843218,0.3108108108108108,0.03640256959314775,3.622264141690804
C5,C5AR1,3,6,0.5,0.0,0.0,C5_C5AR1_3_6,0.011300948525618129,0.14757709251101322,0.07657657657657657,3.620697660894492
ICAM1,ITGAL,6,0,0.0,0.010869565217391304,0.0,ICAM1_ITGAL_6_0,0.011246411246411247,0.31981981981981983,0.035164835164835165,3.6142871310091595
C3,C3AR1,2,0,0.0,0.043478260869565216,0.0,C3_C3AR1_2_0,0.01121961550227075,0.31905781584582443,0.035164835164835165,3.611126985470001
CD40LG,CD40,2,10,0.0,0.041666666666666664,0.0,CD40LG_CD40_2_10,0.011216478025899868,0.047109207708779445,0.23809523809523808,3.610756515319293
CCL2,CCR2,3,0,0.0,0.021739130434782608,0.0,CCL2_CCR2_3_0,0.011153604105145955,0.6343612334801763,0.017582417582417582,3.6033122979019763
IL6,IL6R,2,4,0.0,0.7636363636363637,0.0,IL6_IL6R_2_4,0.011145223291452748,0.019271948608137045,0.5783132530120482,3.602317109234152
SELE,CD44,6,2,0.3333333333333333,0.0,0.0,SELE_CD44_6_2,0.011140691012211355,0.02252252252252252,0.49464668094218417,3.6017786327510657
CCL21,CCR7,6,3,0.0,1.0,0.0,CCL21_CCR7_6_3,0.011092590387744572,0.05855855855855856,0.1894273127753304,3.5960514163356816
SELE,CD44,3,0,0.0,0.10869565217391304,0.0,SELE_CD44_3_0,0.011022897807038776,0.15198237885462554,0.07252747252747253,3.5877127569917917
CD80,CD28,6,4,0.0,0.25,0.0,CD80_CD28_6_4,0.011017041137523064,0.03153153153153153,0.3493975903614458,3.5870098110938766
PDGFA,PDGFRA,3,2,0.0,0.0,0.0,PDGFA_PDGFRA_3_2,0.010942467149015648,0.1277533039647577,0.08565310492505353,3.578029003179279
C5,C5AR1,10,6,0.041666666666666664,0.0,0.0,C5_C5AR1_10_6,0.010939510939510939,0.14285714285714285,0.07657657657657657,3.5776718377218577
C5,C5AR1,5,6,0.2397003745318352,0.0,0.0,C5_C5AR1_5_6,0.010939510939510939,0.14285714285714285,0.07657657657657657,3.5776718377218577
PDGFA,PDGFRA,6,2,0.0,0.0,0.0,PDGFA_PDGFRA_6_2,0.010803094314871616,0.12612612612612611,0.08565310492505353,3.561093222907105
IL1B,IL1R1,6,3,0.0,0.5,0.0,IL1B_IL1R1_6_3,0.010715561376354328,0.05405405405405406,0.19823788546255505,3.5503541805846313
CCL19,CCR7,2,6,0.5,0.0,0.0,CCL19_CCR7_2_6,0.010706638115631691,0.23768736616702354,0.04504504504504504,3.549254920489921
EGF,EGFR,4,10,0.6909090909090909,0.08333333333333333,0.05757575757575757,EGF_EGFR_4_10,0.6838783706253585,3.5903614457831323,0.19047619047619047,3.5474721856868507
IL15,IL15RA,4,6,0.30454545454545456,0.0,0.0,IL15_IL15RA_4_6,0.010420058612829696,0.2891566265060241,0.036036036036036036,3.5134981501609497
CXCL10,CXCR3,10,4,0.020833333333333332,0.1590909090909091,0.003314393939393939,CXCL10_CXCR3_10_4,0.048192771084337345,0.5714285714285714,0.08433734939759036,3.511216508528568
CD80,CTLA4,5,2,0.10486891385767791,0.0,0.0,CD80_CTLA4_5_2,0.010400734169470785,0.2857142857142857,0.03640256959314775,3.5110548270449247
PDGFA,PDGFRA,2,3,0.0,0.5,0.0,PDGFA_PDGFRA_2_3,0.01038119404956183,0.15203426124197003,0.06828193832599119,3.5085800197562005
CCL5,CCR5,2,0,0.0,0.0,0.0,CCL5_CCR5_2_0,0.010301903663788033,0.4261241970021413,0.024175824175824177,3.4984938918636392
FASLG,FAS,10,2,0.0625,0.0,0.0,FASLG_FAS_10_2,0.01029876618741715,0.047619047619047616,0.21627408993576017,3.498093335450041
ICAM1,ITGAL,0,6,0.03260869565217391,0.0,0.0,ICAM1_ITGAL_0_6,0.010296010296010296,0.05714285714285714,0.18018018018018017,3.4977414035875123
CXCL11,CXCR3,6,4,0.0,0.1590909090909091,0.0,CXCL11_CXCR3_6_4,0.010257245197004232,0.12162162162162163,0.08433734939759036,3.4927819181430793
EGF,EGFR,0,3,0.010869565217391304,0.0,0.0,EGF_EGFR_0_3,0.010224137096383793,0.05274725274725275,0.19383259911894274,3.4885326307561977
CD40LG,CD40,2,6,0.0,0.0,0.0,CD40LG_CD40_2_6,0.010185774639736097,0.047109207708779445,0.21621621621621623,3.4835932645796808
HGF,MET,3,10,0.0,0.10416666666666667,0.0,HGF_MET_3_10,0.010069225928256766,0.07048458149779736,0.14285714285714285,3.46848243276911
B2M,CD8A,10,0,0.8958333333333334,0.010869565217391304,0.00973731884057971,B2M_CD8A_10_0,0.11721611721611722,5.333333333333333,0.02197802197802198,3.4607210458451028
CXCL9,CXCR3,10,2,0.0625,0.0,0.0,CXCL9_CXCR3_10_2,0.009992862241256246,0.3333333333333333,0.029978586723768737,3.4584951684934944
IL18,IL18R1,2,4,0.0,0.32727272727272727,0.0,IL18_IL18R1_2_4,0.009932664275947474,0.07494646680942184,0.13253012048192772,3.450573121633869
IL1B,IL1R1,2,2,0.0,0.0,0.0,IL1B_IL1R1_2_2,0.009931725121395394,0.08137044967880086,0.12205567451820129,3.450449183700719
CCL21,CCR7,6,4,0.0,0.15,0.0,CCL21_CCR7_6_4,0.009877347226744815,0.05855855855855856,0.1686746987951807,3.4432548491351054
CD40LG,CD40,2,3,0.0,0.0,0.0,CD40LG_CD40_2_3,0.009857653595449442,0.047109207708779445,0.2092511013215859,3.4406404565970456
IL6,IL6R,6,3,0.0,1.0,0.0,IL6_IL6R_6_3,0.009822597928324801,0.04054054054054054,0.2422907488986784,3.435974949729093
VCAM1,ITGA4,2,10,0.5,0.0625,0.03125,VCAM1_ITGA4_2_10,0.34760885082084225,1.0428265524625269,0.3333333333333333,3.434238132826082
WNT5A,FZD5,6,3,0.0,0.0,0.0,WNT5A_FZD5_6_3,0.009802754296146366,0.05855855855855856,0.16740088105726872,3.4333272871638796
IL18,IL18R1,6,3,0.0,0.5,0.0,IL18_IL18R1_6_3,0.009763067031789498,0.10810810810810811,0.09030837004405286,3.428017340165839
FASLG,FAS,2,2,0.0,0.0,0.0,FASLG_FAS_2_2,0.009725387341865017,0.044967880085653104,0.21627408993576017,3.4229578457447696
WNT5A,FZD5,2,3,0.5,0.0,0.0,WNT5A_FZD5_2_3,0.009678423530077635,0.057815845824411134,0.16740088105726872,3.4166267706380498
CD40LG,CD40,6,10,0.0,0.041666666666666664,0.0,CD40LG_CD40_6_10,0.009652509652509652,0.04054054054054054,0.23809523809523808,3.413121453666719
CXCL13,CXCR5,5,6,0.1198501872659176,0.0,0.0,CXCL13_CXCR5_5_6,0.009652509652509652,0.42857142857142855,0.02252252252252252,3.413121453666719
C3,C3AR1,0,6,0.14130434782608695,0.0,0.0,C3_C3AR1_0_6,0.009523809523809525,0.08131868131868132,0.11711711711711711,3.3955851366126715
CXCL10,CXCR3,2,0,0.0,0.010869565217391304,0.0,CXCL10_CXCR3_2_0,0.009487728545544392,0.7194860813704497,0.013186813186813187,3.3906303446877066
BMP7,BMPR2,10,0,0.0,0.15217391304347827,0.0,BMP7_BMPR2_10_0,0.009419152276295133,0.14285714285714285,0.06593406593406594,3.38116599663652
CD80,CD28,3,6,0.0,0.0,0.0,CD80_CD28_3_6,0.009415803468666904,0.16079295154185022,0.05855855855855856,3.3807022271657443
WNT5A,FZD5,10,2,0.020833333333333332,0.0,0.0,WNT5A_FZD5_10_2,0.009381054348934433,0.09523809523809523,0.09850107066381156,3.375881072950324
IL1B,IL1R1,3,0,0.0,0.07608695652173914,0.0,IL1B_IL1R1_3_0,0.00929467008762163,0.1762114537444934,0.05274725274725275,3.3638256916784433
TNF,TNFRSF1B,3,2,0.5,0.0,0.0,TNF_TNFRSF1B_3_2,0.009244498108651153,0.06167400881057269,0.14989293361884368,3.3567774014525806
FASLG,FAS,6,6,0.0,0.3333333333333333,0.0,FASLG_FAS_6_6,0.009232205178151124,0.03153153153153153,0.2927927927927928,3.3550451937087296
EGF,EGFR,10,3,0.0625,0.0,0.0,EGF_EGFR_10_3,0.009230123767568701,0.047619047619047616,0.19383259911894274,3.3547516942988005
CCL5,CCR5,10,0,0.0625,0.0,0.0,CCL5_CCR5_10_0,0.009209837781266352,0.38095238095238093,0.024175824175824177,3.3518880390637262
CXCL10,CXCR3,0,3,0.03260869565217391,0.0,0.0,CXCL10_CXCR3_0_3,0.009188168659534299,0.05714285714285714,0.16079295154185022,3.3488228428335125
HGF,MET,2,5,0.0,0.6891385767790262,0.0,HGF_MET_2_5,0.009177118384827163,0.032119914346895075,0.2857142857142857,3.347257220109877
PDGFB,PDGFRB,10,10,0.041666666666666664,0.3541666666666667,0.014756944444444444,PDGFB_PDGFRB_10_10,0.15873015873015872,0.09523809523809523,1.6666666666666667,3.3415770319758913
TNF,TNFRSF1B,2,6,0.0,0.6666666666666666,0.0,TNF_TNFRSF1B_2_6,0.009115110828172927,0.057815845824411134,0.15765765765765766,3.3384402220380838
CXCL9,CXCR3,4,0,0.17272727272727273,0.010869565217391304,0.0018774703557312253,CXCL9_CXCR3_4_0,0.028041837680391896,2.1265060240963853,0.013186813186813187,3.335259775020565
TGFB1,TGFBR1,6,5,0.0,0.4344569288389513,0.0,TGFB1_TGFBR1_6_5,0.009009009009009007,0.06306306306306306,0.14285714285714285,3.3232272350389858
CD80,CD28,2,4,0.0,0.25,0.0,CD80_CD28_2_4,0.008978096540336936,0.02569593147751606,0.3493975903614458,3.318764627814124
CD40LG,CD40,10,2,0.0,0.0,0.0,CD40LG_CD40_10_2,0.008973182420719894,0.09523809523809523,0.09421841541755889,3.31805393892455
IFNG,IFNGR1,2,6,0.0,0.6666666666666666,0.0,IFNG_IFNGR1_2_6,0.008873970330073113,0.021413276231263382,0.4144144144144144,3.3036303099847526
CXCL11,CXCR3,0,3,0.0,0.0,0.0,CXCL11_CXCR3_0_3,0.008834777557244518,0.054945054945054944,0.16079295154185022,3.2978924220320787
CXCL13,CXCR5,3,6,0.0,0.0,0.0,CXCL13_CXCR5_3_6,0.008830416319403104,0.3920704845814978,0.02252252252252252,3.297252516181308
WNT5A,FZD5,3,10,0.0,0.0,0.0,WNT5A_FZD5_3_10,0.008810572687224669,0.18502202643171806,0.047619047619047616,3.2943373554968747
CD40LG,CD40,6,6,0.0,0.0,0.0,CD40LG_CD40_6_6,0.008765522279035794,0.04054054054054054,0.21621621621621623,3.2876972042990107
HGF,MET,2,2,0.0,0.0,0.0,HGF_MET_2_2,0.008734966000119217,0.032119914346895075,0.27194860813704497,3.283175940266058
CXCL9,CXCR3,2,0,0.0,0.010869565217391304,0.0,CXCL9_CXCR3_2_0,0.008725321787420288,0.6616702355460385,0.013186813186813187,3.2817459861846983
PDGFA,PDGFRA,3,3,0.0,0.5,0.0,PDGFA_PDGFRA_3_3,0.00872324322226319,0.1277533039647577,0.06828193832599119,3.2814376101524068
TNF,TNFRSF1B,2,2,0.0,0.0,0.0,TNF_TNFRSF1B_2_2,0.008666186740275758,0.057815845824411134,0.14989293361884368,3.2729468663430645
PDGFA,PDGFRA,6,3,0.0,0.5,0.0,PDGFA_PDGFRA_6_3,0.00861213636544033,0.12612612612612611,0.06828193832599119,3.2648571158365884
CXCL11,CXCR3,5,2,0.14606741573033707,0.0,0.0,CXCL11_CXCR3_5_2,0.008565310492505354,0.2857142857142857,0.029978586723768737,3.2578117995935942
CD40LG,CD40,6,3,0.0,0.0,0.0,CD40LG_CD40_6_3,0.00848315275628051,0.04054054054054054,0.2092511013215859,3.2453667753343765
BMP4,BMPR1A,2,2,0.5,0.0,0.0,BMP4_BMPR1A_2_2,0.008404825552870617,0.1006423982869379,0.0835117773019272,3.2334011839034353
TGFB1,TGFBR1,10,0,0.0,0.09782608695652174,0.0,TGFB1_TGFBR1_10_0,0.00837257980115123,0.19047619047619047,0.04395604395604396,3.228446204134066
WNT5A,FZD5,6,5,0.0,0.2397003745318352,0.0,WNT5A_FZD5_6_5,0.008365508365508366,0.05855855855855856,0.14285714285714285,3.2273573069608323
C5,C5AR1,6,6,0.3333333333333333,0.0,0.0,C5_C5AR1_6_6,0.008278548819089359,0.10810810810810811,0.07657657657657657,3.2138991830234414
CCL2,CCR2,6,2,0.0,0.5,0.0,CCL2_CCR2_6_2,0.00827594189478558,0.17567567567567569,0.047109207708779445,3.213493782859375
FGF2,FGFR1,3,0,0.0,0.08695652173913043,0.0,FGF2_FGFR1_3_0,0.008229655806748316,0.22026431718061673,0.03736263736263736,3.2062768477457855
ICAM1,ITGAL,0,10,0.03260869565217391,0.0,0.0,ICAM1_ITGAL_0_10,0.008163265306122448,0.05714285714285714,0.14285714285714285,3.1958617906259383
CCL2,CCR2,2,6,0.5,0.0,0.0,CCL2_CCR2_2_6,0.008102320736153712,0.08993576017130621,0.09009009009009009,3.186234423078883
WNT7B,FZD1,2,6,0.5,0.0,0.0,WNT7B_FZD1_2_6,0.008102320736153712,0.032119914346895075,0.25225225225225223,3.186234423078883
CXCL11,CXCR3,10,4,0.0,0.1590909090909091,0.0,CXCL11_CXCR3_10_4,0.008032128514056224,0.09523809523809523,0.08433734939759036,3.1750660137097357
CD34,SELL,5,10,0.50187265917603,0.020833333333333332,0.010455680399500624,CD34_SELL_5_10,0.1020408163265306,0.42857142857142855,0.23809523809523808,3.169080874328782
IL18,IL18R1,6,6,0.0,0.3333333333333333,0.0,IL18_IL18R1_6_6,0.0077915753591429274,0.10810810810810811,0.07207207207207207,3.1361217045249012
IFNG,IFNGR1,2,3,0.0,1.0,0.0,IFNG_IFNGR1_2_3,0.00773519229499382,0.021413276231263382,0.36123348017621143,3.1268394627276535
IL1B,IL1R1,6,10,0.0,0.10416666666666667,0.0,IL1B_IL1R1_6_10,0.007722007722007722,0.05405405405405406,0.14285714285714285,3.1246602677065303
IL1B,IL1R1,6,5,0.0,0.5880149812734082,0.0,IL1B_IL1R1_6_5,0.007722007722007722,0.05405405405405406,0.14285714285714285,3.1246602677065303
CD80,CTLA4,3,10,0.0,0.0,0.0,CD80_CTLA4_3_10,0.007656807216278582,0.16079295154185022,0.047619047619047616,3.113835031584379
CD274,PDCD1,2,10,0.0,0.041666666666666664,0.0,CD274_PDCD1_2_10,0.007647598654022637,0.05353319057815846,0.14285714285714285,3.112299567327011
SELE,CD44,0,2,0.03260869565217391,0.0,0.0,SELE_CD44_0_2,0.007609948937572064,0.015384615384615385,0.49464668094218417,3.1060046815559166
IL15,IL15RA,10,3,0.020833333333333332,0.0,0.0,IL15_IL15RA_10_3,0.007551919446192574,0.09523809523809523,0.07929515418502203,3.0962482638247937
CXCL11,CXCR3,4,10,0.1590909090909091,0.020833333333333332,0.003314393939393939,CXCL11_CXCR3_4_10,0.03585771658060815,0.7530120481927711,0.047619047619047616,3.094736878034958
C5,C5AR1,2,6,0.5,0.0,0.0,C5_C5AR1_2_6,0.007542874780562146,0.09850107066381156,0.07657657657657657,3.0947216358588725
ICAM1,ITGAL,10,4,0.14583333333333334,0.10909090909090909,0.01590909090909091,ICAM1_ITGAL_10_4,0.1434308663224326,0.23809523809523808,0.6024096385542169,3.094508090856206
B2M,CD8A,3,10,4.5,0.020833333333333332,0.09375,B2M_CD8A_3_10,0.8080553807426054,8.484581497797357,0.09523809523809523,3.094040611722567
CCL5,CCR5,6,0,0.0,0.0,0.0,CCL5_CCR5_6_0,0.007514107514107514,0.3108108108108108,0.024175824175824177,3.0898553082415825
HGF,MET,6,0,0.0,0.06521739130434782,0.0,HGF_MET_6_0,0.007464607464607464,0.11711711711711711,0.06373626373626373,3.0814431665267166
CD80,CD28,4,6,0.18636363636363637,0.0,0.0,CD80_CD28_4_6,0.0074080104200586125,0.12650602409638553,0.05855855855855856,3.071764457235102
IL6,IL6R,2,6,0.0,0.6666666666666666,0.0,IL6_IL6R_2_6,0.007378899241854273,0.019271948608137045,0.38288288288288286,3.066760725711357
CD34,SELL,0,10,0.08695652173913043,0.020833333333333332,0.0018115942028985505,CD34_SELL_0_10,0.02250130821559393,0.0945054945054945,0.23809523809523808,3.0632807770609487
VCAM1,ITGA4,10,3,0.14583333333333334,1.0,0.14583333333333334,VCAM1_ITGA4_10_3,1.222991399202853,1.0476190476190477,1.1674008810572687,3.0593419969353977
CD34,SELL,4,10,1.5136363636363637,0.020833333333333332,0.03153409090909091,CD34_SELL_4_10,0.26965002868617327,1.1325301204819278,0.23809523809523808,3.0564043943763557
B2M,CD8A,0,10,0.3804347826086957,0.020833333333333332,0.00792572463768116,B2M_CD8A_0_10,0.07263212977498691,0.7626373626373626,0.09523809523809523,3.044294226748069
PDGFA,PDGFRA,2,10,0.0,0.125,0.0,PDGFA_PDGFRA_2_10,0.007239726725808096,0.15203426124197003,0.047619047619047616,3.042596490580927
WNT5A,FZD5,4,10,0.45454545454545453,0.0,0.0,WNT5A_FZD5_4_10,0.00717154331612163,0.15060240963855423,0.047619047619047616,3.0306085782785557
CD86,CD28,10,3,0.0,2.0,0.0,CD86_CD28_10_3,0.007132368365848542,0.047619047619047616,0.14977973568281938,3.023675565348242
TNF,TNFRSF1A,2,0,0.0,0.09782608695652174,0.0,TNF_TNFRSF1A_2_0,0.007115796409158294,0.057815845824411134,0.12307692307692308,3.0207326744610388
CD34,SELL,10,5,0.25,0.3258426966292135,0.08146067415730338,CD34_SELL_10_5,0.6666666666666666,0.6666666666666666,1.0,3.0173498541756087
CCL19,CCR7,10,2,0.08333333333333333,0.0,0.0,CCL19_CCR7_10_2,0.007035790761700825,0.14285714285714285,0.04925053533190578,3.006439999239622
VCAM1,ITGA4,0,0,0.22826086956521738,0.0,0.0,VCAM1_ITGA4_0_0,0.0070136456949643775,0.14505494505494507,0.04835164835164835,3.002458725713627
B2M,CD8A,2,5,1.0,0.19101123595505617,0.19101123595505617,B2M_CD8A_2_5,1.5224839400428265,3.5524625267665955,0.42857142857142855,2.9881116508244596
CD80,CD28,3,2,0.0,0.0,0.0,CD80_CD28_3_2,0.006886207774811572,0.16079295154185022,0.042826552462526764,2.979331721064734
FASLG,FAS,6,2,0.0,0.0,0.0,FASLG_FAS_6_2,0.006819453286262708,0.03153153153153153,0.21627408993576017,2.9670677419609914
C5,C5AR1,10,10,0.041666666666666664,0.020833333333333332,0.0008680555555555555,C5_C5AR1_10_10,0.013605442176870746,0.14285714285714285,0.09523809523809523,2.966896769908097
IL15,IL15RA,4,2,0.30454545454545456,0.0,0.0,IL15_IL15RA_4_2,0.006810969789221124,0.2891566265060241,0.023554603854389723,2.9655016806645063
ICAM1,ITGAL,0,4,0.03260869565217391,0.10909090909090909,0.0035573122529644267,ICAM1_ITGAL_0_4,0.034423407917383825,0.05714285714285714,0.6024096385542169,2.958447885516091
IL18,IL18R1,2,3,0.0,0.5,0.0,IL18_IL18R1_2_3,0.006768293258119593,0.07494646680942184,0.09030837004405286,2.9575976644606228
IFNG,IFNGR1,3,0,0.0,0.11956521739130435,0.0,IFNG_IFNGR1_3_0,0.006738635813525681,0.1277533039647577,0.05274725274725275,2.9520792668189815
CXCL13,CXCR5,10,3,0.0625,0.0,0.0,CXCL13_CXCR5_10_3,0.00671281728550451,0.047619047619047616,0.14096916299559473,2.947257934253436
CD86,CD28,3,0,0.0,0.010869565217391304,0.0,CD86_CD28_3_0,0.0066224524374304105,0.3766519823788546,0.017582417582417582,2.930255243136321
IL1B,IL1R1,6,2,0.0,0.0,0.0,IL1B_IL1R1_6_2,0.006597604028010881,0.05405405405405406,0.12205567451820129,2.9255445235702666
CCL19,CCR7,10,6,0.08333333333333333,0.0,0.0,CCL19_CCR7_10_6,0.006435006435006435,0.14285714285714285,0.04504504504504504,2.8943339909324153
IL15,IL15RA,6,3,0.6666666666666666,0.0,0.0,IL15_IL15RA_6_3,0.006429336825812598,0.08108108108108109,0.07929515418502203,2.8932334354190146
FASLG,FAS,2,5,0.0,0.40823970037453183,0.0,FASLG_FAS_2_5,0.006423982869379015,0.044967880085653104,0.14285714285714285,2.8921933814931715
CCL5,CCR5,10,5,0.0625,0.10486891385767791,0.006554307116104869,CCL5_CCR5_10_5,0.054421768707482984,0.38095238095238093,0.14285714285714285,2.8750814110908665
CXCL9,CXCR3,10,10,0.0625,0.020833333333333332,0.0013020833333333333,CXCL9_CXCR3_10_10,0.015873015873015872,0.3333333333333333,0.047619047619047616,2.873705899360913
CCL21,CCR7,2,2,0.5,0.0,0.0,CCL21_CCR7_2_2,0.006327691905598173,0.1284796573875803,0.04925053533190578,2.8733588462828683
IFNG,IFNGR1,6,2,0.0,0.0,0.0,IFNG_IFNGR1_6_2,0.006327526670139089,0.036036036036036036,0.17558886509635974,2.87332631392913
TNF,TNFRSF1B,10,0,0.0,0.010869565217391304,0.0,TNF_TNFRSF1B_10_0,0.006279434850863423,0.14285714285714285,0.04395604395604396,2.8638264491182253
CD86,CD28,2,6,0.0,0.0,0.0,CD86_CD28_2_6,0.006269652950595134,0.10706638115631692,0.05855855855855856,2.861886492287042
CXCL11,CXCR3,2,0,0.0,0.010869565217391304,0.0,CXCL11_CXCR3_2_0,0.006268677789020401,0.4753747323340471,0.013186813186813187,2.8616929541436003
ANGPT1,TEK,0,2,0.07608695652173914,0.0,0.0,ANGPT1_TEK_0_2,0.006212203214344542,0.026373626373626374,0.23554603854389722,2.850440047379896
CXCL10,CXCR3,4,0,0.32272727272727275,0.010869565217391304,0.003507905138339921,CXCL10_CXCR3_4_0,0.031457698927578444,2.3855421686746987,0.013186813186813187,2.8480316626334115
IL6,IL6R,4,2,0.30454545454545456,0.0,0.0,IL6_IL6R_4_2,0.006153092025489538,0.05421686746987952,0.11349036402569593,2.83856700211037
PDGFA,PDGFRA,3,10,0.0,0.125,0.0,PDGFA_PDGFRA_3_10,0.006083490664988461,0.1277533039647577,0.047619047619047616,2.8244604795216555
IFNG,IFNGR1,3,10,0.0,0.125,0.0,IFNG_IFNGR1_3_10,0.006083490664988461,0.1277533039647577,0.047619047619047616,2.8244604795216555
TNF,TNFRSF1B,6,2,0.3333333333333333,0.0,0.0,TNF_TNFRSF1B_6_2,0.006076740552115285,0.04054054054054054,0.14989293361884368,2.823085028096335
CCL21,CCR7,3,2,2.0,0.0,0.0,CCL21_CCR7_3_2,0.006074955899970757,0.12334801762114538,0.04925053533190578,2.822721155281371
CD86,CD28,6,3,0.0,2.0,0.0,CD86_CD28_6_3,0.006072151446600786,0.04054054054054054,0.14977973568281938,2.8221491696558796
CD80,CTLA4,4,10,0.18636363636363637,0.0,0.0,CD80_CTLA4_4_10,0.006024096385542168,0.12650602409638553,0.047619047619047616,2.8123126418535715
CD80,CD28,5,5,0.10486891385767791,0.21348314606741572,0.02238774565500989,CD80_CD28_5_5,0.16326530612244897,0.2857142857142857,0.5714285714285714,2.812203093973624
BMP4,BMPR1A,6,2,0.3333333333333333,0.0,0.0,BMP4_BMPR1A_6_2,0.00601886683257133,0.07207207207207207,0.0835117773019272,2.8112381320982336
PDGFA,PDGFRA,6,10,0.0,0.125,0.0,PDGFA_PDGFRA_6_10,0.006006006006006005,0.12612612612612611,0.047619047619047616,2.8085922249129367
CD80,CTLA4,5,4,0.10486891385767791,0.03636363636363636,0.0038134150493701058,CD80_CTLA4_5_4,0.032702237521514625,0.2857142857142857,0.1144578313253012,2.807711642440554
CXCL9,CXCR3,6,0,0.0,0.010869565217391304,0.0,CXCL9_CXCR3_6_0,0.005999405999406,0.45495495495495497,0.013186813186813187,2.8072324937614606
CD80,CTLA4,6,3,0.0,0.5,0.0,CD80_CTLA4_6_3,0.005972933285708615,0.03153153153153153,0.1894273127753304,2.801765678550314
CXCL10,CXCR3,10,0,0.020833333333333332,0.010869565217391304,0.00022644927536231882,CXCL10_CXCR3_10_0,0.0075353218210361065,0.5714285714285714,0.013186813186813187,2.798957983744973
CD274,PDCD1,4,6,0.2863636363636364,0.0,0.0,CD274_PDCD1_4_6,0.005861282969716705,0.21686746987951808,0.02702702702702703,2.778478366629421
CD80,CTLA4,3,2,0.0,0.0,0.0,CD80_CTLA4_3_2,0.005853276608589837,0.16079295154185022,0.03640256959314775,2.7767939175241425
IL1B,IL1R1,10,2,0.0625,0.0,0.0,IL1B_IL1R1_10_2,0.005812174977057204,0.047619047619047616,0.12205567451820129,2.768115492457825
CXCL11,CXCR3,6,10,0.0,0.020833333333333332,0.0,CXCL11_CXCR3_6_10,0.005791505791505791,0.12162162162162163,0.047619047619047616,2.763731479785407
CXCL9,CXCR3,5,6,0.10861423220973783,0.0,0.0,CXCL9_CXCR3_5_6,0.005791505791505791,0.14285714285714285,0.04054054054054054,2.763731479785407
CCL21,CCR7,2,6,0.5,0.0,0.0,CCL21_CCR7_2_6,0.005787371954395508,0.1284796573875803,0.04504504504504504,2.7628530763422523
WNT5A,FZD5,6,2,0.0,0.0,0.0,WNT5A_FZD5_6_2,0.005768080714547524,0.05855855855855856,0.09850107066381156,2.7587467738040625
FGF2,FGFR1,10,10,0.16666666666666666,0.3333333333333333,0.05555555555555555,FGF2_FGFR1_10_10,0.38095238095238093,0.5714285714285714,0.6666666666666666,2.7556521298783667
WNT5A,FZD5,2,2,0.5,0.0,0.0,WNT5A_FZD5_2_2,0.005694922715038356,0.057815845824411134,0.09850107066381156,2.74306740143839
CCL5,CCR5,10,4,0.0625,0.14545454545454545,0.00909090909090909,CCL5_CCR5_10_4,0.06655192197360872,0.38095238095238093,0.1746987951807229,2.7429406645767016
PDGFA,PDGFRA,2,0,0.0,0.11956521739130435,0.0,PDGFA_PDGFRA_2_0,0.005680400969480199,0.15203426124197003,0.03736263736263736,2.7399346984058672
B2M,CD8A,2,0,1.0,0.010869565217391304,0.010869565217391304,B2M_CD8A_2_0,0.07807609948937573,3.5524625267665955,0.02197802197802198,2.735974620417425
CCL21,CCR7,6,10,0.0,0.0625,0.0,CCL21_CCR7_6_10,0.0055770055770055765,0.05855855855855856,0.09523809523809523,2.7174308936135096
CCL21,CCR7,3,6,2.0,0.0,0.0,CCL21_CCR7_3_6,0.005556217009961503,0.12334801762114538,0.04504504504504504,2.7128636082527753
FASLG,FAS,3,0,0.0,0.05434782608695652,0.0,FASLG_FAS_3_0,0.005518710364525343,0.16740088105726872,0.03296703296703297,2.704586575693524
IL6,IL6R,2,5,0.0,0.23220973782771537,0.0,IL6_IL6R_2_5,0.005506271030896299,0.019271948608137045,0.2857142857142857,2.7018309217927667
CD80,CD28,4,2,0.18636363636363637,0.0,0.0,CD80_CD28_4_2,0.00541781687778953,0.12650602409638553,0.042826552462526764,2.682082625195601
EGF,EGFR,3,0,0.0,0.03260869565217391,0.0,EGF_EGFR_3_0,0.005412208936438011,0.1894273127753304,0.02857142857142857,2.6808214352635122
ANGPT1,TEK,2,0,0.0,0.09782608695652174,0.0,ANGPT1_TEK_2_0,0.005412146739769866,0.09850107066381156,0.054945054945054944,2.680807441449404
IL6,IL6R,10,2,0.08333333333333333,0.0,0.0,IL6_IL6R_10_2,0.005404303048842663,0.047619047619047616,0.11349036402569593,2.679041577173044
IL18,IL18R1,2,6,0.0,0.3333333333333333,0.0,IL18_IL18R1_2_6,0.005401547157435808,0.07494646680942184,0.07207207207207207,2.6784206248952596
ICAM1,ITGAL,4,4,0.8272727272727273,0.10909090909090909,0.09024793388429751,ICAM1_ITGAL_4_4,0.5806357961968356,0.963855421686747,0.6024096385542169,2.6722522636250856
CCL5,CCR5,0,4,0.010869565217391304,0.14545454545454545,0.0015810276679841897,CCL5_CCR5_0_4,0.015358135840063552,0.08791208791208792,0.1746987951807229,2.663990837321526
CCL5,CCR5,0,5,0.010869565217391304,0.10486891385767791,0.0011398794984530207,CCL5_CCR5_0_5,0.012558869701726845,0.08791208791208792,0.14285714285714285,2.66363545459767
CXCL9,CXCR3,4,4,0.17272727272727273,0.1590909090909091,0.027479338842975206,CXCL9_CXCR3_4_4,0.17934388155029754,2.1265060240963853,0.08433734939759036,2.662762919082774
IL18,IL18R1,6,2,0.0,0.0,0.0,IL18_IL18R1_6_2,0.0053243821980438685,0.10810810810810811,0.04925053533190578,2.6609245559570525
ANGPT1,TEK,0,3,0.07608695652173914,0.0,0.0,ANGPT1_TEK_0_3,0.0052282519242871665,0.026373626373626374,0.19823788546255505,2.6388273006419256
CD80,CTLA4,5,6,0.10486891385767791,0.0,0.0,CD80_CTLA4_5_6,0.005148005148005148,0.2857142857142857,0.018018018018018018,2.6201183730635553
CD274,PDCD1,3,6,1.0,0.0,0.0,CD274_PDCD1_3_6,0.005060126205500655,0.18722466960352424,0.02702702702702703,2.5993478389381597
CXCL10,CXCR3,5,10,0.12359550561797752,0.020833333333333332,0.0025749063670411983,CXCL10_CXCR3_5_10,0.02040816326530612,0.42857142857142855,0.047619047619047616,2.582183662745676
CD274,PDCD1,0,3,0.021739130434782608,0.0,0.0,CD274_PDCD1_0_3,0.004966839328072808,0.013186813186813187,0.3766519823788546,2.5769669292786945
BMP4,BMPR1A,3,0,0.0,0.05434782608695652,0.0,BMP4_BMPR1A_3_0,0.0049571573800648696,0.14096916299559473,0.035164835164835165,2.5746240736424832
B2M,CD8A,6,10,3.6666666666666665,0.020833333333333332,0.07638888888888888,B2M_CD8A_6_10,0.4581724581724581,4.8108108108108105,0.09523809523809523,2.5688377582912905
CXCL11,CXCR3,6,6,0.0,0.0,0.0,CXCL11_CXCR3_6_6,0.004930606281957634,0.12162162162162163,0.04054054054054054,2.568179598070294
CD80,CTLA4,2,3,0.0,0.5,0.0,CD80_CTLA4_2_3,0.004867511249044892,0.02569593147751606,0.1894273127753304,2.552748702649719
B2M,CD8A,4,10,10.7,0.020833333333333332,0.22291666666666665,B2M_CD8A_4_10,1.3121055651176132,13.77710843373494,0.09523809523809523,2.551949083528991
CD274,PDCD1,2,4,0.0,0.25,0.0,CD274_PDCD1_2_4,0.004837336498026367,0.05353319057815846,0.09036144578313253,2.545310235950348
CCL5,CCR5,4,5,0.3,0.10486891385767791,0.03146067415730337,CCL5_CCR5_4_5,0.1884681583476764,1.319277108433735,0.14285714285714285,2.5451905444051
EGF,EGFR,0,10,0.010869565217391304,0.08333333333333333,0.0009057971014492753,EGF_EGFR_0_10,0.010047095761381476,0.05274725274725275,0.19047619047619047,2.5352007029073564
HGF,MET,0,2,0.043478260869565216,0.0,0.0,HGF_MET_0_2,0.004781513989222769,0.017582417582417582,0.27194860813704497,2.531447336796924
PDGFA,PDGFRA,3,0,0.0,0.11956521739130435,0.0,PDGFA_PDGFRA_3_0,0.004773200367914024,0.1277533039647577,0.03736263736263736,2.5293712971938787
IL15,IL15RA,3,4,0.0,0.1318181818181818,0.0,IL15_IL15RA_3_4,0.004737009712860251,0.046255506607929514,0.10240963855421686,2.5202989605005066
CXCL12,CXCR4,2,5,2.0,0.2958801498127341,0.5917602996254682,CXCL12_CXCR4_2_5,3.3955338023860504,5.942184154175589,0.5714285714285714,2.5185424811187147
CD80,CD28,6,3,0.0,2.0,0.0,CD80_CD28_6_3,0.004722784458467277,0.03153153153153153,0.14977973568281938,2.5167172706023693
PDGFA,PDGFRA,6,0,0.0,0.11956521739130435,0.0,PDGFA_PDGFRA_6_0,0.0047124047124047115,0.12612612612612611,0.03736263736263736,2.514098195034998
CCL21,CCR7,10,2,0.1875,0.0,0.0,CCL21_CCR7_10_2,0.004690527174467217,0.09523809523809523,0.04925053533190578,2.5085623110133
IL18,IL18R1,10,2,0.0625,0.0,0.0,IL18_IL18R1_10_2,0.004690527174467217,0.09523809523809523,0.04925053533190578,2.5085623110133
IL6,IL6R,2,3,0.0,1.0,0.0,IL6_IL6R_2_3,0.004669414861002368,0.019271948608137045,0.2422907488986784,2.5031998426291833
SELE,CD44,2,0,0.0,0.10869565217391304,0.0,SELE_CD44_2_0,0.004659152410758407,0.06423982869379015,0.07252747252747253,2.500585992215591
CXCL11,CXCR3,0,4,0.0,0.1590909090909091,0.0,CXCL11_CXCR3_0_4,0.004633920296570899,0.054945054945054944,0.08433734939759036,2.494139153958624
CD80,CTLA4,4,2,0.18636363636363637,0.0,0.0,CD80_CTLA4_4_2,0.004605144346121101,0.12650602409638553,0.03640256959314775,2.486751526420822
IL6,IL6R,6,2,0.0,0.0,0.0,IL6_IL6R_6_2,0.004600960703744429,0.04054054054054054,0.11349036402569593,2.4856743063941957
HGF,MET,2,10,0.0,0.10416666666666667,0.0,HGF_MET_2_10,0.0045885591924135815,0.032119914346895075,0.14285714285714285,2.482476384340636
CD86,CD28,2,2,0.0,0.0,0.0,CD86_CD28_2_2,0.004585283989563893,0.10706638115631692,0.042826552462526764,2.4816306379009347
WNT5A,FZD5,10,10,0.020833333333333332,0.0,0.0,WNT5A_FZD5_10_10,0.004535147392290249,0.09523809523809523,0.047619047619047616,2.468621734223633
CXCL11,CXCR3,10,10,0.0,0.020833333333333332,0.0,CXCL11_CXCR3_10_10,0.004535147392290249,0.09523809523809523,0.047619047619047616,2.468621734223633
FASLG,FAS,6,5,0.0,0.40823970037453183,0.0,FASLG_FAS_6_5,0.004504504504504504,0.03153153153153153,0.14285714285714285,2.4606127034686236
CD80,CTLA4,6,5,0.0,0.0749063670411985,0.0,CD80_CTLA4_6_5,0.004504504504504504,0.03153153153153153,0.14285714285714285,2.4606127034686236
HGF,MET,3,0,0.0,0.06521739130434782,0.0,HGF_MET_3_0,0.004492423875683787,0.07048458149779736,0.06373626373626373,2.457442969212127
FGF2,FGFR1,2,0,0.0,0.08695652173913043,0.0,FGF2_FGFR1_2_0,0.004480316257618184,0.11991434689507495,0.03736263736263736,2.454259150509186
CXCL9,CXCR3,0,6,0.021739130434782608,0.0,0.0,CXCL9_CXCR3_0_6,0.004455004455004455,0.10989010989010989,0.04054054054054054,2.447580374772569
CD40LG,CD40,2,2,0.0,0.0,0.0,CD40LG_CD40_2_2,0.00443855490189785,0.047109207708779445,0.09421841541755889,2.443223358676776
IFNG,IFNGR1,10,6,0.020833333333333332,0.6666666666666666,0.013888888888888888,IFNG_IFNGR1_10_6,0.07893607893607893,0.19047619047619047,0.4144144144144144,2.424610712578046
CCL5,CCR5,0,6,0.010869565217391304,0.0,0.0,CCL5_CCR5_0_6,0.004356004356004356,0.08791208791208792,0.04954954954954955,2.421157133997423
IFNG,IFNGR1,10,4,0.020833333333333332,1.9363636363636363,0.04034090909090909,IFNG_IFNGR1_10_4,0.219162363740677,0.19047619047619047,1.1506024096385543,2.4129258452784015
CCL5,CCR5,10,10,0.0625,0.041666666666666664,0.0026041666666666665,CCL5_CCR5_10_10,0.018140589569160995,0.38095238095238093,0.047619047619047616,2.4088976364271364
IL1B,IL1R1,2,0,0.0,0.07608695652173914,0.0,IL1B_IL1R1_2_0,0.00429206767536532,0.08137044967880086,0.05274725274725275,2.403831511028845
CCL21,CCR7,10,6,0.1875,0.0,0.0,CCL21_CCR7_10_6,0.00429000429000429,0.09523809523809523,0.04504504504504504,2.4032688923138577
CXCL9,CXCR3,5,2,0.10861423220973783,0.0,0.0,CXCL9_CXCR3_5_2,0.004282655246252677,0.14285714285714285,0.029978586723768737,2.4012632605904614
FASLG,FAS,2,10,0.0,0.08333333333333333,0.0,FASLG_FAS_2_10,0.004282655246252676,0.044967880085653104,0.09523809523809523,2.401263260590461
CCL5,CCR5,4,4,0.3,0.14545454545454545,0.04363636363636363,CCL5_CCR5_4_4,0.2304761213528814,1.319277108433735,0.1746987951807229,2.3745719695154595
VCAM1,ITGA4,3,5,0.5,0.20224719101123595,0.10112359550561797,VCAM1_ITGA4_3_5,0.526746381371932,1.2290748898678414,0.42857142857142855,2.3695285441148126
CXCL10,CXCR3,3,10,0.5,0.020833333333333332,0.010416666666666666,CXCL10_CXCR3_3_10,0.05737361023704635,1.2048458149779735,0.047619047619047616,2.354174810095753
WNT7B,FZD1,3,0,0.0,0.03260869565217391,0.0,WNT7B_FZD1_3_0,0.004066418163334463,0.07709251101321586,0.05274725274725275,2.3409661566540247
BMP4,BMPR1A,0,3,0.010869565217391304,0.0,0.0,BMP4_BMPR1A_0_3,0.004066418163334463,0.015384615384615385,0.2643171806167401,2.3409661566540247
PDGFB,PDGFRB,0,10,0.03260869565217391,0.3541666666666667,0.011548913043478262,PDGFB_PDGFRB_0_10,0.06227106227106227,0.03736263736263736,1.6666666666666667,2.3339834109343296
CD40LG,CD40,3,0,0.0,0.010869565217391304,0.0,CD40LG_CD40_3_0,0.003930870891223314,0.1277533039647577,0.03076923076923077,2.3018424781421363
BMP4,BMPR1A,10,10,0.14583333333333334,0.16666666666666666,0.024305555555555556,BMP4_BMPR1A_10_10,0.12244897959183672,0.42857142857142855,0.2857142857142857,2.2863888588743686
CD40LG,CD40,4,10,0.25,0.041666666666666664,0.010416666666666666,CD40LG_CD40_4_10,0.05450372920252438,0.2289156626506024,0.23809523809523808,2.2814432196286516
CXCL11,CXCR3,10,6,0.0,0.0,0.0,CXCL11_CXCR3_10_6,0.003861003861003861,0.09523809523809523,0.04054054054054054,2.2812542800324627
CXCL13,CXCR5,6,5,0.0,0.10861423220973783,0.0,CXCL13_CXCR5_6_5,0.003861003861003861,0.02702702702702703,0.14285714285714285,2.2812542800324627
VCAM1,ITGA4,3,4,0.5,0.2818181818181818,0.1409090909090909,VCAM1_ITGA4_3_4,0.6885781009500557,1.2290748898678414,0.5602409638554217,2.280746945674912
CD80,CD28,2,3,0.0,2.0,0.0,CD80_CD28_2_3,0.003848729824826194,0.02569593147751606,0.14977973568281938,2.2776068678314463
CD40LG,CD40,6,2,0.0,0.0,0.0,CD40LG_CD40_6_2,0.0038196654899010363,0.04054054054054054,0.09421841541755889,2.2689330193166755
CXCL13,CXCR5,6,3,0.0,0.0,0.0,CXCL13_CXCR5_6_3,0.003809977378259317,0.02702702702702703,0.14096916299559473,2.266030108891399
CD34,SELL,2,10,1.0,0.020833333333333332,0.020833333333333332,CD34_SELL_2_10,0.10349750178443969,0.4346895074946467,0.23809523809523808,2.2588641412523223
CD34,SELL,6,10,1.0,0.020833333333333332,0.020833333333333332,CD34_SELL_6_10,0.10296010296010295,0.43243243243243246,0.23809523809523808,2.2514256566995385
IFNG,IFNGR1,2,2,0.0,0.0,0.0,IFNG_IFNGR1_2_2,0.0037599328714423923,0.021413276231263382,0.17558886509635974,2.250941227583626
CCL5,CCR5,4,10,0.3,0.041666666666666664,0.012499999999999999,CCL5_CCR5_4_10,0.06282271944922548,1.319277108433735,0.047619047619047616,2.2411106750535104
CD80,CTLA4,5,5,0.10486891385767791,0.0749063670411985,0.007855349352635049,CD80_CTLA4_5_5,0.04081632653061224,0.2857142857142857,0.14285714285714285,2.239445200993707
IL2,IL2RA,3,4,0.0,0.11363636363636363,0.0,IL2_IL2RA_3_4,0.003715301735576668,0.06167400881057269,0.060240963855421686,2.237350092955906
IL18,IL18R1,2,2,0.0,0.0,0.0,IL18_IL18R1_2_2,0.003691153611598934,0.07494646680942184,0.04925053533190578,2.22994274258695
B2M,CD8A,10,4,0.8958333333333334,0.33636363636363636,0.3013257575757576,B2M_CD8A_10_4,1.4136546184738956,5.333333333333333,0.26506024096385544,2.2262740644090067
CD80,CTLA4,2,5,0.0,0.0749063670411985,0.0,CD80_CTLA4_2_5,0.0036708473539308656,0.02569593147751606,0.14285714285714285,2.223684297776642
IL15,IL15RA,3,3,0.0,0.0,0.0,IL15_IL15RA_3_3,0.003667837528382076,0.046255506607929514,0.07929515418502203,2.2227543465900985
CXCL11,CXCR3,6,2,0.0,0.0,0.0,CXCL11_CXCR3_6_2,0.003646044331269171,0.12162162162162163,0.029978586723768737,2.216002920009196
CD80,CTLA4,6,4,0.0,0.03636363636363636,0.0,CD80_CTLA4_6_4,0.003609030717464452,0.03153153153153153,0.1144578313253012,2.2044633827290117
TGFB1,TGFBR1,2,0,0.0,0.09782608695652174,0.0,TGFB1_TGFBR1_2_0,0.0035767230628044335,0.08137044967880086,0.04395604395604396,2.1943149972026377
TNF,TNFRSF1A,0,4,0.0,2.5681818181818183,0.0,TNF_TNFRSF1A_0_4,0.0035747385144975505,0.002197802197802198,1.6265060240963856,2.1936892833707127
CCL5,CCR5,5,5,0.1647940074906367,0.10486891385767791,0.017281768575797107,CCL5_CCR5_5_5,0.08163265306122448,0.5714285714285714,0.14285714285714285,2.176306345405294
CXCL12,CXCR4,2,10,2.0,0.0625,0.125,CXCL12_CXCR4_2_10,0.5659223003976751,5.942184154175589,0.09523809523809523,2.169727286253028
CD274,PDCD1,6,2,0.3333333333333333,0.0,0.0,CD274_PDCD1_6_2,0.0034724231726373056,0.05405405405405406,0.06423982869379015,2.1610566998496483
B2M,CD8A,0,5,0.3804347826086957,0.19101123595505617,0.07266731802638007,B2M_CD8A_0_5,0.3268445839874411,0.7626373626373626,0.42857142857142855,2.15391543651854
CXCL13,CXCR5,5,5,0.1198501872659176,0.10861423220973783,0.013017436070080938,CXCL13_CXCR5_5_5,0.06122448979591836,0.42857142857142855,0.14285714285714285,2.150260005948805
CD274,PDCD1,2,2,0.0,0.0,0.0,CD274_PDCD1_2_2,0.0034389629921729205,0.05353319057815846,0.06423982869379015,2.1502226809019875
IL15,IL15RA,10,6,0.020833333333333332,0.0,0.0,IL15_IL15RA_10_6,0.0034320034320034316,0.09523809523809523,0.036036036036036036,2.1479589985649925
WNT7B,FZD1,6,6,0.3333333333333333,0.0,0.0,WNT7B_FZD1_6_6,0.0034088142196250304,0.013513513513513514,0.25225225225225223,2.140390685374472
EGF,EGFR,4,0,0.6909090909090909,0.03260869565217391,0.022529644268774702,EGF_EGFR_4_0,0.10258175559380378,3.5903614457831323,0.02857142857142857,2.138218501281546
VCAM1,ITGA4,2,5,0.5,0.20224719101123595,0.10112359550561797,VCAM1_ITGA4_2_5,0.4469256653410829,1.0428265524625269,0.42857142857142855,2.1329430951286734
CXCL12,CXCR4,2,4,2.0,0.39545454545454545,0.7909090909090909,CXCL12_CXCR4_2_4,3.4364438481979307,5.942184154175589,0.5783132530120482,2.117929419499722
CXCL9,CXCR3,0,2,0.021739130434782608,0.0,0.0,CXCL9_CXCR3_0_2,0.003294350189425136,0.10989010989010989,0.029978586723768737,2.102439842791265
CXCL9,CXCR3,0,10,0.021739130434782608,0.020833333333333332,0.00045289855072463763,CXCL9_CXCR3_0_10,0.0052328623757195184,0.10989010989010989,0.047619047619047616,2.1009608880970787
BMP7,BMPR2,2,0,0.0,0.15217391304347827,0.0,BMP7_BMPR2_2_0,0.0032472880438619194,0.04925053533190578,0.06593406593406594,2.086541953130703
B2M,CD8A,3,5,4.5,0.19101123595505617,0.8595505617977528,B2M_CD8A_3_5,3.6362492133417246,8.484581497797357,0.42857142857142855,2.079515912625202
CCL5,CCR5,0,2,0.010869565217391304,0.0,0.0,CCL5_CCR5_0_2,0.0032002258982987033,0.08791208791208792,0.03640256959314775,2.0704669216035927
CD34,SELL,10,4,0.25,0.41818181818181815,0.10454545454545454,CD34_SELL_10_4,0.4377510040160642,0.6666666666666666,0.6566265060240963,2.0555379783592995
VCAM1,ITGA4,2,4,0.5,0.2818181818181818,0.1409090909090909,VCAM1_ITGA4_2_4,0.5842341528856325,1.0428265524625269,0.5602409638554217,2.0440469506490664
CXCL13,CXCR5,4,2,0.2318181818181818,0.0,0.0,CXCL13_CXCR5_4_2,0.003095895358736875,0.09036144578313253,0.034261241970021415,2.03417885807234
CCL2,CCR2,6,0,0.0,0.021739130434782608,0.0,CCL2_CCR2_6_0,0.003088803088803089,0.17567567567567569,0.017582417582417582,2.0316785863057825
CD274,PDCD1,10,2,0.08333333333333333,0.0,0.0,CD274_PDCD1_10_2,0.0030590394616090547,0.047619047619047616,0.06423982869379015,2.021138365852544
CCL5,CCR5,5,4,0.1647940074906367,0.14545454545454545,0.023970037453183518,CCL5_CCR5_5_4,0.09982788296041308,0.5714285714285714,0.1746987951807229,2.013624766837204
CXCL13,CXCR5,2,3,0.5,0.0,0.0,CXCL13_CXCR5_2_3,0.003018611627314662,0.021413276231263382,0.14096916299559473,2.0066971570380816
CXCL11,CXCR3,4,0,0.1590909090909091,0.010869565217391304,0.0017292490118577075,CXCL11_CXCR3_4_0,0.009929829206937642,0.7530120481927711,0.013186813186813187,2.001694922488128
FASLG,FAS,6,10,0.0,0.08333333333333333,0.0,FASLG_FAS_6_10,0.0030030030030030025,0.03153153153153153,0.09523809523809523,2.0010826980177105
SELE,CD44,5,10,0.07116104868913857,0.22916666666666666,0.016307740324594255,SELE_CD44_5_10,0.06802721088435373,0.14285714285714285,0.47619047619047616,1.9957478112136466
WNT5A,FZD5,0,3,0.021739130434782608,0.0,0.0,WNT5A_FZD5_0_3,0.002943312194413516,0.017582417582417582,0.16740088105726872,1.979407934007086
CD80,CTLA4,2,4,0.0,0.03636363636363636,0.0,CD80_CTLA4_2_4,0.0029411005908000307,0.02569593147751606,0.1144578313253012,1.9785985726161517
CD40LG,CD40,10,0,0.0,0.010869565217391304,0.0,CD40LG_CD40_10_0,0.0029304029304029304,0.09523809523809523,0.03076923076923077,1.9746772198366693
IL15,IL15RA,6,6,0.6666666666666666,0.0,0.0,IL15_IL15RA_6_6,0.0029218407596785976,0.08108108108108109,0.036036036036036036,1.9715309583026377
CD80,CTLA4,3,6,0.0,0.0,0.0,CD80_CTLA4_3_6,0.0028971702980513554,0.16079295154185022,0.018018018018018018,1.9624269755885668
CCL21,CCR7,6,2,0.0,0.0,0.0,CCL21_CCR7_6_2,0.002884040357273762,0.05855855855855856,0.04925053533190578,1.957558191214426
CXCL10,CXCR3,4,4,0.32272727272727275,0.1590909090909091,0.051342975206611574,CXCL10_CXCR3_4_4,0.20119030338220348,2.3855421686746987,0.08433734939759036,1.9496459748133081
CXCL11,CXCR3,10,2,0.0,0.0,0.0,CXCL11_CXCR3_10_2,0.0028551034975017845,0.09523809523809523,0.029978586723768737,1.946769592521172
IL2,IL2RA,3,3,0.0,0.0,0.0,IL2_IL2RA_3_3,0.002852762522074948,0.06167400881057269,0.046255506607929514,1.9458932633959891
IL1B,IL1R1,6,0,0.0,0.07608695652173914,0.0,IL1B_IL1R1_6_0,0.0028512028512028514,0.05405405405405406,0.05274725274725275,1.9453091150115378
CD80,CD28,3,0,0.0,0.010869565217391304,0.0,CD80_CD28_3_0,0.0028271288183182456,0.16079295154185022,0.017582417582417582,1.9362624618690065
CD86,CD28,10,6,0.0,0.0,0.0,CD86_CD28_10_6,0.0027885027885027882,0.047619047619047616,0.05855855855855856,1.9216278097777713
WNT5A,FZD5,6,10,0.0,0.0,0.0,WNT5A_FZD5_6_10,0.0027885027885027882,0.05855855855855856,0.047619047619047616,1.9216278097777713
TGFB1,TGFBR1,6,0,0.0,0.09782608695652174,0.0,TGFB1_TGFBR1_6_0,0.002772002772002772,0.06306306306306306,0.04395604395604396,1.9153307362338958
WNT7B,FZD1,0,6,0.03260869565217391,0.0,0.0,WNT7B_FZD1_0_6,0.002772002772002772,0.01098901098901099,0.25225225225225223,1.9153307362338958
B2M,CD8A,3,0,4.5,0.010869565217391304,0.048913043478260865,B2M_CD8A_3_0,0.18647431863290898,8.484581497797357,0.02197802197802198,1.909204199199116
WNT5A,FZD5,2,10,0.5,0.0,0.0,WNT5A_FZD5_2_10,0.0027531355154481493,0.057815845824411134,0.047619047619047616,1.9080963829334812
CCL2,CCR2,0,10,0.010869565217391304,0.041666666666666664,0.00045289855072463763,CCL2_CCR2_0_10,0.004395604395604396,0.015384615384615385,0.2857142857142857,1.8928506044392457
CD80,CD28,5,4,0.10486891385767791,0.25,0.026217228464419477,CD80_CD28_5_4,0.09982788296041308,0.2857142857142857,0.3493975903614458,1.8893025876299503
CD34,SELL,3,10,1.0,0.020833333333333332,0.020833333333333332,CD34_SELL_3_10,0.07919026641493601,0.33259911894273125,0.23809523809523808,1.8768947254255728
CCL21,CCR7,6,6,0.0,0.0,0.0,CCL21_CCR7_6_6,0.002637772908043178,0.05855855855855856,0.04504504504504504,1.863055483982836
ICAM1,ITGAL,10,0,0.14583333333333334,0.010869565217391304,0.001585144927536232,ICAM1_ITGAL_10_0,0.008372579801151228,0.23809523809523808,0.035164835164835165,1.8582010414364711
CXCL11,CXCR3,0,10,0.0,0.020833333333333332,0.0,CXCL11_CXCR3_0_10,0.0026164311878597592,0.054945054945054944,0.047619047619047616,1.8545667008450721
CXCL11,CXCR3,5,10,0.14606741573033707,0.020833333333333332,0.0030430711610486888,CXCL11_CXCR3_5_10,0.013605442176870746,0.2857142857142857,0.047619047619047616,1.8529825346874575
C5,C5AR1,0,3,0.021739130434782608,0.0,0.0,C5_C5AR1_0_3,0.002609284988139614,0.015384615384615385,0.1696035242290749,1.8517130625322147
PDGFB,PDGFRB,6,10,0.3333333333333333,0.3541666666666667,0.11805555555555555,PDGFB_PDGFRB_6_10,0.42792792792792794,0.25675675675675674,1.6666666666666667,1.8491003108944346
CCL5,CCR5,5,10,0.1647940074906367,0.041666666666666664,0.006866416978776529,CCL5_CCR5_5_10,0.027210884353741492,0.5714285714285714,0.047619047619047616,1.8424733251634442
CXCL13,CXCR5,3,0,0.0,0.010869565217391304,0.0,CXCL13_CXCR5_3_0,0.0025850801181197657,0.3920704845814978,0.006593406593406593,1.842005360132905
CCL5,CCR5,0,10,0.010869565217391304,0.041666666666666664,0.00045289855072463763,CCL5_CCR5_0_10,0.004186289900575615,0.08791208791208792,0.047619047619047616,1.8357688817966282
CXCL12,CXCR4,10,5,1.75,0.2958801498127341,0.5177902621722846,CXCL12_CXCR4_10_5,1.8503401360544216,3.238095238095238,0.5714285714285714,1.8353466724097989
CXCL12,CXCR4,2,0,2.0,0.021739130434782608,0.043478260869565216,CXCL12_CXCR4_2_0,0.15671694472551004,5.942184154175589,0.026373626373626374,1.8261653841932863
TNF,TNFRSF1B,2,0,0.0,0.010869565217391304,0.0,TNF_TNFRSF1B_2_0,0.0025413558604136764,0.057815845824411134,0.04395604395604396,1.82430182318612
IL2,IL2RA,4,3,0.12272727272727273,0.0,0.0,IL2_IL2RA_4_3,0.002507828671514251,0.05421686746987952,0.046255506607929514,1.8105782857550294
ICAM1,ITGAL,4,0,0.8272727272727273,0.010869565217391304,0.00899209486166008,ICAM1_ITGAL_4_0,0.033893817026347146,0.963855421686747,0.035164835164835165,1.8041123436366833
TNF,TNFRSF1A,0,3,0.0,1.0,0.0,TNF_TNFRSF1A_0_3,0.0024785786900324348,0.002197802197802198,1.1277533039647578,1.798497956736552
B2M,CD8A,0,0,0.3804347826086957,0.010869565217391304,0.004135160680529301,B2M_CD8A_0_0,0.016761260717304674,0.7626373626373626,0.02197802197802198,1.7902526650164168
WNT5A,FZD5,3,0,0.0,0.05434782608695652,0.0,WNT5A_FZD5_3_0,0.0024398508980006776,0.18502202643171806,0.013186813186813187,1.7823460319689612
EGF,EGFR,4,6,0.6909090909090909,0.3333333333333333,0.2303030303030303,EGF_EGFR_4_6,0.7924671659611418,3.5903614457831323,0.22072072072072071,1.7783863580482668
VCAM1,ITGA4,4,10,6.8136363636363635,0.0625,0.4258522727272727,VCAM1_ITGA4_4_10,1.4598393574297188,4.379518072289157,0.3333333333333333,1.7749887736767704
TNF,TNFRSF1A,5,10,0.14606741573033707,0.22916666666666666,0.03347378277153558,TNF_TNFRSF1A_5_10,0.11564625850340135,0.14285714285714285,0.8095238095238095,1.7585685148845955
CD86,CD28,6,6,0.0,0.0,0.0,CD86_CD28_6_6,0.0023739956172388606,0.04054054054054054,0.05855855855855856,1.7544580995911372
FGF2,FGFR1,6,0,0.0,0.08695652173913043,0.0,FGF2_FGFR1_6_0,0.0023562023562023558,0.06306306306306306,0.03736263736263736,1.746829703110426
CXCL10,CXCR3,0,6,0.03260869565217391,0.0,0.0,CXCL10_CXCR3_0_6,0.0023166023166023165,0.05714285714285714,0.04054054054054054,1.7297060334519097
B2M,CD8A,5,10,2.337078651685393,0.020833333333333332,0.04868913857677902,B2M_CD8A_5_10,0.16326530612244897,1.7142857142857142,0.09523809523809523,1.7250253697930649
CD80,CTLA4,4,6,0.18636363636363637,0.0,0.0,CD80_CTLA4_4_6,0.002279387821556496,0.12650602409638553,0.018018018018018018,1.7134265254428316
VCAM1,ITGA4,6,10,2.3333333333333335,0.0625,0.14583333333333334,VCAM1_ITGA4_6_10,0.4804804804804804,1.4414414414414414,0.3333333333333333,1.7132977930713456
TGFB1,TGFBR1,0,10,0.010869565217391304,0.08333333333333333,0.0009057971014492753,TGFB1_TGFBR1_0_10,0.0052328623757195184,0.02197802197802198,0.23809523809523808,1.7095003252596963
TGFB1,TGFBR2,0,10,0.010869565217391304,0.6458333333333334,0.007019927536231884,TGFB1_TGFBR2_0_10,0.02511773940345369,0.02197802197802198,1.1428571428571428,1.703368924733619
CD34,SELL,0,5,0.08695652173913043,0.3258426966292135,0.028334147532975085,CD34_SELL_0_5,0.0945054945054945,0.0945054945054945,1.0,1.7030026678261447
IL15,IL15RA,10,2,0.020833333333333332,0.0,0.0,IL15_IL15RA_10_2,0.0022432956051799736,0.09523809523809523,0.023554603854389723,1.6974605220027013
VCAM1,ITGA4,0,10,0.22826086956521738,0.0625,0.014266304347826086,VCAM1_ITGA4_0_10,0.04835164835164835,0.14505494505494507,0.3333333333333333,1.6927474135114913
CXCL11,CXCR3,0,6,0.0,0.0,0.0,CXCL11_CXCR3_0_6,0.0022275022275022277,0.054945054945054944,0.04054054054054054,1.6904180912273716
CXCL9,CXCR3,10,0,0.0625,0.010869565217391304,0.0006793478260869565,CXCL9_CXCR3_10_0,0.004395604395604396,0.3333333333333333,0.013186813186813187,1.6838835022686351
VCAM1,ITGA4,5,10,1.1760299625468165,0.0625,0.07350187265917603,VCAM1_ITGA4_5_10,0.23809523809523808,0.7142857142857143,0.3333333333333333,1.682236802773896
IFNG,IFNGR1,10,3,0.020833333333333332,1.0,0.020833333333333332,IFNG_IFNGR1_10_3,0.06880637717642123,0.19047619047619047,0.36123348017621143,1.6768264342386083
IL6,IL6R,2,2,0.0,0.0,0.0,IL6_IL6R_2_2,0.002187180463021977,0.019271948608137045,0.11349036402569593,1.6722807090234961
IFNG,IFNGR1,10,0,0.020833333333333332,0.11956521739130435,0.002490942028985507,IFNG_IFNGR1_10_0,0.010047095761381476,0.19047619047619047,0.05274725274725275,1.6619788359039376
IL1B,IL1R1,0,2,0.021739130434782608,0.0,0.0,IL1B_IL1R1_0_2,0.00214603383768266,0.017582417582417582,0.12205567451820129,1.6535341879800574
CXCL12,CXCR4,2,3,2.0,1.0,2.0,CXCL12_CXCR4_2_3,6.269396937995831,5.942184154175589,1.0550660792951543,1.647835606302327
CCL5,CCR5,0,0,0.010869565217391304,0.0,0.0,CCL5_CCR5_0_0,0.0021253471802922357,0.08791208791208792,0.024175824175824177,1.6440164609634986
PDGFB,PDGFRB,4,10,0.9181818181818182,0.3541666666666667,0.32518939393939394,PDGFB_PDGFRB_4_10,1.0140562248995986,0.608433734939759,1.6666666666666667,1.6377778631907192
FGF2,FGFR1,0,10,0.010869565217391304,0.3333333333333333,0.003623188405797101,FGF2_FGFR1_0_10,0.013186813186813185,0.01978021978021978,0.6666666666666666,1.6175904881217942
VCAM1,ITGA4,10,6,0.14583333333333334,0.3333333333333333,0.04861111111111111,VCAM1_ITGA4_10_6,0.15100815100815101,1.0476190476190477,0.14414414414414414,1.615413512289341
CD86,CD28,0,6,0.03260869565217391,0.0,0.0,CD86_CD28_0_6,0.002059202059202059,0.035164835164835165,0.05855855855855856,1.6131553995347243
HGF,MET,2,0,0.0,0.06521739130434782,0.0,HGF_MET_2_0,0.002047203331999906,0.032119914346895075,0.06373626373626373,1.6074857705464165
C5,C5AR1,0,2,0.021739130434782608,0.0,0.0,C5_C5AR1_0_2,0.0020424971174435843,0.015384615384615385,0.13276231263383298,1.6052558960854897
CD86,CD28,10,2,0.0,0.0,0.0,CD86_CD28_10_2,0.002039359641072703,0.047619047619047616,0.042826552462526764,1.6037673960492556
CXCL13,CXCR5,4,6,0.2318181818181818,0.0,0.0,CXCL13_CXCR5_4_6,0.0020351676978183,0.09036144578313253,0.02252252252252252,1.6017762298671223
TNF,TNFRSF1B,5,10,0.14606741573033707,0.10416666666666667,0.015215355805243446,TNF_TNFRSF1B_5_10,0.047619047619047616,0.14285714285714285,0.3333333333333333,1.5841609527526213
CCL19,CCR7,6,2,0.6666666666666666,0.0,0.0,CCL19_CCR7_6_2,0.0019966433242664507,0.04054054054054054,0.04925053533190578,1.5833473771666666
EGF,EGFR,4,2,0.6909090909090909,0.5,0.34545454545454546,EGF_EGFR_4_2,1.0225226387348108,3.5903614457831323,0.284796573875803,1.5628050233802813
B2M,CD8A,6,5,3.6666666666666665,0.19101123595505617,0.7003745318352059,B2M_CD8A_6_5,2.0617760617760617,4.8108108108108105,0.42857142857142855,1.5563302586604264
IL6,IL6R,6,10,0.0,0.10416666666666667,0.0,IL6_IL6R_6_10,0.0019305019305019305,0.04054054054054054,0.047619047619047616,1.5511477877289124
IL15,IL15RA,6,2,0.6666666666666666,0.0,0.0,IL15_IL15RA_6_2,0.0019098327449505181,0.08108108108108109,0.023554603854389723,1.5409362304651277
IFNG,IFNGR1,6,0,0.0,0.11956521739130435,0.0,IFNG_IFNGR1_6_0,0.0019008019008019009,0.036036036036036036,0.05274725274725275,1.5364517755465348
SELE,CD44,4,10,0.2,0.22916666666666666,0.04583333333333334,SELE_CD44_4_10,0.13482501434308664,0.28313253012048195,0.47619047619047616,1.5361415696324254
IL2,IL2RA,6,4,0.0,0.11363636363636363,0.0,IL2_IL2RA_6_4,0.00189948985129708,0.03153153153153153,0.060240963855421686,1.5357990886034665
B2M,CD8A,4,5,10.7,0.19101123595505617,2.043820224719101,B2M_CD8A_4_5,5.90447504302926,13.77710843373494,0.42857142857142855,1.5300791055528857
CD86,CD28,2,0,0.0,0.010869565217391304,0.0,CD86_CD28_2_0,0.001882485822528649,0.10706638115631692,0.017582417582417582,1.5273135120165402
IL15,IL15RA,10,4,0.020833333333333332,0.1318181818181818,0.0027462121212121207,IL15_IL15RA_10_4,0.009753298909925415,0.09523809523809523,0.10240963855421686,1.5212748229181823
VCAM1,ITGA4,3,3,0.5,1.0,0.5,VCAM1_ITGA4_3_3,1.4348231093170836,1.2290748898678414,1.1674008810572687,1.518995514283544
ICAM1,ITGAL,3,4,1.0,0.10909090909090909,0.10909090909090909,ICAM1_ITGAL_3_4,0.3144737540470251,0.5220264317180616,0.6024096385542169,1.5188246433827317
TNF,TNFRSF1A,0,2,0.0,0.0,0.0,TNF_TNFRSF1A_0_2,0.0018542485351907194,0.002197802197802198,0.8436830835117773,1.5131109637119813
CD80,CD28,6,6,0.0,0.0,0.0,CD80_CD28_6_6,0.0018464410356302246,0.03153153153153153,0.05855855855855856,1.5091592144366117
CXCL10,CXCR3,5,0,0.12359550561797752,0.010869565217391304,0.00134342940889106,CXCL10_CXCR3_5_0,0.0056514913657770794,0.42857142857142855,0.013186813186813187,1.5050565139295122
CCL19,CCR7,6,6,0.6666666666666666,0.0,0.0,CCL19_CCR7_6_6,0.0018261504747991235,0.04054054054054054,0.04504504504504504,1.4988382821853168
CD80,CD28,5,0,0.10486891385767791,0.010869565217391304,0.0011398794984530207,CD80_CD28_5_0,0.005023547880690738,0.2857142857142857,0.017582417582417582,1.4930839299158727
TNF,TNFRSF1B,5,0,0.14606741573033707,0.010869565217391304,0.0015876893014167073,TNF_TNFRSF1B_5_0,0.006279434850863423,0.14285714285714285,0.04395604395604396,1.4921620428442504
CXCL12,CXCR4,10,10,1.75,0.0625,0.109375,CXCL12_CXCR4_10_10,0.30839002267573695,3.238095238095238,0.09523809523809523,1.4870132350983125
IFNG,IFNGR1,10,10,0.020833333333333332,0.125,0.0026041666666666665,IFNG_IFNGR1_10_10,0.009070294784580497,0.19047619047619047,0.047619047619047616,1.4823682834940237
B2M,CD8A,2,4,1.0,0.33636363636363636,0.33636363636363636,B2M_CD8A_2_4,0.9416165733598205,3.5524625267665955,0.26506024096385544,1.48236657017621
TNF,TNFRSF1A,0,10,0.0,0.22916666666666666,0.0,TNF_TNFRSF1A_0_10,0.0017791732077446364,0.002197802197802198,0.8095238095238095,1.4746557511153686
IL6,IL6R,0,2,0.05434782608695652,0.0,0.0,IL6_IL6R_0_2,0.0017460056003953221,0.015384615384615385,0.11349036402569593,1.4573345678208909
CD86,CD28,6,2,0.0,0.0,0.0,CD86_CD28_6_2,0.0017362115863186526,0.04054054054054054,0.042826552462526764,1.4521797955490827
EGF,EGFR,0,6,0.010869565217391304,0.3333333333333333,0.003623188405797101,EGF_EGFR_0_6,0.011642411642411641,0.05274725274725275,0.22072072072072071,1.4513116334313128
WNT5A,FZD5,0,2,0.021739130434782608,0.0,0.0,WNT5A_FZD5_0_2,0.001731886956726357,0.017582417582417582,0.09850107066381156,1.4498977873086596
CCL2,CCR2,4,10,1.3772727272727272,0.041666666666666664,0.05738636363636363,CCL2_CCR2_4_10,0.15834767641996558,0.5542168674698795,0.2857142857142857,1.4484746156528052
IFNG,IFNGR1,6,10,0.0,0.125,0.0,IFNG_IFNGR1_6_10,0.0017160017160017158,0.036036036036036036,0.047619047619047616,1.4414843910945678
CXCL10,CXCR3,0,2,0.03260869565217391,0.0,0.0,CXCL10_CXCR3_0_2,0.0017130620985010706,0.05714285714285714,0.029978586723768737,1.4399220694311476
VEGFA,FLT1,0,10,0.2608695652173913,0.1875,0.048913043478260865,VEGFA_FLT1_0_10,0.13396127681841968,0.17582417582417584,0.7619047619047619,1.4350567467596718
CXCL12,CXCR4,10,4,1.75,0.39545454545454545,0.6920454545454545,CXCL12_CXCR4_10_4,1.8726333907056798,3.238095238095238,0.5783132530120482,1.4348168098308614
TNF,TNFRSF1A,0,6,0.0,2.0,0.0,TNF_TNFRSF1A_0_6,0.0017028017028017028,0.002197802197802198,0.7747747747747747,1.4344556691501174
IL15,IL15RA,3,6,0.0,0.0,0.0,IL15_IL15RA_3_6,0.001666865102988451,0.046255506607929514,0.036036036036036036,1.4151448514461755
CXCL9,CXCR3,10,4,0.0625,0.1590909090909091,0.009943181818181818,CXCL9_CXCR3_10_4,0.028112449799196783,0.3333333333333333,0.08433734939759036,1.411603972371106
HGF,MET,10,3,0.020833333333333332,0.5,0.010416666666666666,HGF_MET_10_3,0.02936857562408223,0.047619047619047616,0.6167400881057269,1.4114377560804785
CD86,CD28,0,5,0.03260869565217391,0.21348314606741572,0.0069614069369809475,CD86_CD28_0_5,0.020094191522762952,0.035164835164835165,0.5714285714285714,1.4057504834707744
CXCL11,CXCR3,0,2,0.0,0.0,0.0,CXCL11_CXCR3_0_2,0.001647175094712568,0.054945054945054944,0.029978586723768737,1.4044536235900416
CXCL13,CXCR5,10,2,0.0625,0.0,0.0,CXCL13_CXCR5_10_2,0.0016314877128581625,0.047619047619047616,0.034261241970021415,1.3958786585054042
EGF,EGFR,4,4,0.6909090909090909,1.1772727272727272,0.8133884297520662,EGF_EGFR_4_4,2.14123965742488,3.5903614457831323,0.5963855421686747,1.39533091693513
CXCL13,CXCR5,6,4,0.0,0.22272727272727272,0.0,CXCL13_CXCR5_6_4,0.0016281341582546403,0.02702702702702703,0.060240963855421686,1.3940389227335015
CXCL10,CXCR3,3,0,0.5,0.010869565217391304,0.005434782608695652,CXCL10_CXCR3_3_0,0.01588807668102822,1.2048458149779735,0.013186813186813187,1.3920417197460069
C5,C5AR1,10,5,0.041666666666666664,0.17228464419475656,0.00717852684144819,C5_C5AR1_10_5,0.02040816326530612,0.14285714285714285,0.14285714285714285,1.3882481175856622
B2M,CD8A,6,0,3.6666666666666665,0.010869565217391304,0.03985507246376811,B2M_CD8A_6_0,0.10573210573210573,4.8108108108108105,0.02197802197802198,1.3854070977576942
CD34,SELL,5,5,0.50187265917603,0.3258426966292135,0.1635315406303918,CD34_SELL_5_5,0.42857142857142855,0.42857142857142855,1.0,1.3845338662080775
CXCL10,CXCR3,6,10,0.3333333333333333,0.020833333333333332,0.006944444444444444,CXCL10_CXCR3_6_10,0.019734019734019732,0.4144144144144144,0.047619047619047616,1.3839816004629233
CXCL11,CXCR3,6,0,0.0,0.010869565217391304,0.0,CXCL11_CXCR3_6_0,0.001603801603801604,0.12162162162162163,0.013186813186813187,1.3806195268001231
B2M,CD8A,4,0,10.7,0.010869565217391304,0.11630434782608695,B2M_CD8A_4_0,0.3027935919502185,13.77710843373494,0.02197802197802198,1.3728349516532103
CD86,CD28,4,5,0.2727272727272727,0.21348314606741572,0.058222676200204285,CD86_CD28_4_5,0.1514629948364888,0.26506024096385544,0.5714285714285714,1.364237529694626
VEGFA,FLT1,6,10,2.6666666666666665,0.1875,0.5,VEGFA_FLT1_6_10,1.2767052767052767,1.6756756756756757,0.7619047619047619,1.3506725852861408
SELE,CD44,5,3,0.07116104868913857,1.0,0.07116104868913857,SELE_CD44_5_3,0.1828193832599119,0.14285714285714285,1.2797356828193833,1.3489966929649229
FGF2,FGFR1,10,5,0.16666666666666666,0.5767790262172284,0.0961298377028714,FGF2_FGFR1_10_5,0.24489795918367344,0.5714285714285714,0.42857142857142855,1.3400733053207061
CD86,CD28,0,2,0.03260869565217391,0.0,0.0,CD86_CD28_0_2,0.0015059886580229191,0.035164835164835165,0.042826552462526764,1.3253798851102452
CD80,CD28,2,6,0.0,0.0,0.0,CD80_CD28_2_6,0.0015047167081428323,0.02569593147751606,0.05855855855855856,1.324647439001533
CD80,CTLA4,6,10,0.0,0.0,0.0,CD80_CTLA4_6_10,0.0015015015015015013,0.03153153153153153,0.047619047619047616,1.3227943182942854
VEGFA,FLT1,10,10,0.22916666666666666,0.1875,0.04296875,VEGFA_FLT1_10_10,0.10884353741496597,0.14285714285714285,0.7619047619047619,1.3208995686148368
EGF,EGFR,0,2,0.010869565217391304,0.5,0.005434782608695652,EGF_EGFR_0_2,0.01502223686377862,0.05274725274725275,0.284796573875803,1.3161122617138323
FASLG,FAS,2,0,0.0,0.05434782608695652,0.0,FASLG_FAS_2_0,0.001482457585241311,0.044967880085653104,0.03296703296703297,1.3117690683740837
CD274,PDCD1,4,10,0.2863636363636364,0.041666666666666664,0.011931818181818182,CD274_PDCD1_4_10,0.03098106712564544,0.21686746987951808,0.14285714285714285,1.3062929498484304
ICAM1,ITGAL,5,4,0.3146067415730337,0.10909090909090909,0.034320735444330945,ICAM1_ITGAL_5_4,0.08605851979345956,0.14285714285714285,0.6024096385542169,1.3014701080794162
HGF,MET,10,10,0.020833333333333332,0.10416666666666667,0.002170138888888889,HGF_MET_10_10,0.006802721088435373,0.047619047619047616,0.14285714285714285,1.2994312826375507
CD274,PDCD1,6,6,0.3333333333333333,0.0,0.0,CD274_PDCD1_6_6,0.001460920379839299,0.05405405405405406,0.02702702702702703,1.299197981863858
FGF2,FGFR1,10,3,0.16666666666666666,0.5,0.08333333333333333,FGF2_FGFR1_10_3,0.20641913152926367,0.5714285714285714,0.36123348017621143,1.298374084636662
IL2,IL2RA,6,3,0.0,0.0,0.0,IL2_IL2RA_6_3,0.0014585069651148945,0.03153153153153153,0.046255506607929514,1.2977824424159952
CXCL11,CXCR3,4,4,0.1590909090909091,0.1590909090909091,0.0253099173553719,CXCL11_CXCR3_4_4,0.06350704020902889,0.7530120481927711,0.08433734939759036,1.2938499061454698
FGF2,FGFR1,5,10,0.46441947565543074,0.3333333333333333,0.15480649188514356,FGF2_FGFR1_5_10,0.38095238095238093,0.5714285714285714,0.6666666666666666,1.2936374382733835
CD40LG,CD40,2,0,0.0,0.010869565217391304,0.0,CD40LG_CD40_2_0,0.00144951408334706,0.047109207708779445,0.03076923076923077,1.292495586340729
CD274,PDCD1,2,6,0.0,0.0,0.0,CD274_PDCD1_2_6,0.0014468429885988773,0.05353319057815846,0.02702702702702703,1.2909215281286346
C5,C5AR1,5,10,0.2397003745318352,0.020833333333333332,0.004993757802746567,C5_C5AR1_5_10,0.013605442176870746,0.14285714285714285,0.09523809523809523,1.2849733427725243
WNT5A,FZD5,10,5,0.020833333333333332,0.2397003745318352,0.004993757802746567,WNT5A_FZD5_10_5,0.013605442176870746,0.09523809523809523,0.14285714285714285,1.2849733427725243
VCAM1,ITGA4,2,3,0.5,1.0,0.5,VCAM1_ITGA4_2_3,1.217396636134668,1.0428265524625269,1.1674008810572687,1.2821013552805156
FASLG,FAS,0,2,0.010869565217391304,0.0,0.0,FASLG_FAS_0_2,0.0014259830105654518,0.006593406593406593,0.21627408993576017,1.2785694471365785
CD40LG,CD40,0,6,0.021739130434782608,0.0,0.0,CD40LG_CD40_0_6,0.0014256014256014257,0.006593406593406593,0.21621621621621623,1.2783425065386538
CXCL9,CXCR3,5,10,0.10861423220973783,0.020833333333333332,0.002262796504369538,CXCL9_CXCR3_5_10,0.006802721088435373,0.14285714285714285,0.047619047619047616,1.257868319628278
IL2,IL2RA,3,6,0.0,0.0,0.0,IL2_IL2RA_3_6,0.0013890542524903759,0.06167400881057269,0.02252252252252252,1.2564396160002345
CCL2,CCR2,0,6,0.010869565217391304,0.0,0.0,CCL2_CCR2_0_6,0.001386001386001386,0.015384615384615385,0.09009009009009009,1.2545948810787173
VEGFA,FLT1,4,10,5.036363636363636,0.1875,0.9443181818181818,VEGFA_FLT1_4_10,2.2489959839357425,2.9518072289156625,0.7619047619047619,1.2510505177548297
CD40LG,CD40,0,3,0.021739130434782608,0.0,0.0,CD40LG_CD40_0_3,0.0013796775911313354,0.006593406593406593,0.2092511013215859,1.2507661242962624
TGFB1,TGFBR1,0,6,0.010869565217391304,0.3333333333333333,0.003623188405797101,TGFB1_TGFBR1_0_6,0.009900009900009901,0.02197802197802198,0.45045045045045046,1.237369383241277
EGF,EGFR,0,4,0.010869565217391304,1.1772727272727272,0.012796442687747035,EGF_EGFR_0_4,0.031457698927578444,0.05274725274725275,0.5963855421686747,1.234264397819044
CCL19,CCR7,10,10,0.08333333333333333,0.0625,0.005208333333333333,CCL19_CCR7_10_10,0.013605442176870746,0.14285714285714285,0.09523809523809523,1.2342281112814035
CD80,CD28,6,2,0.0,0.0,0.0,CD80_CD28_6_2,0.001350386789358952,0.03153153153153153,0.042826552462526764,1.232898192182848
CXCL12,CXCR4,3,5,1.5,0.2958801498127341,0.4438202247191011,CXCL12_CXCR4_3_5,1.0421648835745752,1.8237885462555066,0.5714285714285714,1.229672919616248
VEGFA,FLT1,3,10,0.5,0.1875,0.09375,VEGFA_FLT1_3_10,0.2198447661002727,0.28854625550660795,0.7619047619047619,1.2208347933063235
TNF,TNFRSF1B,0,4,0.0,0.43636363636363634,0.0,TNF_TNFRSF1B_0_4,0.0013239772275916856,0.002197802197802198,0.6024096385542169,1.2165959319948048
PDGFA,PDGFRA,0,2,0.03260869565217391,0.0,0.0,PDGFA_PDGFRA_0_2,0.0013177400757700543,0.015384615384615385,0.08565310492505353,1.2127187835904714
IL15,IL15RA,2,4,0.0,0.1318181818181818,0.0,IL15_IL15RA_2_4,0.0013157555274631717,0.01284796573875803,0.10240963855421686,1.211482957155751
CXCL9,CXCR3,0,4,0.021739130434782608,0.1590909090909091,0.003458498023715415,CXCL9_CXCR3_0_4,0.009267840593141797,0.10989010989010989,0.08433734939759036,1.2035031207342692
CXCL11,CXCR3,3,10,1.0,0.020833333333333332,0.020833333333333332,CXCL11_CXCR3_3_10,0.04919236417033773,1.0330396475770924,0.047619047619047616,1.2009354958667025
TGFB1,TGFBR1,4,10,0.21818181818181817,0.08333333333333333,0.01818181818181818,TGFB1_TGFBR1_4_10,0.043029259896729774,0.18072289156626506,0.23809523809523808,1.1987231185292173
CD34,SELL,4,5,1.5136363636363637,0.3258426966292135,0.49320735444330954,CD34_SELL_4_5,1.1325301204819278,1.1325301204819278,1.0,1.1976343421840125
CXCL13,CXCR5,6,10,0.0,0.10416666666666667,0.0,CXCL13_CXCR5_6_10,0.001287001287001287,0.02702702702702703,0.047619047619047616,1.193457177620968
CD274,PDCD1,10,6,0.08333333333333333,0.0,0.0,CD274_PDCD1_10_6,0.001287001287001287,0.047619047619047616,0.02702702702702703,1.193457177620968
BMP4,BMPR1A,0,2,0.010869565217391304,0.0,0.0,BMP4_BMPR1A_0_2,0.0012847965738758032,0.015384615384615385,0.0835117773019272,1.192065721114763
CXCL11,CXCR3,10,0,0.0,0.010869565217391304,0.0,CXCL11_CXCR3_10_0,0.0012558869701726845,0.09523809523809523,0.013186813186813187,1.1736947842010361
WNT7B,FZD1,10,10,0.020833333333333332,0.16666666666666666,0.003472222222222222,WNT7B_FZD1_10_10,0.009070294784580497,0.047619047619047616,0.19047619047619047,1.1710421337372874
CD40LG,CD40,6,0,0.0,0.010869565217391304,0.0,CD40LG_CD40_6_0,0.0012474012474012475,0.04054054054054054,0.03076923076923077,1.1682577239646084
SELE,CD44,10,10,0.041666666666666664,0.22916666666666666,0.00954861111111111,SELE_CD44_10_10,0.022675736961451243,0.047619047619047616,0.47619047619047616,1.166356275402284
CCL2,CCR2,0,5,0.010869565217391304,0.2209737827715356,0.002401888943168865,CCL2_CCR2_0_5,0.006593406593406593,0.015384615384615385,0.42857142857142855,1.1584112161179432
CD80,CTLA4,2,10,0.0,0.0,0.0,CD80_CTLA4_2_10,0.0012236157846436217,0.02569593147751606,0.047619047619047616,1.1529075284052366
ICAM1,ITGAL,0,0,0.03260869565217391,0.010869565217391304,0.0003544423440453686,ICAM1_ITGAL_0_0,0.002009419152276295,0.05714285714285714,0.035164835164835165,1.1517860772637303
IL2,IL2RA,4,6,0.12272727272727273,0.0,0.0,IL2_IL2RA_4_6,0.00122110061869098,0.05421686746987952,0.02252252252252252,1.1512747502907623
CXCL10,CXCR3,0,10,0.03260869565217391,0.020833333333333332,0.0006793478260869565,CXCL10_CXCR3_0_10,0.0027210884353741495,0.05714285714285714,0.047619047619047616,1.1478236061088303
CXCL12,CXCR4,10,0,1.75,0.021739130434782608,0.03804347826086957,CXCL12_CXCR4_10_0,0.08540031397174254,3.238095238095238,0.026373626373626374,1.1459549712384178
CCL21,CCR7,0,2,0.05434782608695652,0.0,0.0,CCL21_CCR7_0_2,0.0011906722827493706,0.024175824175824177,0.04925053533190578,1.1313736781141293
C5,C5AR1,0,6,0.021739130434782608,0.0,0.0,C5_C5AR1_0_6,0.001178101178101178,0.015384615384615385,0.07657657657657657,1.1230709723075527
CD40LG,CD40,4,0,0.25,0.010869565217391304,0.002717391304347826,CD40LG_CD40_4_0,0.007043558850787767,0.2289156626506024,0.03076923076923077,1.1135434003338538
ICAM1,ITGAL,0,3,0.03260869565217391,0.5,0.016304347826086956,ICAM1_ITGAL_0_3,0.03624921334172436,0.05714285714285714,0.6343612334801763,1.1060753883251366
CD80,CTLA4,6,2,0.0,0.0,0.0,CD80_CTLA4_6_2,0.001147828770955109,0.03153153153153153,0.03640256959314775,1.1028789834813497
IFNG,IFNGR1,2,0,0.0,0.11956521739130435,0.0,IFNG_IFNGR1_2_0,0.0011294914935171894,0.021413276231263382,0.05274725274725275,1.0905089668992496
FGF2,FGFR1,10,4,0.16666666666666666,1.5954545454545455,0.2659090909090909,FGF2_FGFR1_10_4,0.5645438898450946,0.5714285714285714,0.9879518072289156,1.0832905465474654
CD80,CD28,2,2,0.0,0.0,0.0,CD80_CD28_2_2,0.0011004681574953343,0.02569593147751606,0.042826552462526764,1.0707109151404122
WNT7B,FZD1,10,0,0.020833333333333332,0.03260869565217391,0.0006793478260869565,WNT7B_FZD1_10_0,0.002511773940345369,0.047619047619047616,0.05274725274725275,1.064298906955457
IL15,IL15RA,3,2,0.0,0.0,0.0,IL15_IL15RA_3_2,0.0010895301342338857,0.046255506607929514,0.023554603854389723,1.0631785646887029
CCL21,CCR7,0,6,0.05434782608695652,0.0,0.0,CCL21_CCR7_0_6,0.001089001089001089,0.024175824175824177,0.04504504504504504,1.0628132444854719
CCL19,CCR7,0,2,0.07608695652173914,0.0,0.0,CCL19_CCR7_0_2,0.0010824293479539733,0.02197802197802198,0.04925053533190578,1.0582675490911702
IL18,IL18R1,0,2,0.07608695652173914,0.0,0.0,IL18_IL18R1_0_2,0.0010824293479539733,0.02197802197802198,0.04925053533190578,1.0582675490911702
BMP4,BMPR1A,5,10,0.23220973782771537,0.16666666666666666,0.03870162297128589,BMP4_BMPR1A_5_10,0.08163265306122448,0.2857142857142857,0.2857142857142857,1.0575140038556126
CXCL13,CXCR5,10,6,0.0625,0.0,0.0,CXCL13_CXCR5_10_6,0.0010725010725010724,0.047619047619047616,0.02252252252252252,1.0513728483032108
TNF,TNFRSF1B,0,3,0.0,0.5,0.0,TNF_TNFRSF1B_0_3,0.0010698552548772814,0.002197802197802198,0.486784140969163,1.0495298834868834
ICAM1,ITGAL,10,3,0.14583333333333334,0.5,0.07291666666666667,ICAM1_ITGAL_10_3,0.1510383889238515,0.23809523809523808,0.6343612334801763,1.0404640390574214
ANGPT1,TEK,10,10,0.16666666666666666,0.22916666666666666,0.03819444444444444,ANGPT1_TEK_10_10,0.07936507936507936,0.23809523809523808,0.3333333333333333,1.035919574254943
SELE,CD44,5,6,0.07116104868913857,0.3333333333333333,0.023720349563046188,SELE_CD44_5_6,0.04954954954954955,0.14285714285714285,0.34684684684684686,1.0319990921283697
FASLG,FAS,6,0,0.0,0.05434782608695652,0.0,FASLG_FAS_6_0,0.0010395010395010393,0.03153153153153153,0.03296703296703297,1.0282162424491967
IFNG,IFNGR1,2,10,0.0,0.125,0.0,IFNG_IFNGR1_2_10,0.0010196798205363514,0.021413276231263382,0.047619047619047616,1.0141266009292402
IL15,IL15RA,2,3,0.0,0.0,0.0,IL15_IL15RA_2_3,0.0010187814242186984,0.01284796573875803,0.07929515418502203,1.0134847168773402
C5,C5AR1,4,10,0.42727272727272725,0.020833333333333332,0.00890151515151515,C5_C5AR1_4_10,0.0189328743545611,0.19879518072289157,0.09523809523809523,1.0094285527200597
TNF,TNFRSF1A,4,10,0.2318181818181818,0.22916666666666666,0.053125,TNF_TNFRSF1A_4_10,0.10728628800917958,0.13253012048192772,0.8095238095238095,1.0004835451079221
CD80,CTLA4,4,4,0.18636363636363637,0.03636363636363636,0.006776859504132231,CD80_CTLA4_4_4,0.014479605167658584,0.12650602409638553,0.1144578313253012,0.9931090931169415
CCL19,CCR7,0,6,0.07608695652173914,0.0,0.0,CCL19_CCR7_0_6,0.00099000099000099,0.02197802197802198,0.04504504504504504,0.9927691484921219
CXCL9,CXCR3,0,0,0.021739130434782608,0.010869565217391304,0.00023629489603024573,CXCL9_CXCR3_0_0,0.0014491003501992514,0.10989010989010989,0.013186813186813187,0.9862289751641181
WNT5A,FZD5,10,4,0.020833333333333332,0.6818181818181818,0.014204545454545452,WNT5A_FZD5_10_4,0.02868617326448652,0.09523809523809523,0.30120481927710846,0.9652884456767258
CXCL12,CXCR4,10,3,1.75,1.0,1.75,CXCL12_CXCR4_10_3,3.416404447241452,3.238095238095238,1.0550660792951543,0.9647219159711689
TNF,TNFRSF1A,0,5,0.0,0.9325842696629213,0.0,TNF_TNFRSF1A_0_5,0.0009419152276295133,0.002197802197802198,0.42857142857142855,0.9574802227200693
TNF,TNFRSF1B,4,0,0.2318181818181818,0.010869565217391304,0.002519762845849802,TNF_TNFRSF1B_4_0,0.005825499801403417,0.13253012048192772,0.04395604395604396,0.9554564657212148
CD80,CTLA4,2,2,0.0,0.0,0.0,CD80_CTLA4_2_2,0.0009353979338710342,0.02569593147751606,0.03640256959314775,0.9526302269375004
CXCL13,CXCR5,6,2,0.0,0.0,0.0,CXCL13_CXCR5_6_2,0.0009259795127032816,0.02702702702702703,0.034261241970021415,0.9455923568269695
BMP4,BMPR1A,0,10,0.010869565217391304,0.16666666666666666,0.0018115942028985505,BMP4_BMPR1A_0_10,0.004395604395604396,0.015384615384615385,0.2857142857142857,0.9403961887070382
IL6,IL6R,2,10,0.0,0.10416666666666667,0.0,IL6_IL6R_2_10,0.0009177118384827164,0.019271948608137045,0.047619047619047616,0.939385952668455
CTGF,ITGAV,10,10,0.8333333333333334,0.3333333333333333,0.2777777777777778,CTGF_ITGAV_10_10,0.5306122448979592,0.8571428571428571,0.6190476190476191,0.9312587711407431
CCL21,CCR7,6,0,0.0,0.010869565217391304,0.0,CCL21_CCR7_6_0,0.0009009009009009009,0.05855855855855856,0.015384615384615385,0.9266833223570791
EGF,EGFR,4,5,0.6909090909090909,0.39325842696629215,0.27170582226762,EGF_EGFR_4_5,0.5129087779690189,3.5903614457831323,0.14285714285714285,0.9141667926154567
CTGF,ITGAV,2,10,0.5,0.3333333333333333,0.16666666666666666,CTGF_ITGAV_2_10,0.3141633527072499,0.5074946466809421,0.6190476190476191,0.9105038882089009
CXCL9,CXCR3,3,10,1.5,0.020833333333333332,0.03125,CXCL9_CXCR3_3_10,0.059261590098594503,1.2444933920704846,0.047619047619047616,0.901939580718601
PDGFA,PDGFRA,10,6,0.0625,0.6666666666666666,0.041666666666666664,PDGFA_PDGFRA_10_6,0.07850707850707851,0.2857142857142857,0.2747747747747748,0.8979739047156156
CCL19,CCR7,10,4,0.08333333333333333,0.15,0.012499999999999999,CCL19_CCR7_10_4,0.024096385542168672,0.14285714285714285,0.1686746987951807,0.8945201905302537
EGF,EGFR,0,0,0.010869565217391304,0.03260869565217391,0.0003544423440453686,EGF_EGFR_0_0,0.0015070643642072213,0.05274725274725275,0.02857142857142857,0.8883000530068125
CD274,PDCD1,0,2,0.021739130434782608,0.0,0.0,CD274_PDCD1_0_2,0.0008471186201378921,0.013186813186813187,0.06423982869379015,0.8852765177494699
CXCL12,CXCR4,3,10,1.5,0.0625,0.09375,CXCL12_CXCR4_3_10,0.17369414726242918,1.8237885462555066,0.09523809523809523,0.8826334263900091
C5,C5AR1,10,0,0.041666666666666664,0.021739130434782608,0.0009057971014492753,C5_C5AR1_10_0,0.002511773940345369,0.14285714285714285,0.017582417582417582,0.8818054462886853
CXCL11,CXCR3,5,0,0.14606741573033707,0.010869565217391304,0.0015876893014167073,CXCL11_CXCR3_5_0,0.0037676609105180532,0.2857142857142857,0.013186813186813187,0.8816172246371844
WNT5A,FZD5,0,10,0.021739130434782608,0.0,0.0,WNT5A_FZD5_0_10,0.000837257980115123,0.017582417582417582,0.047619047619047616,0.8775542179032982
CD86,CD28,10,0,0.0,0.010869565217391304,0.0,CD86_CD28_10_0,0.000837257980115123,0.047619047619047616,0.017582417582417582,0.8775542179032982
CD274,PDCD1,2,0,0.0,0.010869565217391304,0.0,CD274_PDCD1_2_0,0.0008235875473562841,0.05353319057815846,0.015384615384615385,0.866779462687396
SELE,CD44,4,3,0.2,1.0,0.2,SELE_CD44_4_3,0.3623348017621146,0.28313253012048195,1.2797356828193833,0.8541040584723862
PDGFB,PDGFRB,5,10,0.3707865168539326,0.3541666666666667,0.13132022471910113,PDGFB_PDGFRB_5_10,0.23809523809523808,0.14285714285714285,1.6666666666666667,0.8535518073651545
IL6,IL6R,6,0,0.0,0.03260869565217391,0.0,IL6_IL6R_6_0,0.0008019008019008019,0.04054054054054054,0.01978021978021978,0.8495195902052703
BMP4,BMPR1A,10,0,0.14583333333333334,0.05434782608695652,0.00792572463768116,BMP4_BMPR1A_10_0,0.015070643642072213,0.42857142857142855,0.035164835164835165,0.8483865066084371
CXCL10,CXCR3,5,4,0.12359550561797752,0.1590909090909091,0.019662921348314606,CXCL10_CXCR3_5_4,0.03614457831325301,0.42857142857142855,0.08433734939759036,0.8461074093147104
CD80,CD28,4,5,0.18636363636363637,0.21348314606741572,0.03978549540347293,CD80_CD28_4_5,0.07228915662650602,0.12650602409638553,0.5714285714285714,0.8455435866653763
TNF,TNFRSF1B,4,10,0.2318181818181818,0.10416666666666667,0.024147727272727272,TNF_TNFRSF1B_4_10,0.04417670682730924,0.13253012048192772,0.3333333333333333,0.8451510865009025
WNT7B,FZD1,10,4,0.020833333333333332,0.8090909090909091,0.016856060606060604,WNT7B_FZD1_10_4,0.030981067125645436,0.047619047619047616,0.6506024096385542,0.8408042496260011
CXCL12,CXCR4,3,4,1.5,0.39545454545454545,0.5931818181818181,CXCL12_CXCR4_3_4,1.0547210869911363,1.8237885462555066,0.5783132530120482,0.8292523717784083
WNT5A,FZD5,6,0,0.0,0.05434782608695652,0.0,WNT5A_FZD5_6_0,0.0007722007722007722,0.05855855855855856,0.013186813186813187,0.825542055727254
IFNG,IFNGR1,0,2,0.021739130434782608,0.0,0.0,IFNG_IFNGR1_0_2,0.000771819187236746,0.004395604395604396,0.17558886509635974,0.8252313855032112
CD274,PDCD1,10,10,0.08333333333333333,0.041666666666666664,0.003472222222222222,CD274_PDCD1_10_10,0.006802721088435373,0.047619047619047616,0.14285714285714285,0.8029854545071557
CXCL13,CXCR5,2,2,0.5,0.0,0.0,CXCL13_CXCR5_2_2,0.0007336454383302229,0.021413276231263382,0.034261241970021415,0.7938088716467857
IL1B,IL1R1,4,10,0.18181818181818182,0.10416666666666667,0.01893939393939394,IL1B_IL1R1_4_10,0.03356282271944922,0.23493975903614459,0.14285714285714285,0.7935994866304428
TNF,TNFRSF1B,0,10,0.0,0.10416666666666667,0.0,TNF_TNFRSF1B_0_10,0.0007326007326007326,0.002197802197802198,0.3333333333333333,0.7929392324195428
CXCL12,CXCR4,4,5,8.077272727272728,0.2958801498127341,2.389904664623766,CXCL12_CXCR4_4_5,4.130808950086059,7.228915662650603,0.5714285714285714,0.7892169423418977
IFNG,IFNGR1,5,6,0.15355805243445692,0.6666666666666666,0.1023720349563046,IFNG_IFNGR1_5_6,0.17760617760617758,0.42857142857142855,0.4144144144144144,0.7889360322234116
CXCL11,CXCR3,0,0,0.0,0.010869565217391304,0.0,CXCL11_CXCR3_0_0,0.0007245501750996257,0.054945054945054944,0.013186813186813187,0.7862201040462905
SELE,CD44,5,4,0.07116104868913857,1.3545454545454545,0.09639087504256043,SELE_CD44_5_4,0.16609294320137694,0.14285714285714285,1.1626506024096386,0.7787922940367011
CCL19,CCR7,5,10,0.37453183520599254,0.0625,0.023408239700374533,CCL19_CCR7_5_10,0.04081632653061224,0.42857142857142855,0.09523809523809523,0.7766980769671943
CD86,CD28,6,0,0.0,0.010869565217391304,0.0,CD86_CD28_6_0,0.0007128007128007129,0.04054054054054054,0.017582417582417582,0.7763573012294742
HGF,MET,10,0,0.020833333333333332,0.06521739130434782,0.001358695652173913,HGF_MET_10_0,0.00303506017791732,0.047619047619047616,0.06373626373626373,0.7746009132829971
IL2,IL2RA,6,6,0.0,0.0,0.0,IL2_IL2RA_6_6,0.0007101696290885479,0.03153153153153153,0.02252252252252252,0.7741394309050833
CD80,CTLA4,3,0,0.0,0.010869565217391304,0.0,CD80_CTLA4_3_0,0.0007067822045795614,0.16079295154185022,0.004395604395604396,0.7712789737611909
IL15,IL15RA,0,3,0.010869565217391304,0.0,0.0,IL15_IL15RA_0_3,0.0006971002565716222,0.008791208791208791,0.07929515418502203,0.7630717949255391
C5,C5AR1,0,10,0.021739130434782608,0.020833333333333332,0.00045289855072463763,C5_C5AR1_0_10,0.0014652014652014652,0.015384615384615385,0.09523809523809523,0.7627715840137135
CD34,SELL,0,4,0.08695652173913043,0.41818181818181815,0.03636363636363636,CD34_SELL_0_4,0.06205481265722229,0.0945054945054945,0.6566265060240963,0.754971618266919
BMP7,BMPR2,5,10,0.1760299625468165,0.4583333333333333,0.08068039950062422,BMP7_BMPR2_5_10,0.13605442176870747,0.14285714285714285,0.9523809523809523,0.7466870467954294
CCL19,CCR7,10,0,0.08333333333333333,0.010869565217391304,0.0009057971014492753,CCL19_CCR7_10_0,0.002197802197802198,0.14285714285714285,0.015384615384615385,0.7466861701954544
HGF,MET,10,4,0.020833333333333332,1.55,0.03229166666666666,HGF_MET_10_4,0.05450372920252438,0.047619047619047616,1.144578313253012,0.7374236096612015
CXCL13,CXCR5,5,0,0.1198501872659176,0.010869565217391304,0.001302719426803452,CXCL13_CXCR5_5_0,0.0028257456828885397,0.42857142857142855,0.006593406593406593,0.7324023357702478
PDGFA,PDGFRA,10,10,0.0625,0.125,0.0078125,PDGFA_PDGFRA_10_10,0.013605442176870746,0.2857142857142857,0.047619047619047616,0.728882778623615
IFNG,IFNGR1,5,4,0.15355805243445692,1.9363636363636363,0.2973442288049029,IFNG_IFNGR1_5_4,0.49311531841652323,0.42857142857142855,1.1506024096385543,0.7278699129302288
B2M,CD8A,5,5,2.337078651685393,0.19101123595505617,0.44640828178260317,B2M_CD8A_5_5,0.7346938775510203,1.7142857142857142,0.42857142857142855,0.7175136235379787
FGF2,FGFR1,10,6,0.16666666666666666,0.6666666666666666,0.1111111111111111,FGF2_FGFR1_10_6,0.18275418275418276,0.5714285714285714,0.31981981981981983,0.712847822168721
PDGFB,PDGFRB,10,0,0.041666666666666664,0.16304347826086957,0.006793478260869565,PDGFB_PDGFRB_10_0,0.011721611721611722,0.09523809523809523,0.12307692307692308,0.7069422018173475
ICAM1,ITGAL,3,0,1.0,0.010869565217391304,0.010869565217391304,ICAM1_ITGAL_3_0,0.018356973423052717,0.5220264317180616,0.035164835164835165,0.7055863063925429
TNF,TNFRSF1B,0,5,0.0,0.2808988764044944,0.0,TNF_TNFRSF1B_0_5,0.0006279434850863422,0.002197802197802198,0.2857142857142857,0.7030506165569255
EGF,EGFR,10,10,0.0625,0.08333333333333333,0.005208333333333333,EGF_EGFR_10_10,0.009070294784580497,0.047619047619047616,0.19047619047619047,0.6978279906685868
CD40LG,CD40,0,2,0.021739130434782608,0.0,0.0,CD40LG_CD40_0_2,0.0006212203214344543,0.006593406593406593,0.09421841541755889,0.6970801642927076
CXCL13,CXCR5,0,3,0.043478260869565216,0.0,0.0,CXCL13_CXCR5_0_3,0.0006196446725081087,0.004395604395604396,0.14096916299559473,0.6956773406171918
EGF,EGFR,0,5,0.010869565217391304,0.39325842696629215,0.0042745481191988274,EGF_EGFR_0_5,0.0075353218210361065,0.05274725274725275,0.14285714285714285,0.6943980499193281
IL15,IL15RA,3,0,0.0,0.03260869565217391,0.0,IL15_IL15RA_3_0,0.0006099627245001694,0.046255506607929514,0.013186813186813187,0.6870272859788367
CXCL13,CXCR5,6,6,0.0,0.0,0.0,CXCL13_CXCR5_6_6,0.0006087168249330412,0.02702702702702703,0.02252252252252252,0.685910397398219
CXCL13,CXCR5,5,10,0.1198501872659176,0.10416666666666667,0.012484394506866418,CXCL13_CXCR5_5_10,0.02040816326530612,0.42857142857142855,0.047619047619047616,0.6668702822424303
CCL2,CCR2,0,4,0.010869565217391304,0.23636363636363636,0.002569169960474308,CCL2_CCR2_0_4,0.0046339202965708995,0.015384615384615385,0.30120481927710846,0.6585505511720764
B2M,CD8A,0,4,0.3804347826086957,0.33636363636363636,0.12796442687747037,B2M_CD8A_0_4,0.20214484310869854,0.7626373626373626,0.26506024096385544,0.655535569521077
CD40LG,CD40,4,5,0.25,0.1647940074906367,0.04119850187265917,CD40LG_CD40_4_5,0.06540447504302925,0.2289156626506024,0.2857142857142857,0.6540886876400562
CD80,CTLA4,6,6,0.0,0.0,0.0,CD80_CTLA4_6_6,0.0005681357032708384,0.03153153153153153,0.018018018018018018,0.6490504127468029
CD80,CD28,6,0,0.0,0.010869565217391304,0.0,CD80_CD28_6_0,0.0005544005544005544,0.03153153153153153,0.017582417582417582,0.6363583205950741
IL18,IL18R1,3,0,0.0,0.043478260869565216,0.0,IL18_IL18R1_3_0,0.0005373481144406255,0.2444933920704846,0.002197802197802198,0.6204438833836678
IL2,IL2RA,3,2,0.0,0.0,0.0,IL2_IL2RA_3_2,0.0005282570347800658,0.06167400881057269,0.008565310492505354,0.61188720804433
IL2,IL2RA,2,4,0.0,0.11363636363636363,0.0,IL2_IL2RA_2_4,0.0005159825597894791,0.008565310492505354,0.060240963855421686,0.6002531565103512
CD274,PDCD1,0,10,0.021739130434782608,0.041666666666666664,0.0009057971014492753,CD274_PDCD1_0_10,0.0018838304552590266,0.013186813186813187,0.14285714285714285,0.597591816340916
CCL19,CCR7,4,10,0.35909090909090907,0.0625,0.022443181818181817,CCL19_CCR7_4_10,0.03442340791738382,0.3614457831325301,0.09523809523809523,0.5955346212243651
CCL19,CCR7,5,0,0.37453183520599254,0.010869565217391304,0.004070998208760788,CCL19_CCR7_5_0,0.006593406593406593,0.42857142857142855,0.015384615384615385,0.5824774953910847
B2M,CD8A,3,4,4.5,0.33636363636363636,1.5136363636363637,B2M_CD8A_3_4,2.248925216283637,8.484581497797357,0.26506024096385544,0.5709055787956189
CXCL13,CXCR5,2,6,0.5,0.0,0.0,CXCL13_CXCR5_2_6,0.0004822809961996257,0.021413276231263382,0.02252252252252252,0.5678189654549413
ICAM1,ITGAL,4,3,0.8272727272727273,0.5,0.41363636363636364,ICAM1_ITGAL_4_3,0.6114325141977602,0.963855421686747,0.6343612334801763,0.5627042314714331
SELE,CD44,4,6,0.2,0.3333333333333333,0.06666666666666667,SELE_CD44_4_6,0.09820362531205906,0.28313253012048195,0.34684684684684686,0.5519475220613108
B2M,CD8A,5,0,2.337078651685393,0.010869565217391304,0.025403028822667317,B2M_CD8A_5_0,0.03767660910518054,1.7142857142857142,0.02197802197802198,0.5507578771434625
IL2,IL2RA,4,2,0.12272727272727273,0.0,0.0,IL2_IL2RA_4_2,0.00046438430381053123,0.05421686746987952,0.008565310492505354,0.5502942151276256
IL15,IL15RA,2,6,0.0,0.0,0.0,IL15_IL15RA_2_6,0.00046298975635164074,0.01284796573875803,0.036036036036036036,0.5489196679641462
CD80,CTLA4,2,6,0.0,0.0,0.0,CD80_CTLA4_2_6,0.00046298975635164074,0.02569593147751606,0.018018018018018018,0.5489196679641462
TGFB1,TGFBR2,4,10,0.21818181818181817,0.6458333333333334,0.1409090909090909,TGFB1_TGFBR2_4_10,0.20654044750430292,0.18072289156626506,1.1428571428571428,0.5484255167600073
CXCL12,CXCR4,3,0,1.5,0.021739130434782608,0.03260869565217391,CXCL12_CXCR4_3_0,0.04809991770344193,1.8237885462555066,0.026373626373626374,0.5468860534548993
CD80,CD28,2,0,0.0,0.010869565217391304,0.0,CD80_CD28_2_0,0.0004517965974068758,0.02569593147751606,0.017582417582417582,0.5378393400636456
CD86,CD28,0,4,0.03260869565217391,0.25,0.008152173913043478,CD86_CD28_0_4,0.012286508672050842,0.035164835164835165,0.3493975903614458,0.5377756818342472
SELE,CD44,10,3,0.041666666666666664,1.0,0.041666666666666664,SELE_CD44_10_3,0.06093979441997063,0.047619047619047616,1.2797356828193833,0.5377571902810709
C3,C3AR1,10,4,0.16666666666666666,0.41818181818181815,0.06969696969696969,C3_C3AR1_10_4,0.10154905335628225,0.2857142857142857,0.35542168674698793,0.5365938913216867
FGF2,FGFR1,10,0,0.16666666666666666,0.08695652173913043,0.014492753623188404,FGF2_FGFR1_10_0,0.021350078492935635,0.5714285714285714,0.03736263736263736,0.5286863120726555
PDGFA,PDGFRA,10,4,0.0625,2.2181818181818183,0.13863636363636364,PDGFA_PDGFRA_10_4,0.19965576592082615,0.2857142857142857,0.6987951807228916,0.523047920802862
CD86,CD28,4,0,0.2727272727272727,0.010869565217391304,0.0029644268774703555,CD86_CD28_4_0,0.004660399841122733,0.26506024096385544,0.017582417582417582,0.5137916502895727
SELE,CD44,5,5,0.07116104868913857,0.599250936329588,0.042643325057161695,SELE_CD44_5_5,0.06122448979591836,0.14285714285714285,0.42857142857142855,0.5117214754470125
C5,C5AR1,6,10,0.3333333333333333,0.020833333333333332,0.006944444444444444,C5_C5AR1_6_10,0.010296010296010296,0.10810810810810811,0.09523809523809523,0.5077950682514354
C5,C5AR1,10,4,0.041666666666666664,0.38636363636363635,0.016098484848484848,C5_C5AR1_10_4,0.023235800344234076,0.14285714285714285,0.16265060240963855,0.5032712367847056
CD34,SELL,10,0,0.25,0.06521739130434782,0.016304347826086956,CD34_SELL_10_0,0.023443223443223443,0.6666666666666666,0.035164835164835165,0.49829998310652884
IL2,IL2RA,3,0,0.0,0.0,0.0,IL2_IL2RA_3_0,0.0004066418163334463,0.06167400881057269,0.006593406593406593,0.49225501117160053
CXCL10,CXCR3,6,0,0.3333333333333333,0.010869565217391304,0.003623188405797101,CXCL10_CXCR3_6_0,0.005464805464805465,0.4144144144144144,0.013186813186813187,0.4837188009555509
IL2,IL2RA,2,3,0.0,0.0,0.0,IL2_IL2RA_2_3,0.0003961927760850494,0.008565310492505354,0.046255506607929514,0.48149815207824687
IL6,IL6R,2,0,0.0,0.03260869565217391,0.0,IL6_IL6R_2_0,0.00038120337906205143,0.019271948608137045,0.01978021978021978,0.46592576880734077
PDGFA,PDGFRA,10,0,0.0625,0.11956521739130435,0.007472826086956522,PDGFA_PDGFRA_10_0,0.010675039246467817,0.2857142857142857,0.03736263736263736,0.46251223791080615
CXCL12,CXCR4,4,10,8.077272727272728,0.0625,0.5048295454545455,CXCL12_CXCR4_4_10,0.6884681583476764,7.228915662650603,0.09523809523809523,0.44683261826980014
ICAM1,ITGAL,5,0,0.3146067415730337,0.010869565217391304,0.003419638495359062,ICAM1_ITGAL_5_0,0.005023547880690738,0.14285714285714285,0.035164835164835165,0.4466851182460523
VCAM1,ITGA4,4,5,6.8136363636363635,0.20224719101123595,1.3780388151174667,VCAM1_ITGA4_4_5,1.8769363166953528,4.379518072289157,0.42857142857142855,0.44548507588309144
IL2,IL2RA,4,0,0.12272727272727273,0.0,0.0,IL2_IL2RA_4_0,0.0003574738514497551,0.05421686746987952,0.006593406593406593,0.4409244081606875
CD274,PDCD1,0,6,0.021739130434782608,0.0,0.0,CD274_PDCD1_0_6,0.00035640035640035643,0.013186813186813187,0.02702702702702703,0.43978306855070814
CD86,CD28,4,4,0.2727272727272727,0.25,0.06818181818181818,CD86_CD28_4_4,0.09261140949339527,0.26506024096385544,0.3493975903614458,0.4362914482954975
PDGFA,PDGFRA,10,5,0.0625,0.4794007490636704,0.0299625468164794,PDGFA_PDGFRA_10_5,0.04081632653061224,0.2857142857142857,0.14285714285714285,0.43354218512883097
CD40LG,CD40,0,10,0.021739130434782608,0.041666666666666664,0.0009057971014492753,CD40LG_CD40_0_10,0.0015698587127158554,0.006593406593406593,0.23809523809523808,0.4312945117037197
TNF,TNFRSF1B,0,6,0.0,0.6666666666666666,0.0,TNF_TNFRSF1B_0_6,0.0003465003465003465,0.002197802197802198,0.15765765765765766,0.4292146010941464
TNF,TNFRSF1B,5,4,0.14606741573033707,0.43636363636363634,0.0637385086823289,TNF_TNFRSF1B_5_4,0.08605851979345956,0.14285714285714285,0.6024096385542169,0.427361359034341
IL15,IL15RA,10,0,0.020833333333333332,0.03260869565217391,0.0006793478260869565,IL15_IL15RA_10_0,0.0012558869701726845,0.09523809523809523,0.013186813186813187,0.4257937123536745
C3,C3AR1,10,0,0.16666666666666666,0.043478260869565216,0.007246376811594202,C3_C3AR1_10_0,0.010047095761381476,0.2857142857142857,0.035164835164835165,0.4218348498930773
VCAM1,ITGA4,0,5,0.22826086956521738,0.20224719101123595,0.046165119687347336,VCAM1_ITGA4_0_5,0.06216640502354788,0.14505494505494507,0.42857142857142855,0.42143713803061433
CD34,SELL,5,4,0.50187265917603,0.41818181818181815,0.20987402110997616,CD34_SELL_5_4,0.2814113597246127,0.42857142857142855,0.6566265060240963,0.4214167493427472
CCL19,CCR7,4,0,0.35909090909090907,0.010869565217391304,0.003903162055335968,CCL19_CCR7_4_0,0.005560704355885079,0.3614457831325301,0.015384615384615385,0.42013826540629495
WNT7B,FZD1,10,2,0.020833333333333332,0.5,0.010416666666666666,WNT7B_FZD1_10_2,0.01427551748750892,0.047619047619047616,0.29978586723768735,0.4200797675867164
CD34,SELL,2,5,1.0,0.3258426966292135,0.3258426966292135,CD34_SELL_2_5,0.4346895074946467,0.4346895074946467,1.0,0.41470390972351123
TNF,TNFRSF1B,0,2,0.0,0.0,0.0,TNF_TNFRSF1B_0_2,0.00032943501894251357,0.002197802197802198,0.14989293361884368,0.410813261858622
TGFB1,TGFBR1,3,10,0.5,0.08333333333333333,0.041666666666666664,TGFB1_TGFBR1_3_10,0.055590518145584224,0.23348017621145375,0.23809523809523808,0.40745094247685076
CD34,SELL,6,5,1.0,0.3258426966292135,0.3258426966292135,CD34_SELL_6_5,0.43243243243243246,0.43243243243243246,1.0,0.4072106497563537
BMP4,BMPR1A,10,4,0.14583333333333334,1.0954545454545455,0.15975378787878788,BMP4_BMPR1A_10_4,0.21170395869191047,0.42857142857142855,0.4939759036144578,0.4039941514312815
CXCL9,CXCR3,5,0,0.10861423220973783,0.010869565217391304,0.0011805894805406285,CXCL9_CXCR3_5_0,0.0018838304552590266,0.14285714285714285,0.013186813186813187,0.4032681561958995
WNT7B,FZD1,10,3,0.020833333333333332,0.5,0.010416666666666666,WNT7B_FZD1_10_3,0.014054961191525068,0.047619047619047616,0.29515418502202645,0.39909750175565106
C5,C5AR1,3,10,0.5,0.020833333333333332,0.010416666666666666,C5_C5AR1_3_10,0.014054961191525068,0.14757709251101322,0.09523809523809523,0.39909750175565106
IL15,IL15RA,0,6,0.010869565217391304,0.0,0.0,IL15_IL15RA_0_6,0.0003168003168003168,0.008791208791208791,0.036036036036036036,0.3970365879607175
CTGF,ITGAV,10,6,0.8333333333333334,0.6666666666666666,0.5555555555555556,CTGF_ITGAV_10_6,0.7297297297297296,0.8571428571428571,0.8513513513513513,0.3928121995255285
CXCL12,CXCR4,4,4,8.077272727272728,0.39545454545454545,3.1941942148760334,CXCL12_CXCR4_4_4,4.180577732617216,7.228915662650603,0.5783132530120482,0.38814375611773516
VCAM1,ITGA4,6,5,2.3333333333333335,0.20224719101123595,0.4719101123595506,VCAM1_ITGA4_6_5,0.6177606177606177,1.4414414414414414,0.42857142857142855,0.3878153848911771
TGFB1,TGFBR2,0,0,0.010869565217391304,0.42391304347826086,0.004607750472589792,TGFB1_TGFBR2_0_0,0.006327738195870064,0.02197802197802198,0.2879120879120879,0.3859458046572421
FGF2,FGFR1,0,5,0.010869565217391304,0.5767790262172284,0.006269337241491613,FGF2_FGFR1_0_5,0.008477237048665619,0.01978021978021978,0.42857142857142855,0.3826426865091295
IL15,IL15RA,2,2,0.0,0.0,0.0,IL15_IL15RA_2_2,0.000302628743311217,0.01284796573875803,0.023554603854389723,0.38142596609902785
SELE,CD44,5,0,0.07116104868913857,0.10869565217391304,0.007734896596645497,SELE_CD44_5_0,0.010361067503924647,0.14285714285714285,0.07252747252747253,0.3792358693362856
CTGF,ITGAV,2,6,0.5,0.6666666666666666,0.3333333333333333,CTGF_ITGAV_2_6,0.43205625325539665,0.5074946466809421,0.8513513513513513,0.3732672405893625
CXCL10,CXCR3,0,0,0.03260869565217391,0.010869565217391304,0.0003544423440453686,CXCL10_CXCR3_0_0,0.0007535321821036106,0.05714285714285714,0.013186813186813187,0.37256492607889474
VCAM1,ITGA4,5,5,1.1760299625468165,0.20224719101123595,0.23784875647014264,VCAM1_ITGA4_5_5,0.30612244897959184,0.7142857142857143,0.42857142857142855,0.3627166036684083
CXCL12,CXCR4,3,3,1.5,1.0,1.5,CXCL12_CXCR4_3_3,1.9242174309612063,1.8237885462555066,1.0550660792951543,0.3590974137087678
CCL19,CCR7,5,4,0.37453183520599254,0.15,0.05617977528089888,CCL19_CCR7_5_4,0.07228915662650602,0.42857142857142855,0.1686746987951807,0.3580948125142787
VCAM1,ITGA4,4,4,6.8136363636363635,0.2818181818181818,1.9202066115702479,VCAM1_ITGA4_4_4,2.4535854260415153,4.379518072289157,0.5602409638554217,0.3534666986326062
CD80,CTLA4,4,5,0.18636363636363637,0.0749063670411985,0.013959822948586994,CD80_CTLA4_4_5,0.018072289156626505,0.12650602409638553,0.14285714285714285,0.35038491305615804
CXCL10,CXCR3,3,4,0.5,0.1590909090909091,0.07954545454545454,CXCL10_CXCR3_3_4,0.10161350246802185,1.2048458149779735,0.08433734939759036,0.34934550130838204
TNF,TNFRSF1A,0,0,0.0,0.09782608695652174,0.0,TNF_TNFRSF1A_0_0,0.0002704987320371936,0.002197802197802198,0.12307692307692308,0.345394935576576
IL2,IL2RA,6,2,0.0,0.0,0.0,IL2_IL2RA_6_2,0.0002700773578717904,0.03153153153153153,0.008565310492505354,0.3449163713432317
FGF2,FGFR1,0,3,0.010869565217391304,0.5,0.005434782608695652,FGF2_FGFR1_0_3,0.007145277629859127,0.01978021978021978,0.36123348017621143,0.34007246393573926
VCAM1,ITGA4,0,4,0.22826086956521738,0.2818181818181818,0.06432806324110671,VCAM1_ITGA4_0_4,0.08126572222957765,0.14505494505494507,0.5602409638554217,0.3325885568597056
IL18,IL18R1,6,0,0.0,0.043478260869565216,0.0,IL18_IL18R1_6_0,0.0002376002376002376,0.10810810810810811,0.002197802197802198,0.30754537887490263
TGFB1,TGFBR2,0,6,0.010869565217391304,2.3333333333333335,0.025362318840579712,TGFB1_TGFBR2_0_6,0.031482031482031485,0.02197802197802198,1.4324324324324325,0.3011645879842294
CXCL11,CXCR3,3,0,1.0,0.010869565217391304,0.010869565217391304,CXCL11_CXCR3_3_0,0.01362250084717045,1.0330396475770924,0.013186813186813187,0.30092298268719747
VCAM1,ITGA4,6,4,2.3333333333333335,0.2818181818181818,0.6575757575757576,VCAM1_ITGA4_6_4,0.8075545424943015,1.4414414414414414,0.5602409638554217,0.2959956898012794
CCL2,CCR2,2,10,0.5,0.041666666666666664,0.020833333333333332,CCL2_CCR2_2_10,0.02569593147751606,0.08993576017130621,0.2857142857142857,0.29008748263326695
IFNG,IFNGR1,5,0,0.15355805243445692,0.11956521739130435,0.018360201921511155,IFNG_IFNGR1_5_0,0.022605965463108318,0.42857142857142855,0.05274725274725275,0.28605748950146165
TNF,TNFRSF1A,5,0,0.14606741573033707,0.09782608695652174,0.014289203712750366,TNF_TNFRSF1A_5_0,0.017582417582417582,0.14285714285714285,0.12307692307692308,0.2814249386344519
SELE,CD44,4,4,0.2,1.3545454545454545,0.27090909090909093,SELE_CD44_4_4,0.32918420670634346,0.28313253012048195,1.1626506024096386,0.2801467285427806
CCL21,CCR7,4,10,0.4818181818181818,0.0625,0.030113636363636363,CCL21_CCR7_4_10,0.03671830177854274,0.3855421686746988,0.09523809523809523,0.2777177041220705
IL2,IL2RA,6,0,0.0,0.0,0.0,IL2_IL2RA_6_0,0.00020790020790020788,0.03153153153153153,0.006593406593406593,0.27250126963448695
IL15,IL15RA,0,2,0.010869565217391304,0.0,0.0,IL15_IL15RA_0_2,0.0002070734404781514,0.008791208791208791,0.023554603854389723,0.27151345487537376
VCAM1,ITGA4,5,4,1.1760299625468165,0.2818181818181818,0.33142662580864823,VCAM1_ITGA4_5_4,0.4001721170395869,0.7142857142857143,0.5602409638554217,0.271185396920166
IL2,IL2RA,0,3,0.010869565217391304,0.0,0.0,IL2_IL2RA_0_3,0.00020332090816672314,0.004395604395604396,0.046255506607929514,0.2670214395889644
TGFB1,TGFBR1,0,4,0.010869565217391304,1.8909090909090909,0.020553359683794466,TGFB1_TGFBR1_0_4,0.02489077187872369,0.02197802197802198,1.1325301204819278,0.26452520624955705
CD274,PDCD1,4,5,0.2863636363636364,0.1797752808988764,0.05148110316649643,CD274_PDCD1_4_5,0.06196213425129088,0.21686746987951808,0.2857142857142857,0.26268639915270037
CD86,CD28,0,0,0.03260869565217391,0.010869565217391304,0.0003544423440453686,CD86_CD28_0_0,0.0006182828160850139,0.035164835164835165,0.017582417582417582,0.2567647774788998
IL2,IL2RA,2,6,0.0,0.0,0.0,IL2_IL2RA_2_6,0.0001929123984798503,0.008565310492505354,0.02252252252252252,0.2544881026148492
CXCL13,CXCR5,6,0,0.0,0.010869565217391304,0.0,CXCL13_CXCR5_6_0,0.00017820017820017821,0.02702702702702703,0.006593406593406593,0.2365846763176347
SELE,CD44,10,6,0.041666666666666664,0.3333333333333333,0.013888888888888888,SELE_CD44_10_6,0.016516516516516516,0.047619047619047616,0.34684684684684686,0.23447980272704266
CD34,SELL,4,4,1.5136363636363637,0.41818181818181815,0.6329752066115703,CD34_SELL_4_4,0.7436492959790971,1.1325301204819278,0.6566265060240963,0.23213470533216954
IL15,IL15RA,2,0,0.0,0.03260869565217391,0.0,IL15_IL15RA_2_0,0.0001694237240275784,0.01284796573875803,0.013186813186813187,0.22579776459255144
IL18,IL18R1,2,0,0.0,0.043478260869565216,0.0,IL18_IL18R1_2_0,0.00016471750947125678,0.07494646680942184,0.002197802197802198,0.21998008612056952
CXCL13,CXCR5,0,2,0.043478260869565216,0.0,0.0,CXCL13_CXCR5_0_2,0.00015059886580229195,0.004395604395604396,0.034261241970021415,0.2023849532052782
VEGFA,KDR,0,10,0.2608695652173913,0.08333333333333333,0.021739130434782608,VEGFA_KDR_0_10,0.02511773940345369,0.17582417582417584,0.14285714285714285,0.19985294586338723
CD80,CTLA4,6,0,0.0,0.010869565217391304,0.0,CD80_CTLA4_6_0,0.0001386001386001386,0.03153153153153153,0.004395604395604396,0.1872611804588762
EGF,EGFR,6,10,2.0,0.08333333333333333,0.16666666666666666,EGF_EGFR_6_10,0.1896181896181896,0.9954954954954955,0.19047619047619047,0.1850898947537992
CTGF,ITGAV,10,2,0.8333333333333334,0.5,0.4166666666666667,CTGF_ITGAV_10_2,0.4735393086570816,0.8571428571428571,0.5524625267665952,0.18417558960218805
CCL19,CCR7,4,4,0.35909090909090907,0.15,0.05386363636363636,CCL19_CCR7_4_4,0.06096675860066773,0.3614457831325301,0.1686746987951807,0.17564425757993662
CD80,CD28,0,6,0.043478260869565216,0.0,0.0,CD80_CD28_0_6,0.0001287001287001287,0.002197802197802198,0.05855855855855856,0.17466224403702313
CTGF,ITGAV,2,2,0.5,0.5,0.25,CTGF_ITGAV_2_2,0.2803717748258738,0.5074946466809421,0.5524625267665952,0.16479025096181257
FGF2,FGFR1,0,4,0.010869565217391304,1.5954545454545455,0.01734189723320158,FGF2_FGFR1_0_4,0.019541903879253274,0.01978021978021978,0.9879518072289156,0.16342702584901175
TGFB1,TGFBR1,4,6,0.21818181818181817,0.3333333333333333,0.07272727272727272,TGFB1_TGFBR1_4_6,0.08140670791273201,0.18072289156626506,0.45045045045045046,0.16056338698953287
CD80,CTLA4,2,0,0.0,0.010869565217391304,0.0,CD80_CTLA4_2_0,0.00011294914935171895,0.02569593147751606,0.004395604395604396,0.1543876774471411
ANGPT1,TEK,10,4,0.16666666666666666,1.190909090909091,0.1984848484848485,ANGPT1_TEK_10_4,0.22088353413654618,0.23809523809523808,0.927710843373494,0.1535234365616555
CCL21,CCR7,4,0,0.4818181818181818,0.010869565217391304,0.005237154150197629,CCL21_CCR7_4_0,0.0059314179796107515,0.3855421686746988,0.015384615384615385,0.15226260340549158
CD80,CTLA4,0,10,0.043478260869565216,0.0,0.0,CD80_CTLA4_0_10,0.00010465724751439037,0.002197802197802198,0.047619047619047616,0.14359880036969963
TNF,TNFRSF1A,5,3,0.14606741573033707,1.0,0.14606741573033707,TNF_TNFRSF1A_5_3,0.16110761485210826,0.14285714285714285,1.1277533039647578,0.14047422332768883
CXCL13,CXCR5,0,6,0.043478260869565216,0.0,0.0,CXCL13_CXCR5_0_6,9.900009900009899e-05,0.004395604395604396,0.02252252252252252,0.13619151624796794
IL2,IL2RA,0,6,0.010869565217391304,0.0,0.0,IL2_IL2RA_0_6,9.900009900009899e-05,0.004395604395604396,0.02252252252252252,0.13619151624796794
TNF,TNFRSF1B,0,0,0.0,0.010869565217391304,0.0,TNF_TNFRSF1B_0_0,9.660669001328343e-05,0.002197802197802198,0.04395604395604396,0.133046180151277
CD80,CD28,0,2,0.043478260869565216,0.0,0.0,CD80_CD28_0_2,9.412429112643245e-05,0.002197802197802198,0.042826552462526764,0.12977663575973206
BMP4,BMPR1A,10,6,0.14583333333333334,0.6666666666666666,0.09722222222222222,BMP4_BMPR1A_10_6,0.10617760617760617,0.42857142857142855,0.24774774774774774,0.12588213061141054
CXCL12,CXCR4,4,0,8.077272727272728,0.021739130434782608,0.17559288537549408,CXCL12_CXCR4_4_0,0.1906527207732027,7.228915662650603,0.026373626373626374,0.11806725887028373
CD80,CTLA4,0,2,0.043478260869565216,0.0,0.0,CD80_CTLA4_0_2,8.000564745746758e-05,0.002197802197802198,0.03640256959314775,0.11103885640502144
VEGFA,KDR,6,10,2.6666666666666665,0.08333333333333333,0.2222222222222222,VEGFA_KDR_6_10,0.23938223938223938,1.6756756756756757,0.14285714285714285,0.10684964909139118
IL1B,IL1R1,0,10,0.021739130434782608,0.10416666666666667,0.0022644927536231885,IL1B_IL1R1_0_10,0.002511773940345369,0.017582417582417582,0.14285714285714285,0.10534113976744877
IL2,IL2RA,2,2,0.0,0.0,0.0,IL2_IL2RA_2_2,7.33645438330223e-05,0.008565310492505354,0.008565310492505354,0.10214013784713745
CTGF,ITGAV,4,10,3.3363636363636364,0.3333333333333333,1.112121212121212,CTGF_ITGAV_4_10,1.1896156052782558,1.9216867469879517,0.6190476190476191,0.09709700692225032
CD80,CD28,4,0,0.18636363636363637,0.010869565217391304,0.002025691699604743,CD80_CD28_4_0,0.0022242817423540314,0.12650602409638553,0.017582417582417582,0.09171282132639566
VEGFA,KDR,10,10,0.22916666666666666,0.08333333333333333,0.01909722222222222,VEGFA_KDR_10_10,0.02040816326530612,0.14285714285714285,0.14285714285714285,0.09116491337264708
FASLG,FAS,4,10,0.15454545454545454,0.08333333333333333,0.012878787878787878,FASLG_FAS_4_10,0.013769363166953527,0.14457831325301204,0.09523809523809523,0.08972604672107776
VCAM1,ITGA4,3,6,0.5,0.3333333333333333,0.16666666666666666,VCAM1_ITGA4_3_6,0.17716394808905822,1.2290748898678414,0.14414414414414414,0.08760953421043406
IFNG,IFNGR1,5,10,0.15355805243445692,0.125,0.019194756554307114,IFNG_IFNGR1_5_10,0.02040816326530612,0.42857142857142855,0.047619047619047616,0.084180268967755
WNT5A,FZD5,10,0,0.020833333333333332,0.05434782608695652,0.001132246376811594,WNT5A_FZD5_10_0,0.0012558869701726845,0.09523809523809523,0.013186813186813187,0.08132063594076108
IL2,IL2RA,2,0,0.0,0.0,0.0,IL2_IL2RA_2_0,5.647457467585947e-05,0.008565310492505354,0.006593406593406593,0.07925804750907417
CD274,PDCD1,4,0,0.2863636363636364,0.010869565217391304,0.0031126482213438738,CD274_PDCD1_4_0,0.0033364226135310475,0.21686746987951808,0.015384615384615385,0.07643768883126938
CD80,CTLA4,5,0,0.10486891385767791,0.010869565217391304,0.0011398794984530207,CD80_CTLA4_5_0,0.0012558869701726845,0.2857142857142857,0.004395604395604396,0.07616522677041605
TGFB1,TGFBR2,0,4,0.010869565217391304,8.754545454545454,0.09515810276679841,TGFB1_TGFBR2_0_4,0.0994306897921356,0.02197802197802198,4.524096385542169,0.06271986146456092
CD80,CTLA4,0,6,0.043478260869565216,0.0,0.0,CD80_CTLA4_0_6,3.96000396000396e-05,0.002197802197802198,0.018018018018018018,0.05602859387732979
IL1B,IL1R1,10,10,0.0625,0.10416666666666667,0.006510416666666667,IL1B_IL1R1_10_10,0.006802721088435373,0.047619047619047616,0.14285714285714285,0.055084382659794096
IL2,IL2RA,0,2,0.010869565217391304,0.0,0.0,IL2_IL2RA_0_2,3.7649716450572986e-05,0.004395604395604396,0.008565310492505354,0.05331950956576629
CXCL11,CXCR3,5,4,0.14606741573033707,0.1590909090909091,0.02323799795709908,CXCL11_CXCR3_5_4,0.024096385542168672,0.2857142857142857,0.08433734939759036,0.05020905974833887
B2M,CD8A,6,4,3.6666666666666665,0.33636363636363636,1.2333333333333334,B2M_CD8A_6_4,1.2751546727450342,4.8108108108108105,0.26506024096385544,0.04807114871471456
CD80,CTLA4,5,3,0.10486891385767791,0.5,0.052434456928838954,CD80_CTLA4_5_3,0.05412208936438011,0.2857142857142857,0.1894273127753304,0.04486021711457688
PDGFB,PDGFRB,10,5,0.041666666666666664,0.6329588014981273,0.026373283395755304,PDGFB_PDGFRB_10_5,0.027210884353741492,0.09523809523809523,0.2857142857142857,0.04348339738923908
CXCL12,CXCR4,0,5,0.782608695652174,0.2958801498127341,0.23155837811431365,CXCL12_CXCR4_0_5,0.23861852433281006,0.4175824175824176,0.5714285714285714,0.04314652860732013
IL2,IL2RA,0,0,0.010869565217391304,0.0,0.0,IL2_IL2RA_0_0,2.8982007003985026e-05,0.004395604395604396,0.006593406593406593,0.041217755183215465
CCL2,CCR2,0,0,0.010869565217391304,0.021739130434782608,0.00023629489603024573,CCL2_CCR2_0_0,0.0002704987320371936,0.015384615384615385,0.017582417582417582,0.03937202219251908
CTGF,ITGAV,0,10,0.16304347826086957,0.3333333333333333,0.05434782608695652,CTGF_ITGAV_0_10,0.055782312925170066,0.09010989010989011,0.6190476190476191,0.03691496288432287
CD34,SELL,3,5,1.0,0.3258426966292135,0.3258426966292135,CD34_SELL_3_5,0.33259911894273125,0.33259911894273125,1.0,0.029519018332631004
B2M,CD8A,4,4,10.7,0.33636363636363636,3.5990909090909087,B2M_CD8A_4_4,3.651763681230948,13.77710843373494,0.26506024096385544,0.02095508250262379
SELE,CD44,4,5,0.2,0.599250936329588,0.11985018726591762,SELE_CD44_4_5,0.12134251290877797,0.28313253012048195,0.42857142857142855,0.017706105709575676
PDGFB,PDGFRB,10,4,0.041666666666666664,2.272727272727273,0.0946969696969697,PDGFB_PDGFRB_10_4,0.09581181870338497,0.09523809523809523,1.0060240963855422,0.016709939603923186
IFNG,IFNGR1,5,3,0.15355805243445692,1.0,0.15355805243445692,IFNG_IFNGR1_5_3,0.15481434864694774,0.42857142857142855,0.36123348017621143,0.01167927436711738
CXCL9,CXCR3,3,0,1.5,0.010869565217391304,0.016304347826086956,CXCL9_CXCR3_3_0,0.01641090187345694,1.2444933920704846,0.013186813186813187,0.008856365995395256
C3,C3AR1,10,5,0.16666666666666666,0.24344569288389514,0.04057428214731586,C3_C3AR1_10_5,0.04081632653061224,0.2857142857142857,0.14285714285714285,0.008374976933859683
VEGFA,KDR,4,10,5.036363636363636,0.08333333333333333,0.4196969696969697,VEGFA_KDR_4_10,0.4216867469879518,2.9518072289156625,0.14285714285714285,0.006807452170549618
CXCL13,CXCR5,10,5,0.0625,0.10861423220973783,0.006788389513108614,CXCL13_CXCR5_10_5,0.006802721088435373,0.047619047619047616,0.14285714285714285,0.0026522932206581636
IL2,IL2RA,10,0,0.0,0.0,0.0,IL2_IL2RA_10_0,0.0,0.0,0.006593406593406593,0.0
CCL2,CCR2,5,6,0.299625468164794,0.0,0.0,CCL2_CCR2_5_6,0.0,0.0,0.09009009009009009,0.0
IL15,IL15RA,4,10,0.30454545454545456,0.0,0.0,IL15_IL15RA_4_10,0.0,0.2891566265060241,0.0,0.0
WNT5A,FZD5,5,3,0.3445692883895131,0.0,0.0,WNT5A_FZD5_5_3,0.0,0.0,0.16740088105726872,0.0
ANGPT1,TEK,2,5,0.0,0.7340823970037453,0.0,ANGPT1_TEK_2_5,0.0,0.09850107066381156,0.0,0.0
TGFB1,TGFBR2,5,2,0.0449438202247191,0.0,0.0,TGFB1_TGFBR2_5_2,0.0,0.0,0.8865096359743041,0.0
IL15,IL15RA,3,5,0.0,0.08239700374531835,0.0,IL15_IL15RA_3_5,0.0,0.046255506607929514,0.0,0.0
IL2,IL2RA,6,5,0.0,0.0599250936329588,0.0,IL2_IL2RA_6_5,0.0,0.03153153153153153,0.0,0.0
IL2,IL2RA,2,5,0.0,0.0599250936329588,0.0,IL2_IL2RA_2_5,0.0,0.008565310492505354,0.0,0.0
PDGFA,PDGFRA,5,2,0.299625468164794,0.0,0.0,PDGFA_PDGFRA_5_2,0.0,0.0,0.08565310492505353,0.0
IL2,IL2RA,2,10,0.0,0.0,0.0,IL2_IL2RA_2_10,0.0,0.008565310492505354,0.0,0.0
IL2,IL2RA,6,10,0.0,0.0,0.0,IL2_IL2RA_6_10,0.0,0.03153153153153153,0.0,0.0
IL1B,IL1R1,5,2,0.18352059925093633,0.0,0.0,IL1B_IL1R1_5_2,0.0,0.0,0.12205567451820129,0.0
IL15,IL15RA,5,10,0.18352059925093633,0.0,0.0,IL15_IL15RA_5_10,0.0,0.0,0.0,0.0
IL15,IL15RA,0,10,0.010869565217391304,0.0,0.0,IL15_IL15RA_0_10,0.0,0.008791208791208791,0.0,0.0
IL15,IL15RA,5,6,0.18352059925093633,0.0,0.0,IL15_IL15RA_5_6,0.0,0.0,0.036036036036036036,0.0
BMP4,BMPR1A,3,5,0.0,0.599250936329588,0.0,BMP4_BMPR1A_3_5,0.0,0.14096916299559473,0.0,0.0
IL15,IL15RA,5,3,0.18352059925093633,0.0,0.0,IL15_IL15RA_5_3,0.0,0.0,0.07929515418502203,0.0
IL2,IL2RA,4,10,0.12272727272727273,0.0,0.0,IL2_IL2RA_4_10,0.0,0.05421686746987952,0.0,0.0
IL2,IL2RA,3,5,0.0,0.0599250936329588,0.0,IL2_IL2RA_3_5,0.0,0.06167400881057269,0.0,0.0
WNT5A,FZD5,5,2,0.3445692883895131,0.0,0.0,WNT5A_FZD5_5_2,0.0,0.0,0.09850107066381156,0.0
CCL2,CCR2,10,6,0.16666666666666666,0.0,0.0,CCL2_CCR2_10_6,0.0,0.0,0.09009009009009009,0.0
CD274,PDCD1,5,2,0.19850187265917604,0.0,0.0,CD274_PDCD1_5_2,0.0,0.0,0.06423982869379015,0.0
IL2,IL2RA,3,10,0.0,0.0,0.0,IL2_IL2RA_3_10,0.0,0.06167400881057269,0.0,0.0
IL15,IL15RA,2,10,0.0,0.0,0.0,IL15_IL15RA_2_10,0.0,0.01284796573875803,0.0,0.0
IL2,IL2RA,10,5,0.0,0.0599250936329588,0.0,IL2_IL2RA_10_5,0.0,0.0,0.0,0.0
CD274,PDCD1,5,3,0.19850187265917604,0.0,0.0,CD274_PDCD1_5_3,0.0,0.0,0.3766519823788546,0.0
CD274,PDCD1,5,6,0.19850187265917604,0.0,0.0,CD274_PDCD1_5_6,0.0,0.0,0.02702702702702703,0.0
IL2,IL2RA,10,10,0.0,0.0,0.0,IL2_IL2RA_10_10,0.0,0.0,0.0,0.0
IL15,IL15RA,2,5,0.0,0.08239700374531835,0.0,IL15_IL15RA_2_5,0.0,0.01284796573875803,0.0,0.0
IL2,IL2RA,10,2,0.0,0.0,0.0,IL2_IL2RA_10_2,0.0,0.0,0.008565310492505354,0.0
IL2,IL2RA,10,6,0.0,0.0,0.0,IL2_IL2RA_10_6,0.0,0.0,0.02252252252252252,0.0
IL15,IL15RA,3,10,0.0,0.0,0.0,IL15_IL15RA_3_10,0.0,0.046255506607929514,0.0,0.0
IL15,IL15RA,10,10,0.020833333333333332,0.0,0.0,IL15_IL15RA_10_10,0.0,0.09523809523809523,0.0,0.0
IL2,IL2RA,10,4,0.0,0.11363636363636363,0.0,IL2_IL2RA_10_4,0.0,0.0,0.060240963855421686,0.0
CCL21,CCR7,6,5,0.0,0.1647940074906367,0.0,CCL21_CCR7_6_5,0.0,0.05855855855855856,0.0,0.0
ICAM1,ITGAL,2,5,0.0,0.11610486891385768,0.0,ICAM1_ITGAL_2_5,0.0,0.32762312633832974,0.0,0.0
WNT5A,FZD5,5,10,0.3445692883895131,0.0,0.0,WNT5A_FZD5_5_10,0.0,0.0,0.047619047619047616,0.0
IL2,IL2RA,10,3,0.0,0.0,0.0,IL2_IL2RA_10_3,0.0,0.0,0.046255506607929514,0.0
IL15,IL15RA,5,2,0.18352059925093633,0.0,0.0,IL15_IL15RA_5_2,0.0,0.0,0.023554603854389723,0.0
IL18,IL18R1,6,10,0.0,0.020833333333333332,0.0,IL18_IL18R1_6_10,0.0,0.10810810810810811,0.0,0.0
IL6,IL6R,5,2,0.13857677902621723,0.0,0.0,IL6_IL6R_5_2,0.0,0.0,0.11349036402569593,0.0
IFNG,IFNGR1,6,5,0.0,0.7191011235955056,0.0,IFNG_IFNGR1_6_5,0.0,0.036036036036036036,0.0,0.0
IFNG,IFNGR1,3,5,0.0,0.7191011235955056,0.0,IFNG_IFNGR1_3_5,0.0,0.1277533039647577,0.0,0.0
CD80,CD28,10,2,0.10416666666666667,0.0,0.0,CD80_CD28_10_2,0.0,0.0,0.042826552462526764,0.0
CD80,CD28,10,6,0.10416666666666667,0.0,0.0,CD80_CD28_10_6,0.0,0.0,0.05855855855855856,0.0
CD80,CD28,2,10,0.0,0.0625,0.0,CD80_CD28_2_10,0.0,0.02569593147751606,0.0,0.0
IFNG,IFNGR1,2,5,0.0,0.7191011235955056,0.0,IFNG_IFNGR1_2_5,0.0,0.021413276231263382,0.0,0.0
VEGFA,KDR,5,3,1.1610486891385767,0.0,0.0,VEGFA_KDR_5_3,0.0,0.0,0.16079295154185022,0.0
CD40LG,CD40,5,3,0.10112359550561797,0.0,0.0,CD40LG_CD40_5_3,0.0,0.0,0.2092511013215859,0.0
CXCL9,CXCR3,2,5,0.0,0.0599250936329588,0.0,CXCL9_CXCR3_2_5,0.0,0.6616702355460385,0.0,0.0
CD80,CD28,3,10,0.0,0.0625,0.0,CD80_CD28_3_10,0.0,0.16079295154185022,0.0,0.0
CXCL11,CXCR3,6,5,0.0,0.0599250936329588,0.0,CXCL11_CXCR3_6_5,0.0,0.12162162162162163,0.0,0.0
CXCL11,CXCR3,0,5,0.0,0.0599250936329588,0.0,CXCL11_CXCR3_0_5,0.0,0.054945054945054944,0.0,0.0
CD86,CD28,10,10,0.0,0.0625,0.0,CD86_CD28_10_10,0.0,0.047619047619047616,0.0,0.0
CD40LG,CD40,5,6,0.10112359550561797,0.0,0.0,CD40LG_CD40_5_6,0.0,0.0,0.21621621621621623,0.0
CD86,CD28,6,10,0.0,0.0625,0.0,CD86_CD28_6_10,0.0,0.04054054054054054,0.0,0.0
CXCL11,CXCR3,10,5,0.0,0.0599250936329588,0.0,CXCL11_CXCR3_10_5,0.0,0.09523809523809523,0.0,0.0
CD80,CD28,6,10,0.0,0.0625,0.0,CD80_CD28_6_10,0.0,0.03153153153153153,0.0,0.0
IL18,IL18R1,2,10,0.0,0.020833333333333332,0.0,IL18_IL18R1_2_10,0.0,0.07494646680942184,0.0,0.0
IL18,IL18R1,2,5,0.0,0.14606741573033707,0.0,IL18_IL18R1_2_5,0.0,0.07494646680942184,0.0,0.0
CXCL9,CXCR3,6,5,0.0,0.0599250936329588,0.0,CXCL9_CXCR3_6_5,0.0,0.45495495495495497,0.0,0.0
CD86,CD28,5,2,0.14232209737827714,0.0,0.0,CD86_CD28_5_2,0.0,0.0,0.042826552462526764,0.0
CD86,CD28,5,6,0.14232209737827714,0.0,0.0,CD86_CD28_5_6,0.0,0.0,0.05855855855855856,0.0
CXCL11,CXCR3,2,5,0.0,0.0599250936329588,0.0,CXCL11_CXCR3_2_5,0.0,0.4753747323340471,0.0,0.0
WNT7B,FZD1,3,5,0.0,0.36704119850187267,0.0,WNT7B_FZD1_3_5,0.0,0.07709251101321586,0.0,0.0
IL2,IL2RA,5,0,0.0898876404494382,0.0,0.0,IL2_IL2RA_5_0,0.0,0.0,0.006593406593406593,0.0
IL2,IL2RA,5,2,0.0898876404494382,0.0,0.0,IL2_IL2RA_5_2,0.0,0.0,0.008565310492505354,0.0
CCL21,CCR7,5,6,0.19850187265917604,0.0,0.0,CCL21_CCR7_5_6,0.0,0.0,0.04504504504504504,0.0
CCL21,CCR7,5,2,0.19850187265917604,0.0,0.0,CCL21_CCR7_5_2,0.0,0.0,0.04925053533190578,0.0
IL2,IL2RA,0,10,0.010869565217391304,0.0,0.0,IL2_IL2RA_0_10,0.0,0.004395604395604396,0.0,0.0
IL18,IL18R1,3,10,0.0,0.020833333333333332,0.0,IL18_IL18R1_3_10,0.0,0.2444933920704846,0.0,0.0
IL2,IL2RA,5,6,0.0898876404494382,0.0,0.0,IL2_IL2RA_5_6,0.0,0.0,0.02252252252252252,0.0
IL18,IL18R1,6,5,0.0,0.14606741573033707,0.0,IL18_IL18R1_6_5,0.0,0.10810810810810811,0.0,0.0
CD40LG,CD40,5,2,0.10112359550561797,0.0,0.0,CD40LG_CD40_5_2,0.0,0.0,0.09421841541755889,0.0
IL15,IL15RA,6,10,0.6666666666666666,0.0,0.0,IL15_IL15RA_6_10,0.0,0.08108108108108109,0.0,0.0
IL2,IL2RA,5,3,0.0898876404494382,0.0,0.0,IL2_IL2RA_5_3,0.0,0.0,0.046255506607929514,0.0
CD80,CTLA4,10,2,0.10416666666666667,0.0,0.0,CD80_CTLA4_10_2,0.0,0.0,0.03640256959314775,0.0
CD80,CTLA4,10,6,0.10416666666666667,0.0,0.0,CD80_CTLA4_10_6,0.0,0.0,0.018018018018018018,0.0
CD80,CTLA4,10,10,0.10416666666666667,0.0,0.0,CD80_CTLA4_10_10,0.0,0.0,0.047619047619047616,0.0
FASLG,FAS,5,2,0.15355805243445692,0.0,0.0,FASLG_FAS_5_2,0.0,0.0,0.21627408993576017,0.0
IL18,IL18R1,3,5,0.0,0.14606741573033707,0.0,IL18_IL18R1_3_5,0.0,0.2444933920704846,0.0,0.0
IL2,IL2RA,5,10,0.0898876404494382,0.0,0.0,IL2_IL2RA_5_10,0.0,0.0,0.0,0.0
CXCL10,CXCR3,2,5,0.0,0.0599250936329588,0.0,CXCL10_CXCR3_2_5,0.0,0.7194860813704497,0.0,0.0
CD86,CD28,2,10,0.0,0.0625,0.0,CD86_CD28_2_10,0.0,0.10706638115631692,0.0,0.0
ICAM1,ITGAL,6,5,0.0,0.11610486891385768,0.0,ICAM1_ITGAL_6_5,0.0,0.31981981981981983,0.0,0.0
CD86,CD28,3,10,0.0,0.0625,0.0,CD86_CD28_3_10,0.0,0.3766519823788546,0.0,0.0
VEGFA,KDR,5,2,1.1610486891385767,0.0,0.0,VEGFA_KDR_5_2,0.0,0.0,0.11777301927194861,0.0
WNT7B,FZD1,5,6,0.20973782771535582,0.0,0.0,WNT7B_FZD1_5_6,0.0,0.0,0.25225225225225223,0.0
TNF,TNFRSF1B,5,5,0.14606741573033707,0.2808988764044944,0.041030172957959854,TNF_TNFRSF1B_5_5,0.04081632653061224,0.14285714285714285,0.2857142857142857,-0.007359063313891599
VEGFA,KDR,3,10,0.5,0.08333333333333333,0.041666666666666664,VEGFA_KDR_3_10,0.04122089364380113,0.28854625550660795,0.14285714285714285,-0.015152289424177005
SELE,CD44,0,10,0.03260869565217391,0.22916666666666666,0.007472826086956521,SELE_CD44_0_10,0.007326007326007326,0.015384615384615385,0.47619047619047616,-0.025218428742776574
SELE,CD44,10,4,0.041666666666666664,1.3545454545454545,0.056439393939393935,SELE_CD44_10_4,0.055364314400458976,0.047619047619047616,1.1626506024096386,-0.027258480111933617
CD40LG,CD40,0,0,0.021739130434782608,0.010869565217391304,0.00023629489603024573,CD40LG_CD40_0_0,0.00020287404902789518,0.006593406593406593,0.03076923076923077,-0.03953732519736281
CD274,PDCD1,0,0,0.021739130434782608,0.010869565217391304,0.00023629489603024573,CD274_PDCD1_0_0,0.00020287404902789518,0.013186813186813187,0.015384615384615385,-0.03953732519736281
CD274,PDCD1,0,5,0.021739130434782608,0.1797752808988764,0.0039081582804103565,CD274_PDCD1_0_5,0.0037676609105180532,0.013186813186813187,0.2857142857142857,-0.041900143493301824
HGF,MET,5,10,0.20224719101123595,0.10416666666666667,0.021067415730337078,HGF_MET_5_10,0.02040816326530612,0.14285714285714285,0.14285714285714285,-0.043756664886235995
CD40LG,CD40,4,4,0.25,0.5636363636363636,0.1409090909090909,CD40LG_CD40_4_4,0.13652199158078093,0.2289156626506024,0.5963855421686747,-0.04530467050964974
BMP4,BMPR1A,0,0,0.010869565217391304,0.05434782608695652,0.0005907372400756144,BMP4_BMPR1A_0_0,0.0005409974640743872,0.015384615384615385,0.035164835164835165,-0.04583106151657751
CXCL13,CXCR5,5,4,0.1198501872659176,0.22272727272727272,0.026693905345590737,CXCL13_CXCR5_5_4,0.025817555938037865,0.42857142857142855,0.060240963855421686,-0.04639075350236762
FGF2,FGFR1,10,2,0.16666666666666666,1.0,0.16666666666666666,FGF2_FGFR1_10_2,0.15907005200367083,0.5714285714285714,0.278372591006424,-0.06689248444293262
TGFB1,TGFBR1,0,0,0.010869565217391304,0.09782608695652174,0.0010633270321361058,TGFB1_TGFBR1_0_0,0.0009660669001328344,0.02197802197802198,0.04395604395604396,-0.06966008921060417
TNF,TNFRSF1B,5,3,0.14606741573033707,0.5,0.07303370786516854,TNF_TNFRSF1B_5_3,0.06954059156702329,0.14285714285714285,0.486784140969163,-0.06972861103820858
HGF,MET,10,5,0.020833333333333332,0.6891385767790262,0.01435705368289638,HGF_MET_10_5,0.013605442176870746,0.047619047619047616,0.2857142857142857,-0.07239541919487259
CD80,CD28,4,4,0.18636363636363637,0.25,0.04659090909090909,CD80_CD28_4_4,0.044200899985484106,0.12650602409638553,0.3493975903614458,-0.07433451528629248
SELE,CD44,4,0,0.2,0.10869565217391304,0.021739130434782608,SELE_CD44_4_0,0.020534886799947045,0.28313253012048195,0.07252747252747253,-0.07850134535800529
CXCL12,CXCR4,4,3,8.077272727272728,1.0,8.077272727272728,CXCL12_CXCR4_4_3,7.626983705748104,7.228915662650603,1.0550660792951543,-0.08274509121124331
IL1B,IL1R1,4,6,0.18181818181818182,0.3333333333333333,0.06060606060606061,IL1B_IL1R1_4_6,0.05714750895473788,0.23493975903614459,0.24324324324324326,-0.08335489778047421
CXCL10,CXCR3,0,4,0.03260869565217391,0.1590909090909091,0.005187747035573122,CXCL10_CXCR3_0_4,0.0048192771084337345,0.05714285714285714,0.08433734939759036,-0.08857427095551139
FGF2,FGFR1,5,5,0.46441947565543074,0.5767790262172284,0.26786741292485516,FGF2_FGFR1_5_5,0.24489795918367344,0.5714285714285714,0.42857142857142855,-0.1288351479007276
CD274,PDCD1,10,5,0.08333333333333333,0.1797752808988764,0.014981273408239699,CD274_PDCD1_10_5,0.013605442176870746,0.047619047619047616,0.2857142857142857,-0.12987633249114883
C5,C5AR1,2,10,0.5,0.020833333333333332,0.010416666666666666,C5_C5AR1_2_10,0.009381054348934433,0.09850107066381156,0.09523809523809523,-0.13718850928904602
CD274,PDCD1,10,0,0.08333333333333333,0.010869565217391304,0.0009057971014492753,CD274_PDCD1_10_0,0.0007326007326007326,0.047619047619047616,0.015384615384615385,-0.13745530009459056
IL1B,IL1R1,4,0,0.18181818181818182,0.07608695652173914,0.013833992094861662,IL1B_IL1R1_4_0,0.012392426850258176,0.23493975903614459,0.05274725274725275,-0.14748948925954763
VCAM1,ITGA4,2,6,0.5,0.3333333333333333,0.16666666666666666,VCAM1_ITGA4_2_6,0.15031734089549936,1.0428265524625269,0.14414414414414414,-0.14801857011333833
CCL21,CCR7,4,4,0.4818181818181818,0.15,0.07227272727272727,CCL21_CCR7_4_4,0.06503120917404558,0.3855421686746988,0.1686746987951807,-0.1501282499488416
CTGF,ITGAV,3,10,2.0,0.3333333333333333,0.6666666666666666,CTGF_ITGAV_3_10,0.5985945038808475,0.9669603524229075,0.6190476190476191,-0.15514085628086507
CCL2,CCR2,0,3,0.010869565217391304,0.5,0.005434782608695652,CCL2_CCR2_0_3,0.004778041341917994,0.015384615384615385,0.31057268722466963,-0.15531088314142386
BMP4,BMPR1A,4,10,0.38181818181818183,0.16666666666666666,0.06363636363636363,BMP4_BMPR1A_4_10,0.0567986230636833,0.19879518072289157,0.2857142857142857,-0.16131091227637437
FGF2,FGFR1,0,0,0.010869565217391304,0.08695652173913043,0.0009451795841209829,FGF2_FGFR1_0_0,0.0007390411786016182,0.01978021978021978,0.03736263736263736,-0.16161126028324066
IL18,IL18R1,5,4,0.1947565543071161,0.32727272727272727,0.0637385086823289,IL18_IL18R1_5_4,0.05679862306368331,0.42857142857142855,0.13253012048192772,-0.16358900815765917
FASLG,FAS,10,10,0.0625,0.08333333333333333,0.005208333333333333,FASLG_FAS_10_10,0.004535147392290249,0.047619047619047616,0.09523809523809523,-0.16558428551737225
FGF2,FGFR1,5,3,0.46441947565543074,0.5,0.23220973782771537,FGF2_FGFR1_5_3,0.20641913152926367,0.5714285714285714,0.36123348017621143,-0.16907906165204534
FGF2,FGFR1,0,6,0.010869565217391304,0.6666666666666666,0.007246376811594202,FGF2_FGFR1_0_6,0.006326106326106326,0.01978021978021978,0.31981981981981983,-0.17071374603897477
PDGFB,PDGFRB,0,0,0.03260869565217391,0.16304347826086957,0.005316635160680529,PDGFB_PDGFRB_0_0,0.004598478444632291,0.03736263736263736,0.12307692307692308,-0.1741214621817177
HGF,MET,5,3,0.20224719101123595,0.5,0.10112359550561797,HGF_MET_5_3,0.0881057268722467,0.14285714285714285,0.6167400881057269,-0.19672617467012082
C5,C5AR1,0,0,0.021739130434782608,0.021739130434782608,0.00047258979206049145,C5_C5AR1_0_0,0.0002704987320371936,0.015384615384615385,0.017582417582417582,-0.2129606703710673
CCL21,CCR7,0,0,0.05434782608695652,0.010869565217391304,0.0005907372400756144,CCL21_CCR7_0_0,0.0003719357565511412,0.024175824175824177,0.015384615384615385,-0.21348262300774037
FASLG,FAS,0,10,0.010869565217391304,0.08333333333333333,0.0009057971014492753,FASLG_FAS_0_10,0.0006279434850863422,0.006593406593406593,0.09523809523809523,-0.22734391595720782
FASLG,FAS,4,4,0.15454545454545454,0.8818181818181818,0.13628099173553718,FASLG_FAS_4_4,0.11583684134126868,0.14457831325301204,0.8012048192771084,-0.2326366193436391
FGF2,FGFR1,4,10,0.6090909090909091,0.3333333333333333,0.20303030303030303,FGF2_FGFR1_4_10,0.1686746987951807,0.25301204819277107,0.6666666666666666,-0.2660119882885424
ANGPT1,TEK,6,10,0.3333333333333333,0.22916666666666666,0.07638888888888888,ANGPT1_TEK_6_10,0.06306306306306306,0.1891891891891892,0.3333333333333333,-0.2726336665753977
TGFB1,TGFBR2,3,10,0.5,0.6458333333333334,0.3229166666666667,TGFB1_TGFBR2_3_10,0.26683448709880425,0.23348017621145375,1.1428571428571428,-0.2742809638732956
FASLG,FAS,4,6,0.15454545454545454,0.3333333333333333,0.051515151515151514,FASLG_FAS_4_6,0.04233148811462065,0.14457831325301204,0.2927927927927928,-0.2773179415997924
SELE,CD44,10,5,0.041666666666666664,0.599250936329588,0.024968789013732832,SELE_CD44_10_5,0.02040816326530612,0.047619047619047616,0.42857142857142855,-0.27861771571628924
IL15,IL15RA,0,0,0.010869565217391304,0.03260869565217391,0.0003544423440453686,IL15_IL15RA_0_0,0.0001159280280159401,0.008791208791208791,0.013186813186813187,-0.27945499886345515
ANGPT1,TEK,4,10,0.9545454545454546,0.22916666666666666,0.21875,ANGPT1_TEK_4_10,0.178714859437751,0.536144578313253,0.3333333333333333,-0.29015346464068625
CXCL12,CXCR4,0,10,0.782608695652174,0.0625,0.04891304347826087,CXCL12_CXCR4_0_10,0.03976975405546834,0.4175824175824176,0.09523809523809523,-0.2919176219714796
ANGPT1,TEK,10,0,0.16666666666666666,0.09782608695652174,0.016304347826086956,ANGPT1_TEK_10_0,0.013082155939298795,0.23809523809523808,0.054945054945054944,-0.2972663460765722
CCL21,CCR7,10,0,0.1875,0.010869565217391304,0.0020380434782608695,CCL21_CCR7_10_0,0.0014652014652014652,0.09523809523809523,0.015384615384615385,-0.3014369630957125
BMP4,BMPR1A,5,0,0.23220973782771537,0.05434782608695652,0.012620094447158444,BMP4_BMPR1A_5_0,0.010047095761381476,0.2857142857142857,0.035164835164835165,-0.302069567072441
SELE,CD44,10,0,0.041666666666666664,0.10869565217391304,0.004528985507246376,SELE_CD44_10_0,0.0034536891679748825,0.047619047619047616,0.07252747252747253,-0.3120139170383026
ANGPT1,TEK,5,10,0.5205992509363296,0.22916666666666666,0.1193039950062422,ANGPT1_TEK_5_10,0.09523809523809523,0.2857142857142857,0.3333333333333333,-0.32200455791463567
CTGF,ITGAV,6,10,1.3333333333333333,0.3333333333333333,0.4444444444444444,CTGF_ITGAV_6_10,0.35413985413985416,0.5720720720720721,0.6190476190476191,-0.3268582408491368
CCL21,CCR7,10,10,0.1875,0.0625,0.01171875,CCL21_CCR7_10_10,0.009070294784580497,0.09523809523809523,0.09523809523809523,-0.33685097385665497
TNF,TNFRSF1B,4,4,0.2318181818181818,0.43636363636363634,0.10115702479338842,TNF_TNFRSF1B_4_4,0.07983742197706489,0.13253012048192772,0.6024096385542169,-0.3376931959994155
CXCL13,CXCR5,10,0,0.0625,0.010869565217391304,0.0006793478260869565,CXCL13_CXCR5_10_0,0.0003139717425431711,0.047619047619047616,0.006593406593406593,-0.3539668215533183
CCL2,CCR2,4,5,1.3772727272727272,0.2209737827715356,0.304341164453524,CCL2_CCR2_4_5,0.23752151462994836,0.5542168674698795,0.42857142857142855,-0.356302695914084
IL15,IL15RA,0,4,0.010869565217391304,0.1318181818181818,0.0014328063241106717,IL15_IL15RA_0_4,0.000900304514762346,0.008791208791208791,0.10240963855421686,-0.35639084968865636
CXCL12,CXCR4,0,4,0.782608695652174,0.39545454545454545,0.30948616600790513,CXCL12_CXCR4_0_4,0.24149344631272343,0.4175824175824176,0.5783132530120482,-0.35658323209757736
EGF,EGFR,10,0,0.0625,0.03260869565217391,0.0020380434782608695,EGF_EGFR_10_0,0.0013605442176870747,0.047619047619047616,0.02857142857142857,-0.36402300904428064
WNT7B,FZD1,0,0,0.03260869565217391,0.03260869565217391,0.0010633270321361058,WNT7B_FZD1_0_0,0.0005796401400797005,0.01098901098901099,0.05274725274725275,-0.38537656931877323
FASLG,FAS,0,0,0.010869565217391304,0.05434782608695652,0.0005907372400756144,FASLG_FAS_0_0,0.0002173650525298877,0.006593406593406593,0.03296703296703297,-0.3859336938169728
FGF2,FGFR1,5,4,0.46441947565543074,1.5954545454545455,0.7409601634320736,FGF2_FGFR1_5_4,0.5645438898450946,0.5714285714285714,0.9879518072289156,-0.3917027382369236
CCL21,CCR7,0,10,0.05434782608695652,0.0625,0.0033967391304347825,CCL21_CCR7_0_10,0.002302459445316588,0.024175824175824177,0.09523809523809523,-0.4128930912974963
VCAM1,ITGA4,4,3,6.8136363636363635,1.0,6.8136363636363635,VCAM1_ITGA4_4_3,5.112653256196593,4.379518072289157,1.1674008810572687,-0.414282336897589
IL15,IL15RA,4,4,0.30454545454545456,0.1318181818181818,0.04014462809917355,IL15_IL15RA_4_4,0.02961242560603861,0.2891566265060241,0.10240963855421686,-0.4265867198647287
VCAM1,ITGA4,0,3,0.22826086956521738,1.0,0.22826086956521738,VCAM1_ITGA4_0_3,0.16933727065885656,0.14505494505494507,1.1674008810572687,-0.4285959969985904
CTGF,ITGAV,5,10,0.7153558052434457,0.3333333333333333,0.23845193508114854,CTGF_ITGAV_5_10,0.17687074829931973,0.2857142857142857,0.6190476190476191,-0.4289068224931236
CTGF,ITGAV,4,6,3.3363636363636364,0.6666666666666666,2.224242424242424,CTGF_ITGAV_4_6,1.636030608922175,1.9216867469879517,0.8513513513513513,-0.44288121861169816
CCL19,CCR7,2,10,0.5,0.0625,0.03125,CCL19_CCR7_2_10,0.022636892015907004,0.23768736616702354,0.09523809523809523,-0.4482588106386583
CCL19,CCR7,0,0,0.07608695652173914,0.010869565217391304,0.0008270321361058601,CCL19_CCR7_0_0,0.00033812341504649204,0.02197802197802198,0.015384615384615385,-0.4492908282998172
TNF,TNFRSF1A,4,0,0.2318181818181818,0.09782608695652174,0.022677865612648222,TNF_TNFRSF1A_4_0,0.016311399443929567,0.13253012048192772,0.12307692307692308,-0.45181668227846256
BMP7,BMPR2,4,10,0.3090909090909091,0.4583333333333333,0.14166666666666666,BMP7_BMPR2_4_10,0.10327022375215146,0.10843373493975904,0.9523809523809523,-0.45232106688983925
IL1B,IL1R1,0,0,0.021739130434782608,0.07608695652173914,0.0016540642722117202,IL1B_IL1R1_0_0,0.0009274242241275208,0.017582417582417582,0.05274725274725275,-0.461529165883886
CCL19,CCR7,2,0,0.5,0.010869565217391304,0.005434782608695652,CCL19_CCR7_2_0,0.003656728710261901,0.23768736616702354,0.015384615384615385,-0.46657457288508236
TGFB1,TGFBR1,0,5,0.010869565217391304,0.4344569288389513,0.004722357922162514,TGFB1_TGFBR1_0_5,0.0031397174254317113,0.02197802197802198,0.14285714285714285,-0.4670774445945182
VCAM1,ITGA4,6,3,2.3333333333333335,1.0,2.3333333333333335,VCAM1_ITGA4_6_3,1.6827400087311981,1.4414414414414414,1.1674008810572687,-0.4713412019578979
IL6,IL6R,10,5,0.08333333333333333,0.23220973782771537,0.019350811485642945,IL6_IL6R_10_5,0.013605442176870746,0.047619047619047616,0.2857142857142857,-0.47858028675801173
CXCL9,CXCR3,5,4,0.10861423220973783,0.1590909090909091,0.01727953694245829,CXCL9_CXCR3_5_4,0.012048192771084336,0.14285714285714285,0.08433734939759036,-0.48637952310944094
HGF,MET,5,0,0.20224719101123595,0.06521739130434782,0.013190034196384953,HGF_MET_5_0,0.009105180533751962,0.14285714285714285,0.06373626373626373,-0.48978296976924124
VCAM1,ITGA4,5,3,1.1760299625468165,1.0,1.1760299625468165,VCAM1_ITGA4_5_3,0.8338577721837633,0.7142857142857143,1.1674008810572687,-0.495548702570671
CD34,SELL,10,3,0.25,3.5,0.875,CD34_SELL_10_3,0.619676945668135,0.6666666666666666,0.9295154185022027,-0.49708831016152516
CTGF,ITGAV,0,6,0.16304347826086957,0.6666666666666666,0.10869565217391304,CTGF_ITGAV_0_6,0.0767151767151767,0.09010989010989011,0.8513513513513513,-0.4972380752001067
CD80,CD28,0,0,0.043478260869565216,0.010869565217391304,0.00047258979206049145,CD80_CD28_0_0,3.8642676005313366e-05,0.002197802197802198,0.017582417582417582,-0.5036561963833561
CXCL13,CXCR5,0,0,0.043478260869565216,0.010869565217391304,0.00047258979206049145,CXCL13_CXCR5_0_0,2.8982007003985026e-05,0.004395604395604396,0.006593406593406593,-0.517137850764428
FASLG,FAS,10,4,0.0625,0.8818181818181818,0.055113636363636365,FASLG_FAS_10_4,0.038152610441767064,0.047619047619047616,0.8012048192771084,-0.5192429073600313
CD80,CTLA4,0,0,0.043478260869565216,0.010869565217391304,0.00047258979206049145,CD80_CTLA4_0_0,9.660669001328342e-06,0.002197802197802198,0.004395604395604396,-0.5444850985200704
BMP7,BMPR2,0,10,0.05434782608695652,0.4583333333333333,0.024909420289855072,BMP7_BMPR2_0_10,0.016745159602302457,0.017582417582417582,0.9523809523809523,-0.5460511860625075
FASLG,FAS,10,6,0.0625,0.3333333333333333,0.020833333333333332,FASLG_FAS_10_6,0.013942513942513942,0.047619047619047616,0.2927927927927928,-0.5471095170194313
CD34,SELL,2,4,1.0,0.41818181818181815,0.41818181818181815,CD34_SELL_2_4,0.2854286525115451,0.4346895074946467,0.6566265060240963,-0.5494003240880003
CD34,SELL,6,4,1.0,0.41818181818181815,0.41818181818181815,CD34_SELL_6_4,0.28394659719960924,0.43243243243243246,0.6566265060240963,-0.5568845777203357
HGF,MET,4,10,0.5272727272727272,0.10416666666666667,0.054924242424242424,HGF_MET_4_10,0.03700516351118761,0.25903614457831325,0.14285714285714285,-0.5572783666563994
CXCL12,CXCR4,6,5,11.333333333333334,0.2958801498127341,3.35330836454432,CXCL12_CXCR4_6_5,2.2676962676962678,3.9684684684684686,0.5714285714285714,-0.5641518488293329
WNT5A,FZD5,10,6,0.020833333333333332,1.3333333333333333,0.027777777777777776,WNT5A_FZD5_10_6,0.018447018447018446,0.09523809523809523,0.19369369369369369,-0.5654062084553112
C5,C5AR1,0,5,0.021739130434782608,0.17228464419475656,0.003745318352059925,C5_C5AR1_0_5,0.002197802197802198,0.015384615384615385,0.14285714285714285,-0.5694241747436677
CXCL12,CXCR4,0,0,0.782608695652174,0.021739130434782608,0.017013232514177693,CXCL12_CXCR4_0_0,0.01101316266151431,0.4175824175824176,0.026373626373626374,-0.5844410851641975
BMP4,BMPR1A,0,4,0.010869565217391304,1.0954545454545455,0.011907114624505928,BMP4_BMPR1A_0_4,0.007599629286376274,0.015384615384615385,0.4939759036144578,-0.5858201488926487
CXCL10,CXCR3,6,4,0.3333333333333333,0.1590909090909091,0.053030303030303025,CXCL10_CXCR3_6_4,0.034950613263866274,0.4144144144144144,0.08433734939759036,-0.5877523922781023
ICAM1,ITGAL,3,3,1.0,0.5,0.5,ICAM1_ITGAL_3_3,0.3311533311339246,0.5220264317180616,0.6343612334801763,-0.5929612202810063
EGF,EGFR,2,10,1.0,0.08333333333333333,0.08333333333333333,EGF_EGFR_2_10,0.054654838380748444,0.28693790149892934,0.19047619047619047,-0.5995958646634862
BMP7,BMPR2,5,6,0.1760299625468165,1.0,0.1760299625468165,BMP7_BMPR2_5_6,0.11518661518661517,0.14285714285714285,0.8063063063063063,-0.6075496805346405
WNT7B,FZD1,4,0,0.19545454545454546,0.03260869565217391,0.006373517786561265,WNT7B_FZD1_4_0,0.003813054415464054,0.07228915662650602,0.05274725274725275,-0.6154003358958623
CD274,PDCD1,3,10,1.0,0.041666666666666664,0.041666666666666664,CD274_PDCD1_3_10,0.026746381371932033,0.18722466960352424,0.14285714285714285,-0.6208097740884608
CD34,SELL,0,0,0.08695652173913043,0.06521739130434782,0.005671077504725897,CD34_SELL_0_0,0.0033232701364569496,0.0945054945054945,0.035164835164835165,-0.625796817842772
TNF,TNFRSF1A,4,3,0.2318181818181818,1.0,0.2318181818181818,TNF_TNFRSF1A_4_3,0.1494612812483414,0.13253012048192772,1.1277533039647578,-0.629811448430611
BMP7,BMPR2,5,3,0.1760299625468165,1.0,0.1760299625468165,BMP7_BMPR2_5_3,0.11233480176211454,0.14285714285714285,0.7863436123348018,-0.6434026208259928
IL1B,IL1R1,0,6,0.021739130434782608,0.3333333333333333,0.007246376811594202,IL1B_IL1R1_0_6,0.004276804276804277,0.017582417582417582,0.24324324324324326,-0.6440959123480547
CTGF,ITGAV,10,3,0.8333333333333334,1.5,1.25,CTGF_ITGAV_10_3,0.7986154814348647,0.8571428571428571,0.9317180616740088,-0.6457034798759772
CTGF,ITGAV,4,2,3.3363636363636364,0.5,1.6681818181818182,CTGF_ITGAV_4_2,1.0616599158948425,1.9216867469879517,0.5524625267665952,-0.6514611474121815
PDGFA,PDGFRA,10,3,0.0625,0.5,0.03125,PDGFA_PDGFRA_10_3,0.019509125235997484,0.2857142857142857,0.06828193832599119,-0.653033201853283
HGF,MET,0,10,0.043478260869565216,0.10416666666666667,0.004528985507246377,HGF_MET_0_10,0.002511773940345369,0.017582417582417582,0.14285714285714285,-0.6548148112535429
IL18,IL18R1,10,4,0.0625,0.32727272727272727,0.020454545454545454,IL18_IL18R1_10_4,0.012621916236374068,0.09523809523809523,0.13253012048192772,-0.6553536699133016
FASLG,FAS,0,6,0.010869565217391304,0.3333333333333333,0.003623188405797101,FASLG_FAS_0_6,0.0019305019305019305,0.006593406593406593,0.2927927927927928,-0.6577403692577877
TGFB1,TGFBR1,3,6,0.5,0.3333333333333333,0.16666666666666666,TGFB1_TGFBR1_3_6,0.1051712505456999,0.23348017621145375,0.45045045045045046,-0.6592027387254771
CTGF,ITGAV,2,3,0.5,1.5,0.75,CTGF_ITGAV_2_3,0.4728419285155034,0.5074946466809421,0.9317180616740088,-0.6644070447776144
CD40LG,CD40,0,5,0.021739130434782608,0.1647940074906367,0.0035824784237094933,CD40LG_CD40_0_5,0.0018838304552590266,0.006593406593406593,0.2857142857142857,-0.6681417390938333
TNF,TNFRSF1A,5,4,0.14606741573033707,2.5681818181818183,0.3751276813074566,TNF_TNFRSF1A_5_4,0.23235800344234078,0.14285714285714285,1.6265060240963856,-0.6886775381256219
CTGF,ITGAV,3,6,2.0,0.6666666666666666,1.3333333333333333,CTGF_ITGAV_3_6,0.8232230027384212,0.9669603524229075,0.8513513513513513,-0.6950124824130657
CD34,SELL,10,6,0.25,0.3333333333333333,0.08333333333333333,CD34_SELL_10_6,0.051051051051051045,0.6666666666666666,0.07657657657657657,-0.6961756833645689
SELE,CD44,0,3,0.03260869565217391,1.0,0.03260869565217391,SELE_CD44_0_3,0.01968824127414436,0.015384615384615385,1.2797356828193833,-0.7000235473628513
CTGF,ITGAV,0,2,0.16304347826086957,0.5,0.08152173913043478,CTGF_ITGAV_0_2,0.04978233757677012,0.09010989010989011,0.5524625267665952,-0.7004474204415607
FASLG,FAS,4,0,0.15454545454545454,0.05434782608695652,0.008399209486166008,FASLG_FAS_4_0,0.004766318019330067,0.14457831325301204,0.03296703296703297,-0.7048890196686921
IL1B,IL1R1,10,0,0.0625,0.07608695652173914,0.004755434782608696,IL1B_IL1R1_10_0,0.002511773940345369,0.047619047619047616,0.05274725274725275,-0.7127249391325052
HGF,MET,4,3,0.5272727272727272,0.5,0.2636363636363636,HGF_MET_4_3,0.1597579746297967,0.25903614457831325,0.6167400881057269,-0.7191210094265976
IL2,IL2RA,0,5,0.010869565217391304,0.0599250936329588,0.000651359713401726,IL2_IL2RA_0_5,0.0,0.004395604395604396,0.0,-0.7236544147483803
TNF,TNFRSF1B,6,0,0.3333333333333333,0.010869565217391304,0.003623188405797101,TNF_TNFRSF1B_6_0,0.0017820017820017822,0.04054054054054054,0.04395604395604396,-0.7327648129928492
TGFB1,TGFBR1,0,3,0.010869565217391304,1.5,0.016304347826086956,TGFB1_TGFBR1_0_3,0.009391489567701023,0.02197802197802198,0.42731277533039647,-0.7357320974645227
FASLG,FAS,0,4,0.010869565217391304,0.8818181818181818,0.00958498023715415,FASLG_FAS_0_4,0.005282669138090825,0.006593406593406593,0.8012048192771084,-0.7525690646672895
ANGPT1,TEK,10,6,0.16666666666666666,0.6666666666666666,0.1111111111111111,ANGPT1_TEK_10_6,0.06542256542256543,0.23809523809523808,0.2747747747747748,-0.7551839180008273
FGF2,FGFR1,5,6,0.46441947565543074,0.6666666666666666,0.3096129837702871,FGF2_FGFR1_5_6,0.18275418275418276,0.5714285714285714,0.31981981981981983,-0.7573410462657064
PDGFB,PDGFRB,6,0,0.3333333333333333,0.16304347826086957,0.05434782608695652,PDGFB_PDGFRB_6_0,0.0316008316008316,0.25675675675675674,0.12307692307692308,-0.7636178869333382
TNF,TNFRSF1B,4,5,0.2318181818181818,0.2808988764044944,0.06511746680286007,TNF_TNFRSF1B_4_5,0.0378657487091222,0.13253012048192772,0.2857142857142857,-0.766532142311385
CCL21,CCR7,10,4,0.1875,0.15,0.028124999999999997,CCL21_CCR7_10_4,0.01606425702811245,0.09523809523809523,0.1686746987951807,-0.771280448409075
CD274,PDCD1,6,10,0.3333333333333333,0.041666666666666664,0.013888888888888888,CD274_PDCD1_6_10,0.007722007722007722,0.05405405405405406,0.14285714285714285,-0.7715039213089296
FASLG,FAS,10,0,0.0625,0.05434782608695652,0.0033967391304347825,FASLG_FAS_10_0,0.0015698587127158554,0.047619047619047616,0.03296703296703297,-0.7747448921551119
BMP4,BMPR1A,0,6,0.010869565217391304,0.6666666666666666,0.007246376811594202,BMP4_BMPR1A_0_6,0.0038115038115038116,0.015384615384615385,0.24774774774774774,-0.7772725139189611
ICAM1,ITGAL,5,3,0.3146067415730337,0.5,0.15730337078651685,ICAM1_ITGAL_5_3,0.09062303335431089,0.14285714285714285,0.6343612334801763,-0.7889097434919041
B2M,CD8A,5,4,2.337078651685393,0.33636363636363636,0.7861082737487232,B2M_CD8A_5_4,0.45438898450946646,1.7142857142857142,0.26506024096385544,-0.7894627106547019
TNF,TNFRSF1B,3,0,0.5,0.010869565217391304,0.005434782608695652,TNF_TNFRSF1B_3_0,0.0027109454422229754,0.06167400881057269,0.04395604395604396,-0.7941046186720263
IL1B,IL1R1,10,6,0.0625,0.3333333333333333,0.020833333333333332,IL1B_IL1R1_10_6,0.011583011583011582,0.047619047619047616,0.24324324324324326,-0.7950551517642839
HGF,MET,10,6,0.020833333333333332,1.6666666666666667,0.034722222222222224,HGF_MET_10_6,0.019519519519519517,0.047619047619047616,0.4099099099099099,-0.7998248814822594
TGFB1,TGFBR2,4,0,0.21818181818181817,0.42391304347826086,0.09249011857707509,TGFB1_TGFBR2_4_0,0.05203230504435323,0.18072289156626506,0.2879120879120879,-0.8179424311884997
VEGFA,FLT1,0,6,0.2608695652173913,0.6666666666666666,0.17391304347826086,VEGFA_FLT1_0_6,0.09820809820809821,0.17582417582417584,0.5585585585585585,-0.8181080812323348
IL2,IL2RA,0,4,0.010869565217391304,0.11363636363636363,0.0012351778656126482,IL2_IL2RA_0_4,0.0002647954455183371,0.004395604395604396,0.060240963855421686,-0.8214855615687673
C5,C5AR1,5,0,0.2397003745318352,0.021739130434782608,0.005210877707213808,C5_C5AR1_5_0,0.002511773940345369,0.14285714285714285,0.017582417582417582,-0.8225971824557765
WNT5A,FZD5,0,5,0.021739130434782608,0.2397003745318352,0.005210877707213808,WNT5A_FZD5_0_5,0.002511773940345369,0.017582417582417582,0.14285714285714285,-0.8225971824557765
WNT5A,FZD5,0,0,0.021739130434782608,0.05434782608695652,0.0011814744801512287,WNT5A_FZD5_0_0,0.0002318560560318802,0.017582417582417582,0.013186813186813187,-0.8244699114252596
CXCL12,CXCR4,0,3,0.782608695652174,1.0,0.782608695652174,CXCL12_CXCR4_0_3,0.44057704410127324,0.4175824175824176,1.0550660792951543,-0.8274682333049959
TNF,TNFRSF1B,4,3,0.2318181818181818,0.5,0.1159090909090909,TNF_TNFRSF1B_4_3,0.06451356085133486,0.13253012048192772,0.486784140969163,-0.8355216484049941
BMP4,BMPR1A,5,4,0.23220973782771537,1.0954545454545455,0.2543752128021791,BMP4_BMPR1A_5_4,0.14113597246127366,0.2857142857142857,0.4939759036144578,-0.8453467760953073
CCL21,CCR7,0,4,0.05434782608695652,0.15,0.008152173913043478,CCL21_CCR7_0_4,0.004077849860982391,0.024175824175824177,0.1686746987951807,-0.8498967281914204
HGF,MET,0,0,0.043478260869565216,0.06521739130434782,0.0028355387523629487,HGF_MET_0_0,0.0011206376041540875,0.017582417582417582,0.06373626373626373,-0.8549311379246268
CXCL11,CXCR3,3,4,1.0,0.1590909090909091,0.1590909090909091,CXCL11_CXCR3_3_4,0.08712382569927285,1.0330396475770924,0.08433734939759036,-0.8612873525219207
CTGF,ITGAV,6,6,1.3333333333333333,0.6666666666666666,0.8888888888888888,CTGF_ITGAV_6_6,0.48703433162892623,0.5720720720720721,0.8513513513513513,-0.8666425728298982
FGF2,FGFR1,0,2,0.010869565217391304,1.0,0.010869565217391304,FGF2_FGFR1_0_2,0.005506271030896298,0.01978021978021978,0.278372591006424,-0.8673642630700731
CCL19,CCR7,2,4,0.5,0.15,0.075,CCL19_CCR7_2_4,0.04009184489564252,0.23768736616702354,0.1686746987951807,-0.8871473140899755
C3,C3AR1,0,0,0.14130434782608695,0.043478260869565216,0.006143667296786389,C3_C3AR1_0_0,0.002859558024393189,0.08131868131868132,0.035164835164835165,-0.8882292437883446
FGF2,FGFR1,5,0,0.46441947565543074,0.08695652173913043,0.04038430223090702,FGF2_FGFR1_5_0,0.021350078492935635,0.5714285714285714,0.03736263736263736,-0.8888037346140338
PDGFB,PDGFRB,0,5,0.03260869565217391,0.6329588014981273,0.020639960918417195,PDGFB_PDGFRB_0_5,0.010675039246467817,0.03736263736263736,0.2857142857142857,-0.8902704940080628
CCL19,CCR7,0,10,0.07608695652173914,0.0625,0.004755434782608696,CCL19_CCR7_0_10,0.0020931449502878076,0.02197802197802198,0.09523809523809523,-0.8958504756618892
IL1B,IL1R1,4,4,0.18181818181818182,1.8636363636363635,0.33884297520661155,IL1B_IL1R1_4_4,0.1811583684134127,0.23493975903614459,0.7710843373493976,-0.8996750271290032
CTGF,ITGAV,3,2,2.0,0.5,1.0,CTGF_ITGAV_3_2,0.5342093595826769,0.9669603524229075,0.5524625267665952,-0.9032667234379419
CXCL12,CXCR4,6,10,11.333333333333334,0.0625,0.7083333333333334,CXCL12_CXCR4_6_10,0.37794937794937794,3.9684684684684686,0.09523809523809523,-0.9044586065276392
SELE,CD44,0,6,0.03260869565217391,0.3333333333333333,0.010869565217391304,SELE_CD44_0_6,0.005336105336105337,0.015384615384615385,0.34684684684684686,-0.905598864815649
CXCL13,CXCR5,4,5,0.2318181818181818,0.10861423220973783,0.025178753830439222,CXCL13_CXCR5_4_5,0.012908777969018933,0.09036144578313253,0.14285714285714285,-0.9124007536130885
ANGPT1,TEK,0,10,0.07608695652173914,0.22916666666666666,0.017436594202898552,ANGPT1_TEK_0_10,0.008791208791208791,0.026373626373626374,0.3333333333333333,-0.9130132844941237
IL15,IL15RA,0,5,0.010869565217391304,0.08239700374531835,0.0008956196059273733,IL15_IL15RA_0_5,0.0,0.008791208791208791,0.0,-0.9226694876003061
EGF,EGFR,10,6,0.0625,0.3333333333333333,0.020833333333333332,EGF_EGFR_10_6,0.01051051051051051,0.047619047619047616,0.22072072072072071,-0.9235805850870381
VEGFA,FLT1,6,6,2.6666666666666665,0.6666666666666666,1.7777777777777777,VEGFA_FLT1_6_6,0.935962990017044,1.6756756756756757,0.5585585585585585,-0.924822318611526
VEGFA,FLT1,10,6,0.22916666666666666,0.6666666666666666,0.15277777777777776,VEGFA_FLT1_10_6,0.07979407979407978,0.14285714285714285,0.5585585585585585,-0.928525548288375
CD34,SELL,3,4,1.0,0.41818181818181815,0.41818181818181815,CD34_SELL_3_4,0.21839339737805846,0.33259911894273125,0.6566265060240963,-0.934056033365755
HGF,MET,5,4,0.20224719101123595,1.55,0.31348314606741573,HGF_MET_5_4,0.16351118760757313,0.14285714285714285,1.144578313253012,-0.9347970035815149
IL6,IL6R,10,0,0.08333333333333333,0.03260869565217391,0.002717391304347826,IL6_IL6R_10_0,0.0009419152276295132,0.047619047619047616,0.01978021978021978,-0.9368103361088158
HGF,MET,0,3,0.043478260869565216,0.5,0.021739130434782608,HGF_MET_0_3,0.010843781768891902,0.017582417582417582,0.6167400881057269,-0.9410472722342387
IL1B,IL1R1,4,3,0.18181818181818182,0.5,0.09090909090909091,IL1B_IL1R1_4_3,0.04657396104240751,0.23493975903614459,0.19823788546255505,-0.9500354182444458
CD80,CTLA4,4,0,0.18636363636363637,0.010869565217391304,0.002025691699604743,CD80_CTLA4_4_0,0.0005560704355885078,0.12650602409638553,0.004395604395604396,-0.9593576273564647
CCL2,CCR2,4,4,1.3772727272727272,0.23636363636363636,0.3255371900826446,CCL2_CCR2_4_4,0.16693279140659023,0.5542168674698795,0.30120481927710846,-0.9593633473183845
PDGFB,PDGFRB,0,4,0.03260869565217391,2.272727272727273,0.0741106719367589,PDGFB_PDGFRB_0_4,0.03758771349132795,0.03736263736263736,1.0060240963855422,-0.960876344743616
CXCL12,CXCR4,6,4,11.333333333333334,0.39545454545454545,4.481818181818182,CXCL12_CXCR4_6_4,2.2950179094757406,3.9684684684684686,0.5783132530120482,-0.9652720910332756
CTGF,ITGAV,5,6,0.7153558052434457,0.6666666666666666,0.47690387016229707,CTGF_ITGAV_5_6,0.24324324324324323,0.2857142857142857,0.8513513513513513,-0.9684017989070949
TGFB1,TGFBR2,4,6,0.21818181818181817,2.3333333333333335,0.5090909090909091,TGFB1_TGFBR2_4_6,0.2588733311624878,0.18072289156626506,1.4324324324324325,-0.9729458005490492
C5,C5AR1,5,5,0.2397003745318352,0.17228464419475656,0.04129669373956712,C5_C5AR1_5_5,0.02040816326530612,0.14285714285714285,0.14285714285714285,-0.9823838711664141
PDGFB,PDGFRB,4,0,0.9181818181818182,0.16304347826086957,0.14970355731225296,PDGFB_PDGFRB_4_0,0.07488415199258573,0.608433734939759,0.12307692307692308,-0.9898429488075815
C3,C3AR1,0,4,0.14130434782608695,0.41818181818181815,0.05909090909090908,C3_C3AR1_0_4,0.028902422878326492,0.08131868131868132,0.35542168674698793,-1.0068843627927602
TGFB1,TGFBR1,4,4,0.21818181818181817,1.8909090909090909,0.41256198347107437,TGFB1_TGFBR1_4_4,0.20467411815938455,0.18072289156626506,1.1325301204819278,-1.0077433146754642
HGF,MET,4,0,0.5272727272727272,0.06521739130434782,0.03438735177865612,HGF_MET_4_0,0.016509996028068318,0.25903614457831325,0.06373626373626373,-1.0150550448440525
VEGFA,FLT1,4,6,5.036363636363636,0.6666666666666666,3.3575757575757574,VEGFA_FLT1_4_6,1.6487571909258654,2.9518072289156625,0.5585585585585585,-1.025595865216555
VEGFA,FLT1,3,6,0.5,0.6666666666666666,0.3333333333333333,VEGFA_FLT1_3_6,0.16116998055324047,0.28854625550660795,0.5585585585585585,-1.043780414563582
CD80,CTLA4,0,4,0.043478260869565216,0.03636363636363636,0.0015810276679841897,CD80_CTLA4_0_4,0.00025155567324242024,0.002197802197802198,0.1144578313253012,-1.0442231386590457
IL18,IL18R1,5,6,0.1947565543071161,0.3333333333333333,0.06491885143570536,IL18_IL18R1_5_6,0.030888030888030885,0.42857142857142855,0.07207207207207207,-1.047676092605274
WNT7B,FZD1,0,10,0.03260869565217391,0.16666666666666666,0.005434782608695652,WNT7B_FZD1_0_10,0.0020931449502878076,0.01098901098901099,0.19047619047619047,-1.0568169672985024
CD34,SELL,5,0,0.50187265917603,0.06521739130434782,0.032730825598436736,CD34_SELL_5_0,0.015070643642072213,0.42857142857142855,0.035164835164835165,-1.0696399190545152
CD40LG,CD40,5,0,0.10112359550561797,0.010869565217391304,0.0010991695163654128,CD40LG_CD40_5_0,0.0,0.0,0.03076923076923077,-1.0698186747505278
C3,C3AR1,3,4,3.0,0.41818181818181815,1.2545454545454544,C3_C3AR1_3_4,0.5965447693859136,1.6784140969162995,0.35542168674698793,-1.0711955472984809
EGF,EGFR,5,10,1.3857677902621723,0.08333333333333333,0.11548064918851436,EGF_EGFR_5_10,0.054421768707482984,0.2857142857142857,0.19047619047619047,-1.0715656430879887
CTGF,ITGAV,6,2,1.3333333333333333,0.5,0.6666666666666666,CTGF_ITGAV_6_2,0.31604838242953875,0.5720720720720721,0.5524625267665952,-1.0744249990373986
C3,C3AR1,6,0,0.3333333333333333,0.043478260869565216,0.014492753623188404,C3_C3AR1_6_0,0.0063360063360063355,0.18018018018018017,0.035164835164835165,-1.0785267959732348
VEGFA,KDR,0,0,0.2608695652173913,0.05434782608695652,0.014177693761814745,VEGFA_KDR_0_0,0.006182828160850139,0.17582417582417584,0.035164835164835165,-1.0793286844924443
IL6,IL6R,0,0,0.05434782608695652,0.03260869565217391,0.001772211720226843,IL6_IL6R_0_0,0.0003043110735418428,0.015384615384615385,0.01978021978021978,-1.0877494554119833
CD80,CD28,10,0,0.10416666666666667,0.010869565217391304,0.0011322463768115942,CD80_CD28_10_0,0.0,0.0,0.017582417582417582,-1.092374148260275
CD80,CTLA4,10,0,0.10416666666666667,0.010869565217391304,0.0011322463768115942,CD80_CTLA4_10_0,0.0,0.0,0.004395604395604396,-1.092374148260275
SELE,CD44,0,0,0.03260869565217391,0.10869565217391304,0.003544423440453686,SELE_CD44_0_0,0.0011158072696534236,0.015384615384615385,0.07252747252747253,-1.1028890512486162
C3,C3AR1,6,4,0.3333333333333333,0.41818181818181815,0.13939393939393938,C3_C3AR1_6_4,0.06403994355801584,0.18018018018018017,0.35542168674698793,-1.1100827473518513
CCL21,CCR7,2,0,0.5,0.010869565217391304,0.005434782608695652,CCL21_CCR7_2_0,0.0019766101136550816,0.1284796573875803,0.015384615384615385,-1.1122211446412469
CTGF,ITGAV,10,4,0.8333333333333334,6.709090909090909,5.590909090909091,CTGF_ITGAV_10_4,2.5817555938037864,0.8571428571428571,3.0120481927710845,-1.114429778978982
BMP4,BMPR1A,5,6,0.23220973782771537,0.6666666666666666,0.15480649188514356,BMP4_BMPR1A_5_6,0.07078507078507078,0.2857142857142857,0.24774774774774774,-1.117999604877317
C3,C3AR1,3,0,3.0,0.043478260869565216,0.13043478260869565,C3_C3AR1_3_0,0.059021155056397344,1.6784140969162995,0.035164835164835165,-1.1308041300333334
CTGF,ITGAV,2,4,0.5,6.709090909090909,3.3545454545454545,CTGF_ITGAV_2_4,1.5285983333763318,0.5074946466809421,3.0120481927710845,-1.133394443641253
BMP7,BMPR2,5,2,0.1760299625468165,1.0,0.1760299625468165,BMP7_BMPR2_5_2,0.07953502600183542,0.14285714285714285,0.556745182012848,-1.136305282422798
TNF,TNFRSF1A,5,5,0.14606741573033707,0.9325842696629213,0.1362201742204267,TNF_TNFRSF1A_5_5,0.06122448979591836,0.14285714285714285,0.42857142857142855,-1.1409382021702108
CXCL13,CXCR5,4,0,0.2318181818181818,0.010869565217391304,0.002519762845849802,CXCL13_CXCR5_4_0,0.0005957897524162584,0.09036144578313253,0.006593406593406593,-1.1412076394630741
EGF,EGFR,10,2,0.0625,0.5,0.03125,EGF_EGFR_10_2,0.013561741613133475,0.047619047619047616,0.284796573875803,-1.1471162454959958
VEGFA,KDR,10,0,0.22916666666666666,0.05434782608695652,0.012454710144927536,VEGFA_KDR_10_0,0.005023547880690738,0.14285714285714285,0.035164835164835165,-1.159425918847707
CXCL10,CXCR3,10,5,0.020833333333333332,0.0599250936329588,0.0012484394506866417,CXCL10_CXCR3_10_5,0.0,0.5714285714285714,0.0,-1.168924033497566
EGF,EGFR,6,0,2.0,0.03260869565217391,0.06521739130434782,EGF_EGFR_6_0,0.028442728442728445,0.9954954954954955,0.02857142857142857,-1.1692988041344015
ANGPT1,TEK,6,4,0.3333333333333333,1.190909090909091,0.396969696969697,ANGPT1_TEK_6_4,0.17551286225985022,0.1891891891891892,0.927710843373494,-1.172885267671826
CTGF,ITGAV,5,2,0.7153558052434457,0.5,0.35767790262172283,CTGF_ITGAV_5_2,0.1578464362190272,0.2857142857142857,0.5524625267665952,-1.1750561436824198
CXCL9,CXCR3,3,4,1.5,0.1590909090909091,0.23863636363636365,CXCL9_CXCR3_3_4,0.10495727403004086,1.2444933920704846,0.08433734939759036,-1.177364213611363
IL6,IL6R,10,4,0.08333333333333333,0.7636363636363637,0.06363636363636363,IL6_IL6R_10_4,0.027538726333907054,0.047619047619047616,0.5783132530120482,-1.1794250864513296
TNF,TNFRSF1A,3,10,0.5,0.22916666666666666,0.11458333333333333,TNF_TNFRSF1A_3_10,0.049926578560939794,0.06167400881057269,0.8095238095238095,-1.1824426819020566
IL15,IL15RA,4,0,0.30454545454545456,0.03260869565217391,0.009930830039525692,IL15_IL15RA_4_0,0.003813054415464054,0.2891566265060241,0.013186813186813187,-1.1833783177950075
WNT7B,FZD1,4,10,0.19545454545454546,0.16666666666666666,0.03257575757575758,WNT7B_FZD1_4_10,0.013769363166953527,0.07228915662650602,0.19047619047619047,-1.1848123312311667
ANGPT1,TEK,4,4,0.9545454545454546,1.190909090909091,1.1367768595041323,ANGPT1_TEK_4_4,0.4973871389171142,0.536144578313253,0.927710843373494,-1.1908788997948858
TNF,TNFRSF1A,6,10,0.3333333333333333,0.22916666666666666,0.07638888888888888,TNF_TNFRSF1A_6_10,0.03281853281853282,0.04054054054054054,0.8095238095238095,-1.1943123749725708
C5,C5AR1,4,0,0.42727272727272725,0.021739130434782608,0.009288537549407113,C5_C5AR1_4_0,0.0034952998808420494,0.19879518072289157,0.017582417582417582,-1.194548660770347
CXCL13,CXCR5,10,10,0.0625,0.10416666666666667,0.006510416666666667,CXCL13_CXCR5_10_10,0.0022675736961451243,0.047619047619047616,0.047619047619047616,-1.2006731739024394
IL18,IL18R1,10,10,0.0625,0.020833333333333332,0.0013020833333333333,IL18_IL18R1_10_10,0.0,0.09523809523809523,0.0,-1.2029400586702752
CXCL9,CXCR3,0,5,0.021739130434782608,0.0599250936329588,0.001302719426803452,CXCL9_CXCR3_0_5,0.0,0.10989010989010989,0.0,-1.2033386376967923
BMP7,BMPR2,5,5,0.1760299625468165,1.0786516853932584,0.18987501578083577,BMP7_BMPR2_5_5,0.08163265306122448,0.14285714285714285,0.5714285714285714,-1.2078443825122627
ANGPT1,TEK,5,4,0.5205992509363296,1.190909090909091,0.619986380660538,ANGPT1_TEK_5_4,0.2650602409638554,0.2857142857142857,0.927710843373494,-1.2228086923394526
TGFB1,TGFBR2,4,4,0.21818181818181817,8.754545454545454,1.910082644628099,TGFB1_TGFBR2_4_4,0.8176077805196691,0.18072289156626506,4.524096385542169,-1.2231458847420005
CXCL12,CXCR4,6,0,11.333333333333334,0.021739130434782608,0.2463768115942029,CXCL12_CXCR4_6_0,0.10466290466290466,3.9684684684684686,0.026373626373626374,-1.2272412973876092
BMP7,BMPR2,5,4,0.1760299625468165,2.9045454545454548,0.5112870275791624,BMP7_BMPR2_5_4,0.21772805507745266,0.14285714285714285,1.5240963855421688,-1.2278140804889623
SELE,CD44,0,4,0.03260869565217391,1.3545454545454545,0.044169960474308295,SELE_CD44_0_4,0.01788693234476367,0.015384615384615385,1.1626506024096386,-1.2579752561605588
VEGFA,KDR,6,0,2.6666666666666665,0.05434782608695652,0.14492753623188404,VEGFA_KDR_6_0,0.05892485892485892,1.6756756756756757,0.035164835164835165,-1.2840256299921604
CCL21,CCR7,2,10,0.5,0.0625,0.03125,CCL21_CCR7_2_10,0.012236157846436219,0.1284796573875803,0.09523809523809523,-1.2848147589591958
C3,C3AR1,5,0,0.3146067415730337,0.043478260869565216,0.013678553981436248,C3_C3AR1_5_0,0.005023547880690738,0.14285714285714285,0.035164835164835165,-1.2850244594710407
CTGF,ITGAV,10,0,0.8333333333333334,0.2717391304347826,0.22644927536231885,CTGF_ITGAV_10_0,0.09230769230769231,0.8571428571428571,0.1076923076923077,-1.2854769111054436
CD34,SELL,4,0,1.5136363636363637,0.06521739130434782,0.09871541501976284,CD34_SELL_4_0,0.0398252350059579,1.1325301204819278,0.035164835164835165,-1.2883553577638787
CTGF,ITGAV,2,0,0.5,0.2717391304347826,0.1358695652173913,CTGF_ITGAV_2_0,0.054653269642563,0.5074946466809421,0.1076923076923077,-1.2982633258360718
TNF,TNFRSF1B,6,10,0.3333333333333333,0.10416666666666667,0.034722222222222224,TNF_TNFRSF1B_6_10,0.013513513513513514,0.04054054054054054,0.3333333333333333,-1.299425013529172
TNF,TNFRSF1B,3,10,0.5,0.10416666666666667,0.052083333333333336,TNF_TNFRSF1B_3_10,0.020558002936857563,0.06167400881057269,0.3333333333333333,-1.300035428934828
TGFB1,TGFBR2,0,5,0.010869565217391304,2.2771535580524342,0.02475166910926559,TGFB1_TGFBR2_0_5,0.009419152276295134,0.02197802197802198,0.42857142857142855,-1.3054280426872815
TGFB1,TGFBR2,0,3,0.010869565217391304,7.0,0.07608695652173914,TGFB1_TGFBR2_0_3,0.0301592680447306,0.02197802197802198,1.3722466960352422,-1.306825426177331
IL18,IL18R1,5,3,0.1947565543071161,0.5,0.09737827715355805,IL18_IL18R1_5_3,0.038703587161736934,0.42857142857142855,0.09030837004405286,-1.309070431462153
TGFB1,TGFBR1,4,0,0.21818181818181817,0.09782608695652174,0.02134387351778656,TGFB1_TGFBR1_4_0,0.007943863365550113,0.18072289156626506,0.04395604395604396,-1.3209092585104334
PDGFB,PDGFRB,10,3,0.041666666666666664,2.0,0.08333333333333333,PDGFB_PDGFRB_10_3,0.032724984266834484,0.09523809523809523,0.3436123348017621,-1.3222852089490216
WNT5A,FZD5,0,4,0.021739130434782608,0.6818181818181818,0.014822134387351776,WNT5A_FZD5_0_4,0.005295908910366742,0.017582417582417582,0.30120481927710846,-1.329457657705648
CD274,PDCD1,6,0,0.3333333333333333,0.010869565217391304,0.003623188405797101,CD274_PDCD1_6_0,0.0008316008316008316,0.05405405405405406,0.015384615384615385,-1.3357830318363284
IL6,IL6R,0,5,0.05434782608695652,0.23220973782771537,0.012620094447158444,IL6_IL6R_0_5,0.004395604395604396,0.015384615384615385,0.2857142857142857,-1.335880228377934
VEGFA,KDR,3,0,0.5,0.05434782608695652,0.02717391304347826,VEGFA_KDR_3_0,0.01014668151232028,0.28854625550660795,0.035164835164835165,-1.3377456837949502
EGF,EGFR,10,4,0.0625,1.1772727272727272,0.07357954545454545,EGF_EGFR_10_4,0.02839931153184165,0.047619047619047616,0.5963855421686747,-1.34299763357237
C5,C5AR1,4,5,0.42727272727272725,0.17228464419475656,0.07361252979230506,C5_C5AR1_4_5,0.02839931153184165,0.19879518072289157,0.14285714285714285,-1.3436355540679377
CD86,CD28,5,0,0.14232209737827714,0.010869565217391304,0.0015469793193290994,CD86_CD28_5_0,0.0,0.0,0.017582417582417582,-1.3487872454297443
C3,C3AR1,5,4,0.3146067415730337,0.41818181818181815,0.13156281920326862,C3_C3AR1_5_4,0.05077452667814113,0.14285714285714285,0.35542168674698793,-1.3563618251578824
IL18,IL18R1,0,10,0.07608695652173914,0.020833333333333332,0.001585144927536232,IL18_IL18R1_0_10,0.0,0.02197802197802198,0.0,-1.3702451626975947
BMP4,BMPR1A,6,10,0.3333333333333333,0.16666666666666666,0.05555555555555555,BMP4_BMPR1A_6_10,0.02059202059202059,0.07207207207207207,0.2857142857142857,-1.3891704919490415
CTGF,ITGAV,10,5,0.8333333333333334,1.1573033707865168,0.9644194756554307,CTGF_ITGAV_10_5,0.36734693877551017,0.8571428571428571,0.42857142857142855,-1.390090678079543
VEGFA,KDR,4,0,5.036363636363636,0.05434782608695652,0.2737154150197628,VEGFA_KDR_4_0,0.10379981464318813,2.9518072289156625,0.035164835164835165,-1.390301700959651
TGFB1,TGFBR1,0,2,0.010869565217391304,1.5,0.016304347826086956,TGFB1_TGFBR1_0_2,0.005600395322022731,0.02197802197802198,0.25481798715203424,-1.3905102291001132
TNF,TNFRSF1A,5,6,0.14606741573033707,2.0,0.29213483146067415,TNF_TNFRSF1A_5_6,0.11068211068211067,0.14285714285714285,0.7747747747747747,-1.3921662926093465
CCL19,CCR7,0,4,0.07608695652173914,0.15,0.01141304347826087,CCL19_CCR7_0_4,0.0037071362372567192,0.02197802197802198,0.1686746987951807,-1.3989353701770488
IL1B,IL1R1,0,3,0.021739130434782608,0.5,0.010869565217391304,IL1B_IL1R1_0_3,0.003485501282858111,0.017582417582417582,0.19823788546255505,-1.4039259605029175
CTGF,ITGAV,2,5,0.5,1.1573033707865168,0.5786516853932584,CTGF_ITGAV_2_5,0.21749770572040375,0.5074946466809421,0.42857142857142855,-1.4075681092491654
BMP7,BMPR2,5,0,0.1760299625468165,0.15217391304347827,0.02678716821364599,BMP7_BMPR2_5_0,0.009419152276295133,0.14285714285714285,0.06593406593406594,-1.415180915434362
C5,C5AR1,0,4,0.021739130434782608,0.38636363636363635,0.008399209486166008,C5_C5AR1_0_4,0.0025023169601482856,0.015384615384615385,0.16265060240963855,-1.4242297712794012
CD40LG,CD40,0,4,0.021739130434782608,0.5636363636363636,0.012252964426877469,CD40LG_CD40_0_4,0.0039322123659473055,0.006593406593406593,0.5963855421686747,-1.4260082739947604
SELE,CD44,0,5,0.03260869565217391,0.599250936329588,0.019540791402051783,SELE_CD44_0_5,0.006593406593406593,0.015384615384615385,0.42857142857142855,-1.4356726020316244
CXCL12,CXCR4,6,3,11.333333333333334,1.0,11.333333333333334,CXCL12_CXCR4_6_3,4.186996467833473,3.9684684684684686,1.0550660792951543,-1.4363674060380542
IL15,IL15RA,10,5,0.020833333333333332,0.08239700374531835,0.0017166042446941322,IL15_IL15RA_10_5,0.0,0.09523809523809523,0.0,-1.4418044088416293
BMP4,BMPR1A,4,0,0.38181818181818183,0.05434782608695652,0.020750988142292492,BMP4_BMPR1A_4_0,0.006990599761684099,0.19879518072289157,0.035164835164835165,-1.4447052450270381
HGF,MET,4,4,0.5272727272727272,1.55,0.8172727272727273,HGF_MET_4_4,0.29648715343300913,0.25903614457831325,1.144578313253012,-1.4597543992399857
TNF,TNFRSF1A,4,4,0.2318181818181818,2.5681818181818183,0.5953512396694215,TNF_TNFRSF1A_4_4,0.21556103933807522,0.13253012048192772,1.6265060240963856,-1.4613885846920616
IL18,IL18R1,10,6,0.0625,0.3333333333333333,0.020833333333333332,IL18_IL18R1_10_6,0.006864006864006863,0.09523809523809523,0.07207207207207207,-1.473195919897676
CTGF,ITGAV,4,3,3.3363636363636364,1.5,5.004545454545455,CTGF_ITGAV_4_3,1.7904702510482458,1.9216867469879517,0.9317180616740088,-1.482383201662888
FASLG,FAS,0,5,0.010869565217391304,0.40823970037453183,0.004437388047549259,FASLG_FAS_0_5,0.0009419152276295133,0.006593406593406593,0.14285714285714285,-1.4854335692374927
C3,C3AR1,0,5,0.14130434782608695,0.24344569288389514,0.03439993486402866,C3_C3AR1_0_5,0.011616954474097331,0.08131868131868132,0.14285714285714285,-1.4883829963282509
CCL2,CCR2,2,5,0.5,0.2209737827715356,0.1104868913857678,CCL2_CCR2_2_5,0.03854389721627409,0.08993576017130621,0.42857142857142855,-1.4953471214115457
BMP4,BMPR1A,2,10,0.5,0.16666666666666666,0.08333333333333333,BMP4_BMPR1A_2_10,0.028754970939125112,0.1006423982869379,0.2857142857142857,-1.5029722703242823
C5,C5AR1,6,0,0.3333333333333333,0.021739130434782608,0.007246376811594202,C5_C5AR1_6_0,0.0019008019008019009,0.10810810810810811,0.017582417582417582,-1.5073086099818778
PDGFB,PDGFRB,6,5,0.3333333333333333,0.6329588014981273,0.21098626716604243,PDGFB_PDGFRB_6_5,0.07335907335907335,0.25675675675675674,0.2857142857142857,-1.5113901105162406
IL1B,IL1R1,0,4,0.021739130434782608,1.8636363636363635,0.04051383399209486,IL1B_IL1R1_0_4,0.01355752681053886,0.017582417582417582,0.7710843373493976,-1.511826901787126
CCL2,CCR2,4,0,1.3772727272727272,0.021739130434782608,0.02994071146245059,CCL2_CCR2_4_0,0.009744472395074805,0.5542168674698795,0.017582417582417582,-1.5259117297589544
CTGF,ITGAV,0,3,0.16304347826086957,1.5,0.24456521739130435,CTGF_ITGAV_0_3,0.08395701215084475,0.09010989010989011,0.9317180616740088,-1.5313012933664378
FGF2,FGFR1,5,2,0.46441947565543074,1.0,0.46441947565543074,FGF2_FGFR1_5_2,0.15907005200367083,0.5714285714285714,0.278372591006424,-1.5398281672637975
IFNG,IFNGR1,0,0,0.021739130434782608,0.11956521739130435,0.0025992438563327033,IFNG_IFNGR1_0_0,0.0002318560560318802,0.004395604395604396,0.05274725274725275,-1.546860166087721
PDGFB,PDGFRB,6,4,0.3333333333333333,2.272727272727273,0.7575757575757576,PDGFB_PDGFRB_6_4,0.25830348420709864,0.25675675675675674,1.0060240963855422,-1.5486516754713664
PDGFA,PDGFRA,0,10,0.03260869565217391,0.125,0.004076086956521739,PDGFA_PDGFRA_0_10,0.0007326007326007326,0.015384615384615385,0.047619047619047616,-1.5507775512331063
CD274,PDCD1,0,4,0.021739130434782608,0.25,0.005434782608695652,CD274_PDCD1_0_4,0.0011915795048325168,0.013186813186813187,0.09036144578313253,-1.5539203925177008
IL6,IL6R,10,6,0.08333333333333333,0.6666666666666666,0.05555555555555555,IL6_IL6R_10_6,0.01823251823251823,0.047619047619047616,0.38288288288288286,-1.556121073718903
ANGPT1,TEK,6,0,0.3333333333333333,0.09782608695652174,0.03260869565217391,ANGPT1_TEK_6_0,0.010395010395010396,0.1891891891891892,0.054945054945054944,-1.5604323122892314
CXCL10,CXCR3,0,5,0.03260869565217391,0.0599250936329588,0.0019540791402051783,CXCL10_CXCR3_0_5,0.0,0.05714285714285714,0.0,-1.5627084766281412
FASLG,FAS,4,5,0.15454545454545454,0.40823970037453183,0.06309159005788219,FASLG_FAS_4_5,0.02065404475043029,0.14457831325301204,0.14285714285714285,-1.5654985317811456
IL6,IL6R,10,10,0.08333333333333333,0.10416666666666667,0.008680555555555556,IL6_IL6R_10_10,0.0022675736961451243,0.047619047619047616,0.047619047619047616,-1.5668700698088842
C3,C3AR1,4,4,1.7954545454545454,0.41818181818181815,0.7508264462809917,C3_C3AR1_4_4,0.25264915082014805,0.7108433734939759,0.35542168674698793,-1.5675653340318962
IFNG,IFNGR1,4,6,0.22727272727272727,0.6666666666666666,0.1515151515151515,IFNG_IFNGR1_4_6,0.04992944751980896,0.12048192771084337,0.4144144144144144,-1.5823806012169945
CCL19,CCR7,10,3,0.08333333333333333,1.0,0.08333333333333333,CCL19_CCR7_10_3,0.027061044682190054,0.14285714285714285,0.1894273127753304,-1.587534259160067
EGF,EGFR,6,6,2.0,0.3333333333333333,0.6666666666666666,EGF_EGFR_6_6,0.21972648323999674,0.9954954954954955,0.22072072072072071,-1.59686827764844
C3,C3AR1,3,5,3.0,0.24344569288389514,0.7303370786516854,C3_C3AR1_3_5,0.2397734424166142,1.6784140969162995,0.14285714285714285,-1.602860238269824
CD86,CD28,0,10,0.03260869565217391,0.0625,0.0020380434782608695,CD86_CD28_0_10,0.0,0.035164835164835165,0.0,-1.6031425167861773
C3,C3AR1,4,0,1.7954545454545454,0.043478260869565216,0.07806324110671936,C3_C3AR1_4_0,0.02499669005693102,0.7108433734939759,0.035164835164835165,-1.604679149450488
VEGFA,FLT1,0,5,0.2608695652173913,0.8876404494382022,0.23155837811431362,VEGFA_FLT1_0_5,0.07535321821036108,0.17582417582417584,0.42857142857142855,-1.6068320435780197
CD274,PDCD1,3,0,1.0,0.010869565217391304,0.010869565217391304,CD274_PDCD1_3_0,0.0028803795323619117,0.18722466960352424,0.015384615384615385,-1.6129974183581324
C3,C3AR1,6,5,0.3333333333333333,0.24344569288389514,0.08114856429463171,C3_C3AR1_6_5,0.02574002574002574,0.18018018018018017,0.14285714285714285,-1.6192345073295042
IFNG,IFNGR1,0,10,0.021739130434782608,0.125,0.002717391304347826,IFNG_IFNGR1_0_10,0.00020931449502878074,0.004395604395604396,0.047619047619047616,-1.6201010773387106
IL18,IL18R1,10,0,0.0625,0.043478260869565216,0.002717391304347826,IL18_IL18R1_10_0,0.00020931449502878074,0.09523809523809523,0.002197802197802198,-1.6201010773387106
IL1B,IL1R1,10,3,0.0625,0.5,0.03125,IL1B_IL1R1_10_3,0.009439899307740716,0.047619047619047616,0.19823788546255505,-1.6271913632759558
ANGPT1,TEK,4,0,0.9545454545454546,0.09782608695652174,0.09337944664031621,ANGPT1_TEK_4_0,0.029458493313915,0.536144578313253,0.054945054945054944,-1.6316281347861996
ANGPT1,TEK,5,0,0.5205992509363296,0.09782608695652174,0.050928187591597465,ANGPT1_TEK_5_0,0.015698587127158554,0.2857142857142857,0.054945054945054944,-1.636791832091585
PDGFA,PDGFRA,0,0,0.03260869565217391,0.11956521739130435,0.0038988657844990547,PDGFA_PDGFRA_0_0,0.0005748098055790363,0.015384615384615385,0.03736263736263736,-1.6372701656688244
IL1B,IL1R1,10,4,0.0625,1.8636363636363635,0.11647727272727272,IL1B_IL1R1_10_4,0.03671830177854274,0.047619047619047616,0.7710843373493976,-1.6390450515661343
TGFB1,TGFBR2,3,0,0.5,0.42391304347826086,0.21195652173913043,TGFB1_TGFBR2_3_0,0.06722176501912185,0.23348017621145375,0.2879120879120879,-1.6422549270834996
IL1B,IL1R1,4,5,0.18181818181818182,0.5880149812734082,0.10691181477698332,IL1B_IL1R1_4_5,0.03356282271944922,0.23493975903614459,0.14285714285714285,-1.6425598764018796
CXCL12,CXCR4,5,5,9.48314606741573,0.2958801498127341,2.805874679123006,CXCL12_CXCR4_5_5,0.8979591836734693,1.5714285714285714,0.5714285714285714,-1.6426371338386665
CD274,PDCD1,5,0,0.19850187265917604,0.010869565217391304,0.002157629050643218,CD274_PDCD1_5_0,0.0,0.0,0.015384615384615385,-1.658841697407408
CCL21,CCR7,5,0,0.19850187265917604,0.010869565217391304,0.002157629050643218,CCL21_CCR7_5_0,0.0,0.0,0.015384615384615385,-1.658841697407408
IFNG,IFNGR1,4,4,0.22727272727272727,1.9363636363636363,0.44008264462809915,IFNG_IFNGR1_4_4,0.13862679634199448,0.12048192771084337,1.1506024096385543,-1.659473153973998
FGF2,FGFR1,4,5,0.6090909090909091,0.5767790262172284,0.351310861423221,FGF2_FGFR1_4_5,0.10843373493975902,0.25301204819277107,0.42857142857142855,-1.6867914088061293
HGF,MET,0,4,0.043478260869565216,1.55,0.06739130434782609,HGF_MET_0_4,0.02012445385939362,0.017582417582417582,1.144578313253012,-1.6948988612790705
CD80,CTLA4,0,5,0.043478260869565216,0.0749063670411985,0.0032567985670086306,CD80_CTLA4_0_5,0.0003139717425431711,0.002197802197802198,0.14285714285714285,-1.6958345726765511
EGF,EGFR,10,5,0.0625,0.39325842696629215,0.02457865168539326,EGF_EGFR_10_5,0.006802721088435373,0.047619047619047616,0.14285714285714285,-1.712890981873341
VEGFA,FLT1,10,5,0.22916666666666666,0.8876404494382022,0.20341760299625467,VEGFA_FLT1_10_5,0.06122448979591836,0.14285714285714285,0.42857142857142855,-1.7159650351846756
VEGFA,FLT1,6,5,2.6666666666666665,0.8876404494382022,2.3670411985018722,VEGFA_FLT1_6_5,0.718146718146718,1.6756756756756757,0.42857142857142855,-1.7193361406784775
C5,C5AR1,3,0,0.5,0.021739130434782608,0.010869565217391304,C5_C5AR1_3_0,0.002594762066127705,0.14757709251101322,0.017582417582417582,-1.7232989016468323
FGF2,FGFR1,4,3,0.6090909090909091,0.5,0.30454545454545456,FGF2_FGFR1_4_3,0.09139642269518602,0.25301204819277107,0.36123348017621143,-1.7254781177677865
PDGFB,PDGFRB,5,0,0.3707865168539326,0.16304347826086957,0.06045432340009771,PDGFB_PDGFRB_5_0,0.017582417582417582,0.14285714285714285,0.12307692307692308,-1.7255763005168503
WNT7B,FZD1,4,4,0.19545454545454546,0.8090909090909091,0.1581404958677686,WNT7B_FZD1_4_4,0.04703149949194368,0.07228915662650602,0.6506024096385542,-1.7282482456409711
CD274,PDCD1,3,5,1.0,0.1797752808988764,0.1797752808988764,CD274_PDCD1_3_5,0.05349276274386407,0.18722466960352424,0.2857142857142857,-1.7300608765217618
CTGF,ITGAV,3,3,2.0,1.5,3.0,CTGF_ITGAV_3_3,0.9009344252750878,0.9669603524229075,0.9317180616740088,-1.7343488670052545
PDGFB,PDGFRB,4,5,0.9181818181818182,0.6329588014981273,0.5811712631937351,PDGFB_PDGFRB_4_5,0.1738382099827883,0.608433734939759,0.2857142857142857,-1.7354231149223154
CCL21,CCR7,2,4,0.5,0.15,0.075,CCL21_CCR7_2_4,0.02167126751115812,0.1284796573875803,0.1686746987951807,-1.7451343666507346
HGF,MET,5,5,0.20224719101123595,0.6891385767790262,0.13937634137103902,HGF_MET_5_5,0.04081632653061224,0.14285714285714285,0.2857142857142857,-1.7471615732933432
IL18,IL18R1,10,3,0.0625,0.5,0.03125,IL18_IL18R1_10_3,0.008600797147052653,0.09523809523809523,0.09030837004405286,-1.748073058719157
WNT7B,FZD1,0,4,0.03260869565217391,0.8090909090909091,0.026383399209486166,WNT7B_FZD1_0_4,0.007149477028995102,0.01098901098901099,0.6506024096385542,-1.7485221588339017
VEGFA,KDR,0,5,0.2608695652173913,0.3333333333333333,0.08695652173913043,VEGFA_KDR_0_5,0.02511773940345369,0.17582417582417584,0.14285714285714285,-1.7517605224479542
FASLG,FAS,10,5,0.0625,0.40823970037453183,0.02551498127340824,FASLG_FAS_10_5,0.006802721088435373,0.047619047619047616,0.14285714285714285,-1.7647584932625326
PDGFB,PDGFRB,4,4,0.9181818181818182,2.272727272727273,2.0867768595041323,PDGFB_PDGFRB_4_4,0.6120989984032517,0.608433734939759,1.0060240963855422,-1.7677755727732567
CD34,SELL,0,3,0.08695652173913043,3.5,0.30434782608695654,CD34_SELL_0_3,0.08784431427603234,0.0945054945054945,0.9295154185022027,-1.7811022170944972
VEGFA,FLT1,0,4,0.2608695652173913,3.463636363636364,0.9035573122529644,VEGFA_FLT1_0_4,0.26161790017211706,0.17582417582417584,1.4879518072289157,-1.7842466596818487
ANGPT1,TEK,0,0,0.07608695652173914,0.09782608695652174,0.007443289224952742,ANGPT1_TEK_0_0,0.0014491003501992514,0.026373626373626374,0.054945054945054944,-1.7855532459402779
TGFB1,TGFBR2,3,6,0.5,2.3333333333333335,1.1666666666666667,TGFB1_TGFBR2_3_6,0.3344445767353256,0.23348017621145375,1.4324324324324325,-1.7994821630469422
IL2,IL2RA,4,4,0.12272727272727273,0.11363636363636363,0.013946280991735536,IL2_IL2RA_4_4,0.0032660763536072,0.05421686746987952,0.060240963855421686,-1.8088048583279446
BMP7,BMPR2,4,6,0.3090909090909091,1.0,0.3090909090909091,BMP7_BMPR2_4_6,0.08743080429827418,0.10843373493975904,0.8063063063063063,-1.810070315441996
CXCL13,CXCR5,0,5,0.043478260869565216,0.10861423220973783,0.004722357922162514,CXCL13_CXCR5_0_5,0.0006279434850863422,0.004395604395604396,0.14285714285714285,-1.8135591216458529
EGF,EGFR,6,2,2.0,0.5,1.0,EGF_EGFR_6_2,0.283513706425912,0.9954954954954955,0.284796573875803,-1.814871913132667
VCAM1,ITGA4,0,6,0.22826086956521738,0.3333333333333333,0.07608695652173912,VCAM1_ITGA4_0_6,0.02090882090882091,0.14505494505494507,0.14414414414414414,-1.8149749266471802
CD274,PDCD1,4,4,0.2863636363636364,0.25,0.0715909090909091,CD274_PDCD1_4_4,0.0195964581216432,0.21686746987951808,0.09036144578313253,-1.8173926187923688
VEGFA,FLT1,4,5,5.036363636363636,0.8876404494382022,4.470480081716036,VEGFA_FLT1_4_5,1.2650602409638554,2.9518072289156625,0.42857142857142855,-1.820406397654341
C5,C5AR1,6,5,0.3333333333333333,0.17228464419475656,0.05742821473158552,C5_C5AR1_6_5,0.015444015444015444,0.10810810810810811,0.14285714285714285,-1.829102576573407
TGFB1,TGFBR1,3,4,0.5,1.8909090909090909,0.9454545454545454,TGFB1_TGFBR1_3_4,0.26442333209489943,0.23348017621145375,1.1325301204819278,-1.8342380238392797
VEGFA,FLT1,3,5,0.5,0.8876404494382022,0.4438202247191011,VEGFA_FLT1_3_5,0.1236626809314034,0.28854625550660795,0.42857142857142855,-1.8351927407694202
TGFB1,TGFBR1,4,5,0.21818181818181817,0.4344569288389513,0.09479060265577119,TGFB1_TGFBR1_4_5,0.025817555938037865,0.18072289156626506,0.14285714285714285,-1.836706369357068
VCAM1,ITGA4,4,6,6.8136363636363635,0.3333333333333333,2.271212121212121,VCAM1_ITGA4_4_6,0.6312818842939325,4.379518072289157,0.14414414414414414,-1.8454577330849142
BMP7,BMPR2,4,3,0.3090909090909091,1.0,0.3090909090909091,BMP7_BMPR2_4_3,0.08526617483148453,0.10843373493975904,0.7863436123348018,-1.845824339903566
ANGPT1,TEK,0,4,0.07608695652173914,1.190909090909091,0.09061264822134388,ANGPT1_TEK_0_4,0.024467099165894346,0.026373626373626374,0.927710843373494,-1.8469121548161294
VEGFA,KDR,10,5,0.22916666666666666,0.3333333333333333,0.07638888888888888,VEGFA_KDR_10_5,0.02040816326530612,0.14285714285714285,0.14285714285714285,-1.853965422696881
C3,C3AR1,5,5,0.3146067415730337,0.24344569288389514,0.07658965618819173,C3_C3AR1_5_5,0.02040816326530612,0.14285714285714285,0.14285714285714285,-1.8577033097568043
CD34,SELL,0,6,0.08695652173913043,0.3333333333333333,0.02898550724637681,CD34_SELL_0_6,0.007236907236907236,0.0945054945054945,0.07657657657657657,-1.8640907317344064
BMP7,BMPR2,0,6,0.05434782608695652,1.0,0.05434782608695652,BMP7_BMPR2_0_6,0.014176814176814177,0.017582417582417582,0.8063063063063063,-1.8666576720637842
EGF,EGFR,2,0,1.0,0.03260869565217391,0.03260869565217391,EGF_EGFR_2_0,0.008198225757112267,0.28693790149892934,0.02857142857142857,-1.869407040857818
PDGFA,PDGFRA,4,6,0.5,0.6666666666666666,0.3333333333333333,PDGFA_PDGFRA_4_6,0.08938456528817976,0.3253012048192771,0.2747747747747748,-1.8871388662058743
VEGFA,KDR,6,5,2.6666666666666665,0.3333333333333333,0.8888888888888888,VEGFA_KDR_6_5,0.23938223938223938,1.6756756756756757,0.14285714285714285,-1.888294906487088
VEGFA,FLT1,6,4,2.6666666666666665,3.463636363636364,9.236363636363636,VEGFA_FLT1_6_4,2.493324649951156,1.6756756756756757,1.4879518072289157,-1.8888319100771864
CD274,PDCD1,6,5,0.3333333333333333,0.1797752808988764,0.059925093632958795,CD274_PDCD1_6_5,0.015444015444015444,0.05405405405405406,0.2857142857142857,-1.8894739311851865
CD80,CD28,0,10,0.043478260869565216,0.0625,0.002717391304347826,CD80_CD28_0_10,0.0,0.002197802197802198,0.0,-1.894290558828885
VEGFA,FLT1,10,4,0.22916666666666666,3.463636363636364,0.7937500000000001,VEGFA_FLT1_10_4,0.21256454388984508,0.14285714285714285,1.4879518072289157,-1.8958289615298567
VCAM1,ITGA4,6,6,2.3333333333333335,0.3333333333333333,0.7777777777777778,VCAM1_ITGA4_6_6,0.20777534291047803,1.4414414414414414,0.14414414414414414,-1.8992603830177304
CCL2,CCR2,0,2,0.010869565217391304,0.5,0.005434782608695652,CCL2_CCR2_0_2,0.00072475704167353,0.015384615384615385,0.047109207708779445,-1.8994982589618588
BMP7,BMPR2,0,3,0.05434782608695652,1.0,0.05434782608695652,BMP7_BMPR2_0_3,0.013825821755337173,0.017582417582417582,0.7863436123348018,-1.9004145812721491
CTGF,ITGAV,6,3,1.3333333333333333,1.5,2.0,CTGF_ITGAV_6_3,0.5330098821288249,0.5720720720720721,0.9317180616740088,-1.9057828221538935
TNF,TNFRSF1A,4,5,0.2318181818181818,0.9325842696629213,0.2161899897854954,TNF_TNFRSF1A_4_5,0.05679862306368331,0.13253012048192772,0.42857142857142855,-1.909850582408193
CD80,CTLA4,4,3,0.18636363636363637,0.5,0.09318181818181819,CD80_CTLA4_4_3,0.023963696194469506,0.12650602409638553,0.1894273127753304,-1.9156170146956755
VCAM1,ITGA4,5,6,1.1760299625468165,0.3333333333333333,0.39200998751560545,VCAM1_ITGA4_5_6,0.10296010296010297,0.7142857142857143,0.14414414414414414,-1.9185360082444196
IFNG,IFNGR1,4,0,0.22727272727272727,0.11956521739130435,0.02717391304347826,IFNG_IFNGR1_4_0,0.00635509069244009,0.12048192771084337,0.05274725274725275,-1.93754491598967
IL6,IL6R,0,10,0.05434782608695652,0.10416666666666667,0.005661231884057971,IL6_IL6R_0_10,0.0007326007326007326,0.015384615384615385,0.047619047619047616,-1.9428497720055844
PDGFA,PDGFRA,4,10,0.5,0.125,0.0625,PDGFA_PDGFRA_4_10,0.015490533562822718,0.3253012048192771,0.047619047619047616,-1.945118512940533
BMP7,BMPR2,3,10,0.5,0.4583333333333333,0.22916666666666666,BMP7_BMPR2_3_10,0.05873715124816446,0.06167400881057269,0.9523809523809523,-1.9459785687601274
CXCL13,CXCR5,10,4,0.0625,0.22272727272727272,0.013920454545454545,CXCL13_CXCR5_10_4,0.0028686173264486515,0.047619047619047616,0.060240963855421686,-1.9474015540531961
C5,C5AR1,5,4,0.2397003745318352,0.38636363636363635,0.09261150834184542,C5_C5AR1_5_4,0.023235800344234076,0.14285714285714285,0.16265060240963855,-1.9495461759487025
CTGF,ITGAV,4,4,3.3363636363636364,6.709090909090909,22.38396694214876,CTGF_ITGAV_4_4,5.7882130933372045,1.9216867469879517,3.0120481927710845,-1.9510910213201584
FGF2,FGFR1,4,4,0.6090909090909091,1.5954545454545455,0.9717768595041323,FGF2_FGFR1_4_4,0.24996371026273767,0.25301204819277107,0.9879518072289156,-1.954630146898561
BMP7,BMPR2,6,10,0.3333333333333333,0.4583333333333333,0.15277777777777776,BMP7_BMPR2_6_10,0.03861003861003861,0.04054054054054054,0.9523809523809523,-1.956909023791251
IL1B,IL1R1,0,5,0.021739130434782608,0.5880149812734082,0.012782934375508875,IL1B_IL1R1_0_5,0.002511773940345369,0.017582417582417582,0.14285714285714285,-1.9726111854270463
CXCL12,CXCR4,5,10,9.48314606741573,0.0625,0.5926966292134831,CXCL12_CXCR4_5_10,0.14965986394557823,1.5714285714285714,0.09523809523809523,-1.9784307904409901
C5,C5AR1,3,5,0.5,0.17228464419475656,0.08614232209737828,C5_C5AR1_3_5,0.021082441787287604,0.14757709251101322,0.14285714285714285,-1.9804738491920892
EGF,EGFR,6,4,2.0,1.1772727272727272,2.3545454545454545,EGF_EGFR_6_4,0.5936991208075545,0.9954954954954955,0.5963855421686747,-1.9858293237323383
VEGFA,FLT1,4,4,5.036363636363636,3.463636363636364,17.44413223140496,VEGFA_FLT1_4_4,4.392146900856438,2.9518072289156625,1.4879518072289157,-1.9894978858694814
VEGFA,KDR,3,5,0.5,0.3333333333333333,0.16666666666666666,VEGFA_KDR_3_5,0.04122089364380113,0.28854625550660795,0.14285714285714285,-1.989566879229704
VEGFA,KDR,4,5,5.036363636363636,0.3333333333333333,1.6787878787878787,VEGFA_KDR_4_5,0.4216867469879518,2.9518072289156625,0.14285714285714285,-1.990618279421512
CCL2,CCR2,4,3,1.3772727272727272,0.5,0.6886363636363636,CCL2_CCR2_4_3,0.17212462183535907,0.5542168674698795,0.31057268722466963,-1.9940249280668036
CTGF,ITGAV,0,4,0.16304347826086957,6.709090909090909,1.0938735177865613,CTGF_ITGAV_0_4,0.2714153316562955,0.09010989010989011,3.0120481927710845,-2.006884409858752
CTGF,ITGAV,5,3,0.7153558052434457,1.5,1.0730337078651684,CTGF_ITGAV_5_3,0.26620516047828824,0.2857142857142857,0.9317180616740088,-2.007019496434448
VEGFA,FLT1,3,4,0.5,3.463636363636364,1.731818181818182,VEGFA_FLT1_3_4,0.4293429223501938,0.28854625550660795,1.4879518072289157,-2.009561639000585
WNT7B,FZD1,0,2,0.03260869565217391,0.5,0.016304347826086956,WNT7B_FZD1_0_2,0.003294350189425136,0.01098901098901099,0.29978586723768735,-2.0106228216953705
VEGFA,KDR,0,4,0.2608695652173913,1.4727272727272727,0.38418972332015805,VEGFA_KDR_0_4,0.094267178604528,0.17582417582417584,0.536144578313253,-2.0155180449195123
CD34,SELL,2,0,1.0,0.06521739130434782,0.06521739130434782,CD34_SELL_2_0,0.01528578487893263,0.4346895074946467,0.035164835164835165,-2.0235969247279044
WNT7B,FZD1,0,3,0.03260869565217391,0.5,0.016304347826086956,WNT7B_FZD1_0_3,0.0032434525826596314,0.01098901098901099,0.29515418502202645,-2.0278241079560244
CD34,SELL,6,0,1.0,0.06521739130434782,0.06521739130434782,CD34_SELL_6_0,0.015206415206415207,0.43243243243243246,0.035164835164835165,-2.0306451677147215
IL18,IL18R1,0,0,0.07608695652173914,0.043478260869565216,0.0033081285444234404,IL18_IL18R1_0_0,4.830334500664171e-05,0.02197802197802198,0.002197802197802198,-2.0390050506842505
CD274,PDCD1,10,4,0.08333333333333333,0.25,0.020833333333333332,CD274_PDCD1_10_4,0.004302925989672977,0.047619047619047616,0.09036144578313253,-2.041671887181472
CXCL12,CXCR4,5,4,9.48314606741573,0.39545454545454545,3.7501532175689474,CXCL12_CXCR4_5_4,0.9087779690189328,1.5714285714285714,0.5783132530120482,-2.0437477875589303
TGFB1,TGFBR2,3,4,0.5,8.754545454545454,4.377272727272727,TGFB1_TGFBR2_3_4,1.0562868212939867,0.23348017621145375,4.524096385542169,-2.049995019485436
TNF,TNFRSF1B,5,6,0.14606741573033707,0.6666666666666666,0.09737827715355804,TNF_TNFRSF1B_5_6,0.02252252252252252,0.14285714285714285,0.15765765765765766,-2.064297009056188
TGFB1,TGFBR1,4,3,0.21818181818181817,1.5,0.32727272727272727,TGFB1_TGFBR1_4_3,0.07722520036091503,0.18072289156626506,0.42731277533039647,-2.0691895427282745
ANGPT1,TEK,6,6,0.3333333333333333,0.6666666666666666,0.2222222222222222,ANGPT1_TEK_6_6,0.05198441684928172,0.1891891891891892,0.2747747747747748,-2.0748406387649436
BMP4,BMPR1A,4,4,0.38181818181818183,1.0954545454545455,0.41826446280991736,BMP4_BMPR1A_4_4,0.0982000290317898,0.19879518072289157,0.4939759036144578,-2.079448103442088
CTGF,ITGAV,0,0,0.16304347826086957,0.2717391304347826,0.04430529300567108,CTGF_ITGAV_0_0,0.00970414201183432,0.09010989010989011,0.1076923076923077,-2.081510448355102
CCL2,CCR2,2,4,0.5,0.23636363636363636,0.11818181818181818,CCL2_CCR2_2_4,0.027089084388947655,0.08993576017130621,0.30120481927710846,-2.085082658542987
C3,C3AR1,4,5,1.7954545454545454,0.24344569288389514,0.4370956758597208,C3_C3AR1_4_5,0.10154905335628225,0.7108433734939759,0.14285714285714285,-2.0949318007106523
BMP7,BMPR2,0,0,0.05434782608695652,0.15217391304347827,0.008270321361058602,BMP7_BMPR2_0_0,0.001159280280159401,0.017582417582417582,0.06593406593406594,-2.102068830517642
IL6,IL6R,0,4,0.05434782608695652,0.7636363636363637,0.041501976284584984,IL6_IL6R_0_4,0.008897126969416125,0.015384615384615385,0.5783132530120482,-2.1024482341143473
ANGPT1,TEK,4,6,0.9545454545454546,0.6666666666666666,0.6363636363636364,ANGPT1_TEK_4_6,0.1473190057527407,0.536144578313253,0.2747747747747748,-2.1034132330002233
VEGFA,FLT1,0,0,0.2608695652173913,0.2826086956521739,0.07372400756143667,VEGFA_FLT1_0_0,0.016229923922231618,0.17582417582417584,0.09230769230769231,-2.116655499600093
C5,C5AR1,2,0,0.5,0.021739130434782608,0.010869565217391304,C5_C5AR1_2_0,0.001731886956726357,0.09850107066381156,0.017582417582417582,-2.11929739755418
IL6,IL6R,4,5,0.30454545454545456,0.23220973782771537,0.07071842015662241,IL6_IL6R_4_5,0.01549053356282272,0.05421686746987952,0.2857142857142857,-2.1207056293218334
PDGFA,PDGFRA,0,6,0.03260869565217391,0.6666666666666666,0.021739130434782608,PDGFA_PDGFRA_0_6,0.004227304227304228,0.015384615384615385,0.2747747747747748,-2.121038054094583
WNT7B,FZD1,4,2,0.19545454545454546,0.5,0.09772727272727273,WNT7B_FZD1_4_2,0.02167126751115812,0.07228915662650602,0.29978586723768735,-2.1225836223742136
VEGFA,KDR,10,4,0.22916666666666666,1.4727272727272727,0.33749999999999997,VEGFA_KDR_10_4,0.076592082616179,0.14285714285714285,0.536144578313253,-2.1251744792793112
CTGF,ITGAV,4,0,3.3363636363636364,0.2717391304347826,0.9066205533596837,CTGF_ITGAV_4_0,0.20695088044485635,1.9216867469879517,0.1076923076923077,-2.12584648643892
IFNG,IFNGR1,4,10,0.22727272727272727,0.125,0.028409090909090908,IFNG_IFNGR1_4_10,0.005737234652897303,0.12048192771084337,0.047619047619047616,-2.1260337351542886
VEGFA,KDR,6,4,2.6666666666666665,1.4727272727272727,3.927272727272727,VEGFA_KDR_6_4,0.8984044285249104,1.6756756756756757,0.536144578313253,-2.1268532020423443
ANGPT1,TEK,5,6,0.5205992509363296,0.6666666666666666,0.3470661672908864,ANGPT1_TEK_5_6,0.07850707850707851,0.2857142857142857,0.2747747747747748,-2.1302063738900987
CD34,SELL,5,3,0.50187265917603,3.5,1.756554307116105,CD34_SELL_5_3,0.39836375078665825,0.42857142857142855,0.9295154185022027,-2.1377939740416187
WNT7B,FZD1,4,3,0.19545454545454546,0.5,0.09772727272727273,WNT7B_FZD1_4_3,0.021336447110026007,0.07228915662650602,0.29515418502202645,-2.1440489488157173
TGFB1,TGFBR1,3,0,0.5,0.09782608695652174,0.04891304347826087,TGFB1_TGFBR1_3_0,0.010262864888415551,0.23348017621145375,0.04395604395604396,-2.147843029254753
TNF,TNFRSF1A,4,6,0.2318181818181818,2.0,0.4636363636363636,TNF_TNFRSF1A_4_6,0.10268099424725931,0.13253012048192772,0.7747747747747747,-2.1639506094853345
VEGFA,FLT1,0,3,0.2608695652173913,1.0,0.2608695652173913,VEGFA_FLT1_0_3,0.05731713220700005,0.17582417582417584,0.32599118942731276,-2.166856716946101
CD80,CD28,0,5,0.043478260869565216,0.21348314606741572,0.009281875915974597,CD80_CD28_0_5,0.0012558869701726845,0.002197802197802198,0.5714285714285714,-2.1883368172192115
CCL19,CCR7,5,3,0.37453183520599254,1.0,0.37453183520599254,CCL19_CCR7_5_3,0.08118313404657017,0.42857142857142855,0.1894273127753304,-2.1920209617391353
CXCL13,CXCR5,0,10,0.043478260869565216,0.10416666666666667,0.004528985507246377,CXCL13_CXCR5_0_10,0.00020931449502878074,0.004395604395604396,0.047619047619047616,-2.192825308566187
CCL2,CCR2,2,0,0.5,0.021739130434782608,0.010869565217391304,CCL2_CCR2_2_0,0.0015812880909240653,0.08993576017130621,0.017582417582417582,-2.2011040189625097
CTGF,ITGAV,3,4,2.0,6.709090909090909,13.418181818181818,CTGF_ITGAV_3_4,2.9125311819967092,0.9669603524229075,3.0120481927710845,-2.2034560552761158
PDGFA,PDGFRA,4,0,0.5,0.11956521739130435,0.059782608695652176,PDGFA_PDGFRA_4_0,0.012154110949291672,0.3253012048192771,0.03736263736263736,-2.2081448504800325
CCL2,CCR2,10,0,0.16666666666666666,0.021739130434782608,0.003623188405797101,CCL2_CCR2_10_0,0.0,0.0,0.017582417582417582,-2.2088881569867
VEGFA,FLT1,10,0,0.22916666666666666,0.2826086956521739,0.06476449275362318,VEGFA_FLT1_10_0,0.013186813186813187,0.14285714285714285,0.09230769230769231,-2.2127583110242353
CTGF,ITGAV,4,5,3.3363636363636364,1.1573033707865168,3.861184882533197,CTGF_ITGAV_4_5,0.8235800344234079,1.9216867469879517,0.42857142857142855,-2.2276857929060503
VEGFA,KDR,4,4,5.036363636363636,1.4727272727272727,7.417190082644628,VEGFA_KDR_4_4,1.5825954420089998,2.9518072289156625,0.536144578313253,-2.2278634156836494
VEGFA,KDR,3,4,0.5,1.4727272727272727,0.7363636363636363,VEGFA_KDR_3_4,0.15470251048245848,0.28854625550660795,0.536144578313253,-2.243584064587929
CXCL13,CXCR5,4,10,0.2318181818181818,0.10416666666666667,0.024147727272727272,CXCL13_CXCR5_4_10,0.004302925989672977,0.09036144578313253,0.047619047619047616,-2.2455675035288922
CXCL9,CXCR3,10,5,0.0625,0.0599250936329588,0.003745318352059925,CXCL9_CXCR3_10_5,0.0,0.3333333333333333,0.0,-2.2465048774532552
TGFB1,TGFBR1,5,10,0.0449438202247191,0.08333333333333333,0.0037453183520599247,TGFB1_TGFBR1_5_10,0.0,0.0,0.23809523809523808,-2.2465048774532552
PDGFB,PDGFRB,0,3,0.03260869565217391,2.0,0.06521739130434782,PDGFB_PDGFRB_0_3,0.012838263058527376,0.03736263736263736,0.3436123348017621,-2.2585473043968736
ICAM1,ITGAL,0,5,0.03260869565217391,0.11610486891385768,0.003786028334147533,ICAM1_ITGAL_0_5,0.0,0.05714285714285714,0.0,-2.2588289379155118
CD80,CTLA4,10,4,0.10416666666666667,0.03636363636363636,0.003787878787878788,CD80_CTLA4_10_4,0.0,0.0,0.1144578313253012,-2.2593866288186497
CTGF,ITGAV,0,5,0.16304347826086957,1.1573033707865168,0.18869076697606252,CTGF_ITGAV_0_5,0.038618524332810045,0.09010989010989011,0.42857142857142855,-2.2594024081779556
CD80,CD28,5,3,0.10486891385767791,2.0,0.20973782771535582,CD80_CD28_5_3,0.04279421019509125,0.2857142857142857,0.14977973568281938,-2.2666372467118863
IL1B,IL1R1,10,5,0.0625,0.5880149812734082,0.036750936329588015,IL1B_IL1R1_10_5,0.006802721088435373,0.047619047619047616,0.14285714285714285,-2.274463191491336
VEGFA,FLT1,10,3,0.22916666666666666,1.0,0.22916666666666666,VEGFA_FLT1_10_3,0.046570169918187534,0.14285714285714285,0.32599118942731276,-2.2745498301078637
VEGFA,FLT1,6,0,2.6666666666666665,0.2826086956521739,0.753623188405797,VEGFA_FLT1_6_0,0.1546777546777547,1.6756756756756757,0.09230769230769231,-2.2771936250628793
HGF,MET,4,5,0.5272727272727272,0.6891385767790262,0.3633639768471229,HGF_MET_4_5,0.07401032702237521,0.25903614457831325,0.2857142857142857,-2.2802191959587574
PDGFA,PDGFRA,4,4,0.5,2.2181818181818183,1.1090909090909091,PDGFA_PDGFRA_4_4,0.22731891421106112,0.3253012048192771,0.6987951807228916,-2.281555544376026
VEGFA,FLT1,6,3,2.6666666666666665,1.0,2.6666666666666665,VEGFA_FLT1_6_3,0.5462555066079294,1.6756756756756757,0.32599118942731276,-2.2852919371913236
IL18,IL18R1,5,0,0.1947565543071161,0.043478260869565216,0.008467676274222439,IL18_IL18R1_5_0,0.0009419152276295133,0.42857142857142855,0.002197802197802198,-2.2855301545017555
CXCL12,CXCR4,5,0,9.48314606741573,0.021739130434782608,0.20615534929164628,CXCL12_CXCR4_5_0,0.04144427001569859,1.5714285714285714,0.026373626373626374,-2.287071367009445
WNT5A,FZD5,4,5,0.45454545454545453,0.2397003745318352,0.10895471569628873,WNT5A_FZD5_4_5,0.02151462994836489,0.15060240963855423,0.14285714285714285,-2.2879748085032356
FGF2,FGFR1,4,6,0.6090909090909091,0.6666666666666666,0.40606060606060607,FGF2_FGFR1_4_6,0.08091826766525562,0.25301204819277107,0.31981981981981983,-2.312986497179637
CD34,SELL,5,6,0.50187265917603,0.3333333333333333,0.16729088639200998,CD34_SELL_5_6,0.032818532818532815,0.42857142857142855,0.07657657657657657,-2.3150710748072725
VEGFA,FLT1,0,2,0.2608695652173913,1.0,0.2608695652173913,VEGFA_FLT1_0_2,0.051580111537284985,0.17582417582417584,0.29336188436830835,-2.316259290315271
C5,C5AR1,4,4,0.42727272727272725,0.38636363636363635,0.16508264462809916,C5_C5AR1_4_4,0.03233415590071128,0.19879518072289157,0.16265060240963855,-2.316828221586416
CD34,SELL,4,3,1.5136363636363637,3.5,5.297727272727273,CD34_SELL_4_3,1.0527042089061092,1.1325301204819278,0.9295154185022027,-2.3301759363323504
EGF,EGFR,5,0,1.3857677902621723,0.03260869565217391,0.04518808011724475,EGF_EGFR_5_0,0.008163265306122448,0.2857142857142857,0.02857142857142857,-2.3335868837262472
BMP7,BMPR2,4,2,0.3090909090909091,1.0,0.3090909090909091,BMP7_BMPR2_4_2,0.06036995949536906,0.10843373493975904,0.556745182012848,-2.3370866948024926
IL18,IL18R1,5,10,0.1947565543071161,0.020833333333333332,0.004057428214731585,IL18_IL18R1_5_10,0.0,0.42857142857142855,0.0,-2.3384039372777266
PDGFA,PDGFRA,4,5,0.5,0.4794007490636704,0.2397003745318352,PDGFA_PDGFRA_4_5,0.04647160068846815,0.3253012048192771,0.14285714285714285,-2.3421017849212906
CCL19,CCR7,6,0,0.6666666666666666,0.010869565217391304,0.007246376811594202,CCL19_CCR7_6_0,0.0006237006237006237,0.04054054054054054,0.015384615384615385,-2.344474731156475
BMP4,BMPR1A,4,6,0.38181818181818183,0.6666666666666666,0.2545454545454545,BMP4_BMPR1A_4_6,0.049251058287202866,0.19879518072289157,0.24774774774774774,-2.3463540450890474
IFNG,IFNGR1,4,3,0.22727272727272727,1.0,0.22727272727272727,IFNG_IFNGR1_4_3,0.04352210604532668,0.12048192771084337,0.36123348017621143,-2.3581647611261607
BMP7,BMPR2,0,2,0.05434782608695652,1.0,0.05434782608695652,BMP7_BMPR2_0_2,0.009788926277148976,0.017582417582417582,0.556745182012848,-2.3589753591886526
HGF,MET,0,5,0.043478260869565216,0.6891385767790262,0.0299625468164794,HGF_MET_0_5,0.005023547880690738,0.017582417582417582,0.2857142857142857,-2.3618387524207147
FASLG,FAS,4,3,0.15454545454545454,2.0,0.3090909090909091,FASLG_FAS_4_3,0.05923252481290802,0.14457831325301204,0.40969162995594716,-2.3640765913465365
VEGFA,FLT1,3,0,0.5,0.2826086956521739,0.14130434782608695,VEGFA_FLT1_3_0,0.026635038969840735,0.28854625550660795,0.09230769230769231,-2.3644091891153005
FGF2,FGFR1,4,0,0.6090909090909091,0.08695652173913043,0.052964426877470355,FGF2_FGFR1_4_0,0.009453197405004632,0.25301204819277107,0.03736263736263736,-2.3680644033630243
CTGF,ITGAV,3,0,2.0,0.2717391304347826,0.5434782608695652,CTGF_ITGAV_3_0,0.10413419179939004,0.9669603524229075,0.1076923076923077,-2.3726425085946707
CCL19,CCR7,4,3,0.35909090909090907,1.0,0.35909090909090907,CCL19_CCR7_4_3,0.06846770341277002,0.3614457831325301,0.1894273127753304,-2.373946869446169
CTGF,ITGAV,6,4,1.3333333333333333,6.709090909090909,8.945454545454545,CTGF_ITGAV_6_4,1.7231086508194944,0.5720720720720721,3.0120481927710845,-2.375465365850492
EGF,EGFR,2,6,1.0,0.3333333333333333,0.3333333333333333,EGF_EGFR_2_6,0.06333314042093485,0.28693790149892934,0.22072072072072071,-2.377653179471218
PDGFA,PDGFRA,0,5,0.03260869565217391,0.4794007490636704,0.015632633121641426,PDGFA_PDGFRA_0_5,0.002197802197802198,0.015384615384615385,0.14285714285714285,-2.3788639727586904
VEGFA,FLT1,4,0,5.036363636363636,0.2826086956521739,1.4233201581027666,VEGFA_FLT1_4_0,0.27247451343836887,2.9518072289156625,0.09230769230769231,-2.3807951792774626
CD40LG,CD40,5,10,0.10112359550561797,0.041666666666666664,0.004213483146067416,CD40LG_CD40_5_10,0.0,0.0,0.23809523809523808,-2.3822475641611742
CD34,SELL,3,0,1.0,0.06521739130434782,0.06521739130434782,CD34_SELL_3_0,0.01169579319359055,0.33259911894273125,0.035164835164835165,-2.382859642651904
VEGFA,FLT1,4,3,5.036363636363636,1.0,5.036363636363636,VEGFA_FLT1_4_3,0.9622631495143569,2.9518072289156625,0.32599118942731276,-2.3866669994080656
VEGFA,FLT1,3,3,0.5,1.0,0.5,VEGFA_FLT1_3_3,0.09406353703739642,0.28854625550660795,0.32599118942731276,-2.3978466171874935
IL6,IL6R,4,0,0.30454545454545456,0.03260869565217391,0.009930830039525692,IL6_IL6R_4_0,0.0010724215543492651,0.05421686746987952,0.01978021978021978,-2.3990135584034564
BMP7,BMPR2,4,5,0.3090909090909091,1.0786516853932584,0.3334014300306435,BMP7_BMPR2_4_5,0.06196213425129088,0.10843373493975904,0.5714285714285714,-2.4090246665907378
VEGFA,KDR,0,6,0.2608695652173913,0.6666666666666666,0.17391304347826086,VEGFA_KDR_0_6,0.03168003168003168,0.17582417582417584,0.18018018018018017,-2.4201565896480117
VEGFA,FLT1,10,2,0.22916666666666666,1.0,0.22916666666666666,VEGFA_FLT1_10_2,0.04190884062404405,0.14285714285714285,0.29336188436830835,-2.423332087953323
TGFB1,TGFBR1,5,0,0.0449438202247191,0.09782608695652174,0.004396678065461651,TGFB1_TGFBR1_5_0,0.0,0.0,0.04395604395604396,-2.432071627052076
BMP7,BMPR2,0,5,0.05434782608695652,1.0786516853932584,0.05862237420615535,BMP7_BMPR2_0_5,0.010047095761381476,0.017582417582417582,0.5714285714285714,-2.4321866851010157
IL6,IL6R,0,6,0.05434782608695652,0.6666666666666666,0.03623188405797101,IL6_IL6R_0_6,0.00589050589050589,0.015384615384615385,0.38288288288288286,-2.433856810819882
BMP7,BMPR2,4,4,0.3090909090909091,2.9045454545454548,0.8977685950413223,BMP7_BMPR2_4_4,0.16526346349252433,0.10843373493975904,1.5240963855421688,-2.4344785441965904
BMP4,BMPR1A,6,0,0.3333333333333333,0.05434782608695652,0.018115942028985504,BMP4_BMPR1A_6_0,0.002534402534402534,0.07207207207207207,0.035164835164835165,-2.435238034158537
VEGFA,FLT1,6,2,2.6666666666666665,1.0,2.6666666666666665,VEGFA_FLT1_6_2,0.4915793738063545,1.6756756756756757,0.29336188436830835,-2.437150285483056
IL6,IL6R,3,5,1.0,0.23220973782771537,0.23220973782771537,IL6_IL6R_3_5,0.04153555695405915,0.14537444933920704,0.2857142857142857,-2.454886780724466
IFNG,IFNGR1,0,6,0.021739130434782608,0.6666666666666666,0.014492753623188404,IFNG_IFNGR1_0_6,0.0018216018216018215,0.004395604395604396,0.4144144144144144,-2.457007268673732
EGF,EGFR,6,5,2.0,0.39325842696629215,0.7865168539325843,EGF_EGFR_6_5,0.14221364221364222,0.9954954954954955,0.14285714285714285,-2.4591418723927467
IL6,IL6R,5,0,0.13857677902621723,0.03260869565217391,0.004518808011724475,IL6_IL6R_5_0,0.0,0.0,0.01978021978021978,-2.4643566979320815
CTGF,ITGAV,5,4,0.7153558052434457,6.709090909090909,4.799387129724208,CTGF_ITGAV_5_4,0.8605851979345955,0.2857142857142857,3.0120481927710845,-2.478085387765857
CTGF,ITGAV,3,5,2.0,1.1573033707865168,2.3146067415730336,CTGF_ITGAV_3_5,0.41441157960981745,0.9669603524229075,0.42857142857142855,-2.4787769248735083
TNF,TNFRSF1A,6,0,0.3333333333333333,0.09782608695652174,0.03260869565217391,TNF_TNFRSF1A_6_0,0.00498960498960499,0.04054054054054054,0.12307692307692308,-2.488301786478006
PDGFB,PDGFRB,5,5,0.3707865168539326,0.6329588014981273,0.23469258931953038,PDGFB_PDGFRB_5_5,0.04081632653061224,0.14285714285714285,0.2857142857142857,-2.494768162753823
CXCL13,CXCR5,2,0,0.5,0.010869565217391304,0.005434782608695652,CXCL13_CXCR5_2_0,0.00014118643668964867,0.021413276231263382,0.006593406593406593,-2.4953569042596677
HGF,MET,5,6,0.20224719101123595,1.6666666666666667,0.33707865168539325,HGF_MET_5_6,0.05855855855855855,0.14285714285714285,0.4099099099099099,-2.504978175462491
BMP7,BMPR2,0,4,0.05434782608695652,2.9045454545454548,0.15785573122529645,BMP7_BMPR2_0_4,0.026797299086455714,0.017582417582417582,1.5240963855421688,-2.514700524818817
CXCL12,CXCR4,5,3,9.48314606741573,1.0,9.48314606741573,CXCL12_CXCR4_5_3,1.6579609817495282,1.5714285714285714,1.0550660792951543,-2.5152379273035406
TNF,TNFRSF1B,3,4,0.5,0.43636363636363634,0.21818181818181817,TNF_TNFRSF1B_3_4,0.03715301735576668,0.06167400881057269,0.6024096385542169,-2.5222590640465836
VEGFA,KDR,10,6,0.22916666666666666,0.6666666666666666,0.15277777777777776,VEGFA_KDR_10_6,0.02574002574002574,0.14285714285714285,0.18018018018018017,-2.523774277132717
TNF,TNFRSF1B,6,4,0.3333333333333333,0.43636363636363634,0.14545454545454545,TNF_TNFRSF1B_6_4,0.024422012373819607,0.04054054054054054,0.6024096385542169,-2.526302828433904
CD34,SELL,4,6,1.5136363636363637,0.3333333333333333,0.5045454545454545,CD34_SELL_4_6,0.08672527949636384,1.1325301204819278,0.07657657657657657,-2.5267762691592845
C5,C5AR1,2,5,0.5,0.17228464419475656,0.08614232209737828,C5_C5AR1_2_5,0.01407158152340165,0.09850107066381156,0.14285714285714285,-2.531542744685275
CTGF,ITGAV,6,0,1.3333333333333333,0.2717391304347826,0.3623188405797101,CTGF_ITGAV_6_0,0.061607761607761616,0.5720720720720721,0.1076923076923077,-2.5368227542404793
TNF,TNFRSF1A,3,0,0.5,0.09782608695652174,0.04891304347826087,TNF_TNFRSF1A_3_0,0.007590647238224332,0.06167400881057269,0.12307692307692308,-2.538578139348115
VEGFA,FLT1,4,2,5.036363636363636,1.0,5.036363636363636,VEGFA_FLT1_4_2,0.8659477309666933,2.9518072289156625,0.29336188436830835,-2.5386519599416193
IL18,IL18R1,4,4,1.7727272727272727,0.32727272727272727,0.5801652892561984,IL18_IL18R1_4_4,0.09899840325156047,0.7469879518072289,0.13253012048192772,-2.5389715753711233
PDGFB,PDGFRB,5,4,0.3707865168539326,2.272727272727273,0.8426966292134832,PDGFB_PDGFRB_5_4,0.14371772805507746,0.14285714285714285,1.0060240963855422,-2.5434826733816798
VEGFA,FLT1,3,2,0.5,1.0,0.5,VEGFA_FLT1_3_2,0.08464847324283788,0.28854625550660795,0.29336188436830835,-2.5483111690402334
VEGFA,KDR,6,6,2.6666666666666665,0.6666666666666666,1.7777777777777777,VEGFA_KDR_6_6,0.3019235451667884,1.6756756756756757,0.18018018018018017,-2.553860663220627
BMP7,BMPR2,4,0,0.3090909090909091,0.15217391304347827,0.04703557312252964,BMP7_BMPR2_4_0,0.007149477028995102,0.10843373493975904,0.06593406593406594,-2.5593238145147694
EGF,EGFR,2,2,1.0,0.5,0.5,EGF_EGFR_2_2,0.0817189312620077,0.28693790149892934,0.284796573875803,-2.5985211523184653
TGFB1,TGFBR2,4,3,0.21818181818181817,7.0,1.5272727272727271,TGFB1_TGFBR2_4_3,0.24799639084974257,0.18072289156626506,1.3722466960352422,-2.61770528589412
FASLG,FAS,10,3,0.0625,2.0,0.125,FASLG_FAS_10_3,0.019509125235997484,0.047619047619047616,0.40969162995594716,-2.6190858699299455
FASLG,FAS,0,3,0.010869565217391304,2.0,0.021739130434782608,FASLG_FAS_0_3,0.0027012634942150363,0.006593406593406593,0.40969162995594716,-2.619087334942013
CTGF,ITGAV,5,0,0.7153558052434457,0.2717391304347826,0.1943901644683276,CTGF_ITGAV_5_0,0.03076923076923077,0.2857142857142857,0.1076923076923077,-2.620655783383522
BMP4,BMPR1A,2,0,0.5,0.05434782608695652,0.02717391304347826,BMP4_BMPR1A_2_0,0.0035390733463538603,0.1006423982869379,0.035164835164835165,-2.633890246023487
PDGFA,PDGFRA,0,4,0.03260869565217391,2.2181818181818183,0.07233201581027668,PDGFA_PDGFRA_0_4,0.010750695088044486,0.015384615384615385,0.6987951807228916,-2.6416970989485065
ANGPT1,TEK,0,6,0.07608695652173914,0.6666666666666666,0.050724637681159424,ANGPT1_TEK_0_6,0.0072468072468072475,0.026373626373626374,0.2747747747747748,-2.648944041515142
CTGF,ITGAV,6,5,1.3333333333333333,1.1573033707865168,1.543071161048689,CTGF_ITGAV_6_5,0.24517374517374518,0.5720720720720721,0.42857142857142855,-2.648990433711666
VEGFA,KDR,4,6,5.036363636363636,0.6666666666666666,3.3575757575757574,VEGFA_KDR_4_6,0.5318571583631824,2.9518072289156625,0.18018018018018017,-2.6560288209649094
VEGFA,KDR,3,6,0.5,0.6666666666666666,0.3333333333333333,VEGFA_KDR_3_6,0.051990316307496925,0.28854625550660795,0.18018018018018017,-2.6574865559240695
TGFB1,TGFBR2,4,5,0.21818181818181817,2.2771535580524342,0.49683350357507655,TGFB1_TGFBR2_4_5,0.0774526678141136,0.18072289156626506,0.42857142857142855,-2.6657689126087534
TGFB1,TGFBR1,3,5,0.5,0.4344569288389513,0.21722846441947566,TGFB1_TGFBR1_3_5,0.03335431088735053,0.23348017621145375,0.14285714285714285,-2.6672762410302866
IL2,IL2RA,5,5,0.0898876404494382,0.0599250936329588,0.005386525270378319,IL2_IL2RA_5_5,0.0,0.0,0.0,-2.6750312146376665
WNT7B,FZD1,2,0,0.5,0.03260869565217391,0.016304347826086956,WNT7B_FZD1_2_0,0.0016942372402757842,0.032119914346895075,0.05274725274725275,-2.6831857720012335
CCL21,CCR7,4,3,0.4818181818181818,1.0,0.4818181818181818,CCL21_CCR7_4_3,0.07303221697362136,0.3855421686746988,0.1894273127753304,-2.7052548682955
SELE,CD44,6,10,0.3333333333333333,0.22916666666666666,0.07638888888888888,SELE_CD44_6_10,0.010725010725010723,0.02252252252252252,0.47619047619047616,-2.722537203879523
IL18,IL18R1,0,4,0.07608695652173914,0.32727272727272727,0.02490118577075099,IL18_IL18R1_0_4,0.0029127499007017086,0.02197802197802198,0.13253012048192772,-2.726763344221926
WNT5A,FZD5,4,4,0.45454545454545453,0.6818181818181818,0.3099173553719008,WNT5A_FZD5_4_4,0.04536217157787779,0.15060240963855423,0.30120481927710846,-2.745511101943158
CD80,CD28,0,4,0.043478260869565216,0.25,0.010869565217391304,CD80_CD28_0_4,0.0007679067920031776,0.002197802197802198,0.3493975903614458,-2.7471529702350352
CTGF,ITGAV,5,5,0.7153558052434457,1.1573033707865168,0.8278836847199427,CTGF_ITGAV_5_5,0.12244897959183672,0.2857142857142857,0.42857142857142855,-2.747254754494237
IL6,IL6R,10,3,0.08333333333333333,1.0,0.08333333333333333,IL6_IL6R_10_3,0.011537654709460877,0.047619047619047616,0.2422907488986784,-2.7498354758798493
WNT5A,FZD5,0,6,0.021739130434782608,1.3333333333333333,0.02898550724637681,WNT5A_FZD5_0_6,0.0034056034056034056,0.017582417582417582,0.19369369369369369,-2.766853844253145
EGF,EGFR,2,4,1.0,1.1772727272727272,1.1772727272727272,EGF_EGFR_2_4,0.17112561595418074,0.28693790149892934,0.5963855421686747,-2.775139787051256
ANGPT1,TEK,3,10,2.0,0.22916666666666666,0.4583333333333333,ANGPT1_TEK_3_10,0.06534508076358296,0.1960352422907489,0.3333333333333333,-2.7914800779069897
WNT7B,FZD1,6,0,0.3333333333333333,0.03260869565217391,0.010869565217391304,WNT7B_FZD1_6_0,0.0007128007128007129,0.013513513513513514,0.05274725274725275,-2.792837883633365
TGFB1,TGFBR1,4,2,0.21818181818181817,1.5,0.32727272727272727,TGFB1_TGFBR1_4_2,0.046051443461211004,0.18072289156626506,0.25481798715203424,-2.8025840082706557
C5,C5AR1,6,4,0.3333333333333333,0.38636363636363635,0.12878787878787878,C5_C5AR1_6_4,0.017583848909150115,0.10810810810810811,0.16265060240963855,-2.8040344177716814
IL15,IL15RA,5,0,0.18352059925093633,0.03260869565217391,0.005984367366878358,IL15_IL15RA_5_0,0.0,0.0,0.013186813186813187,-2.804129444482073
TNF,TNFRSF1A,3,3,0.5,1.0,0.5,TNF_TNFRSF1A_3_3,0.06955306720487493,0.06167400881057269,1.1277533039647578,-2.828029894789707
TNF,TNFRSF1B,4,6,0.2318181818181818,0.6666666666666666,0.15454545454545454,TNF_TNFRSF1B_4_6,0.020894388364267883,0.13253012048192772,0.15765765765765766,-2.8287031833510676
IFNG,IFNGR1,0,4,0.021739130434782608,1.9363636363636363,0.04209486166007905,IFNG_IFNGR1_0_4,0.005057593009400238,0.004395604395604396,1.1506024096385543,-2.830699306001619
TNF,TNFRSF1A,6,3,0.3333333333333333,1.0,0.3333333333333333,TNF_TNFRSF1A_6_3,0.045719728539111805,0.04054054054054054,1.1277533039647578,-2.8391834034144767
IL6,IL6R,4,4,0.30454545454545456,0.7636363636363637,0.2325619834710744,IL6_IL6R_4_4,0.03135433299462912,0.05421686746987952,0.5783132530120482,-2.85177462749555
EGF,EGFR,5,6,1.3857677902621723,0.3333333333333333,0.46192259675405745,EGF_EGFR_5_6,0.06306306306306306,0.2857142857142857,0.22072072072072071,-2.853206302166081
TGFB1,TGFBR1,3,3,0.5,1.5,0.75,TGFB1_TGFBR1_3_3,0.09976906208154632,0.23348017621145375,0.42731277533039647,-2.897760134303959
PDGFB,PDGFRB,6,3,0.3333333333333333,2.0,0.6666666666666666,PDGFB_PDGFRB_6_3,0.0882247886653173,0.25675675675675674,0.3436123348017621,-2.903611531042357
CXCL9,CXCR3,5,5,0.10861423220973783,0.0599250936329588,0.006508718035040469,CXCL9_CXCR3_5_5,0.0,0.14285714285714285,0.0,-2.908566617145385
CD80,CD28,10,10,0.10416666666666667,0.0625,0.006510416666666667,CD80_CD28_10_10,0.0,0.0,0.0,-2.908892948519666
BMP4,BMPR1A,0,5,0.010869565217391304,0.599250936329588,0.006513597134017261,BMP4_BMPR1A_0_5,0.0,0.015384615384615385,0.0,-2.9095037632598317
CCL2,CCR2,5,0,0.299625468164794,0.021739130434782608,0.006513597134017261,CCL2_CCR2_5_0,0.0,0.0,0.017582417582417582,-2.9095037632598317
TNF,TNFRSF1B,6,5,0.3333333333333333,0.2808988764044944,0.09363295880149813,TNF_TNFRSF1B_6_5,0.011583011583011582,0.04054054054054054,0.2857142857142857,-2.910865479275657
CD80,CD28,5,10,0.10486891385767791,0.0625,0.006554307116104869,CD80_CD28_5_10,0.0,0.2857142857142857,0.0,-2.9172994369254077
TNF,TNFRSF1B,3,5,0.5,0.2808988764044944,0.1404494382022472,TNF_TNFRSF1B_3_5,0.017621145374449337,0.06167400881057269,0.2857142857142857,-2.925272726797705
C5,C5AR1,3,4,0.5,0.38636363636363635,0.19318181818181818,C5_C5AR1_3_4,0.02400350299877926,0.14757709251101322,0.16265060240963855,-2.957205987078175
WNT7B,FZD1,5,0,0.20973782771535582,0.03260869565217391,0.006839276990718124,WNT7B_FZD1_5_0,0.0,0.0,0.05274725274725275,-2.9707206020438965
CCL21,CCR7,3,0,2.0,0.010869565217391304,0.021739130434782608,CCL21_CCR7_3_0,0.001897661809556083,0.12334801762114538,0.015384615384615385,-2.972215954566069
CCL2,CCR2,10,10,0.16666666666666666,0.041666666666666664,0.006944444444444444,CCL2_CCR2_10_10,0.0,0.0,0.2857142857142857,-2.9899463353360773
TNF,TNFRSF1B,6,3,0.3333333333333333,0.5,0.16666666666666666,TNF_TNFRSF1B_6_3,0.019734492201452555,0.04054054054054054,0.486784140969163,-3.015491278875823
TNF,TNFRSF1B,3,3,0.5,0.5,0.25,TNF_TNFRSF1B_3_3,0.030021929398979217,0.06167400881057269,0.486784140969163,-3.0163270419422457
CXCL13,CXCR5,4,4,0.2318181818181818,0.22272727272727272,0.05163223140495867,CXCL13_CXCR5_4_4,0.005443460589345333,0.09036144578313253,0.060240963855421686,-3.030038931055865
HGF,MET,4,6,0.5272727272727272,1.6666666666666667,0.8787878787878788,HGF_MET_4_6,0.10618148268750678,0.25903614457831325,0.4099099099099099,-3.0371000460409205
IL2,IL2RA,4,5,0.12272727272727273,0.0599250936329588,0.007354443309499489,IL2_IL2RA_4_5,0.0,0.05421686746987952,0.0,-3.0625436988571555
CXCL10,CXCR3,5,5,0.12359550561797752,0.0599250936329588,0.007406472246770189,CXCL10_CXCR3_5_5,0.0,0.42857142857142855,0.0,-3.0715005044242547
EGF,EGFR,5,2,1.3857677902621723,0.5,0.6928838951310862,EGF_EGFR_5_2,0.08137044967880085,0.2857142857142857,0.284796573875803,-3.0744955126478515
PDGFA,PDGFRA,0,3,0.03260869565217391,0.5,0.016304347826086956,PDGFA_PDGFRA_0_3,0.001050491358861403,0.015384615384615385,0.06828193832599119,-3.0770930005845254
CXCL13,CXCR5,0,4,0.043478260869565216,0.22272727272727272,0.009683794466403162,CXCL13_CXCR5_0_4,0.0002647954455183371,0.004395604395604396,0.060240963855421686,-3.0784481441136418
FGF2,FGFR1,4,2,0.6090909090909091,1.0,0.6090909090909091,FGF2_FGFR1_4_2,0.0704316194112639,0.25301204819277107,0.278372591006424,-3.094389499518732
WNT5A,FZD5,4,0,0.45454545454545453,0.05434782608695652,0.024703557312252964,WNT5A_FZD5_4_0,0.0019859658413875284,0.15060240963855423,0.013186813186813187,-3.105698472206076
CD34,SELL,2,3,1.0,3.5,3.5,CD34_SELL_2_3,0.40405059947740285,0.4346895074946467,0.9295154185022027,-3.1115930139520116
WNT7B,FZD1,10,5,0.020833333333333332,0.36704119850187267,0.00764669163545568,WNT7B_FZD1_10_5,0.0,0.047619047619047616,0.0,-3.1121482397885183
IL6,IL6R,3,0,1.0,0.03260869565217391,0.03260869565217391,IL6_IL6R_3_0,0.0028755385583579414,0.14537444933920704,0.01978021978021978,-3.1163658416140896
CCL2,CCR2,2,3,0.5,0.5,0.25,CCL2_CCR2_2_3,0.027931590713995983,0.08993576017130621,0.31057268722466963,-3.116969811492305
CD34,SELL,6,3,1.0,3.5,3.5,CD34_SELL_6_3,0.4019526134063579,0.43243243243243246,0.9295154185022027,-3.1190849665935088
PDGFB,PDGFRB,4,3,0.9181818181818182,2.0,1.8363636363636364,PDGFB_PDGFRB_4_3,0.20906533623480708,0.608433734939759,0.3436123348017621,-3.1287271598258326
CCL19,CCR7,6,10,0.6666666666666666,0.0625,0.041666666666666664,CCL19_CCR7_6_10,0.003861003861003861,0.04054054054054054,0.09523809523809523,-3.1337832192463813
IFNG,IFNGR1,0,3,0.021739130434782608,1.0,0.021739130434782608,IFNG_IFNGR1_0_3,0.0015878394733020282,0.004395604395604396,0.36123348017621143,-3.1353570521384406
CD80,CTLA4,10,5,0.10416666666666667,0.0749063670411985,0.0078027465667915115,CD80_CTLA4_10_5,0.0,0.0,0.14285714285714285,-3.137953732847328
HGF,MET,0,6,0.043478260869565216,1.6666666666666667,0.07246376811594203,HGF_MET_0_6,0.0072072072072072065,0.017582417582417582,0.4099099099099099,-3.1620696143593627
IL6,IL6R,3,4,1.0,0.7636363636363637,0.7636363636363637,IL6_IL6R_3_4,0.08407197070219202,0.14537444933920704,0.5783132530120482,-3.168018031923037
IL6,IL6R,4,10,0.30454545454545456,0.10416666666666667,0.031723484848484855,IL6_IL6R_4_10,0.0025817555938037863,0.05421686746987952,0.047619047619047616,-3.1915875931050177
CD274,PDCD1,5,10,0.19850187265917604,0.041666666666666664,0.008270911360799,CD274_PDCD1_5_10,0.0,0.0,0.14285714285714285,-3.2127111674460305
FASLG,FAS,5,0,0.15355805243445692,0.05434782608695652,0.008345546327959615,FASLG_FAS_5_0,0.0,0.0,0.03296703296703297,-3.224279004430517
IL6,IL6R,4,6,0.30454545454545456,0.6666666666666666,0.20303030303030303,IL6_IL6R_4_6,0.02075871051774666,0.05421686746987952,0.38288288288288286,-3.2291184742806873
EGF,EGFR,2,5,1.0,0.39325842696629215,0.39325842696629215,EGF_EGFR_2_5,0.04099112878556133,0.28693790149892934,0.14285714285714285,-3.2309851161772474
EGF,EGFR,5,4,1.3857677902621723,1.1772727272727272,1.6314266258086483,EGF_EGFR_5_4,0.1703958691910499,0.2857142857142857,0.5963855421686747,-3.251613902465703
IL15,IL15RA,6,4,0.6666666666666666,0.1318181818181818,0.08787878787878786,IL15_IL15RA_6_4,0.008303484207098664,0.08108108108108109,0.10240963855421686,-3.255996121583087
CD34,SELL,2,6,1.0,0.3333333333333333,0.3333333333333333,CD34_SELL_2_6,0.03328703435769817,0.4346895074946467,0.07657657657657657,-3.285552170621361
CXCL11,CXCR3,5,5,0.14606741573033707,0.0599250936329588,0.008753103564364768,CXCL11_CXCR3_5_5,0.0,0.2857142857142857,0.0,-3.285861376241088
CD34,SELL,6,6,1.0,0.3333333333333333,0.3333333333333333,CD34_SELL_6_6,0.033114195276357436,0.43243243243243246,0.07657657657657657,-3.2928431102012743
BMP7,BMPR2,3,6,0.5,1.0,0.5,BMP7_BMPR2_3_6,0.049728142239155455,0.06167400881057269,0.8063063063063063,-3.303952371101827
CCL21,CCR7,3,10,2.0,0.0625,0.125,CCL21_CCR7_3_10,0.011747430249632892,0.12334801762114538,0.09523809523809523,-3.305145384647575
CD86,CD28,5,10,0.14232209737827714,0.0625,0.008895131086142321,CD86_CD28_5_10,0.0,0.0,0.0,-3.3067188195592734
CCL21,CCR7,10,3,0.1875,1.0,0.1875,CCL21_CCR7_10_3,0.01804069645479337,0.09523809523809523,0.1894273127753304,-3.307406369068401
CCL21,CCR7,0,3,0.05434782608695652,1.0,0.05434782608695652,CCL21_CCR7_0_3,0.00457956140775524,0.024175824175824177,0.1894273127753304,-3.310303027174344
BMP7,BMPR2,6,6,0.3333333333333333,1.0,0.3333333333333333,BMP7_BMPR2_6_6,0.03268809349890431,0.04054054054054054,0.8063063063063063,-3.3109765102811206
CCL21,CCR7,0,5,0.05434782608695652,0.1647940074906367,0.008956196059273733,CCL21_CCR7_0_5,0.0,0.024175824175824177,0.0,-3.3155946404190804
BMP4,BMPR1A,6,4,0.3333333333333333,1.0954545454545455,0.3651515151515151,BMP4_BMPR1A_6_4,0.03560186692716813,0.07207207207207207,0.4939759036144578,-3.322451623701344
BMP7,BMPR2,3,3,0.5,1.0,0.5,BMP7_BMPR2_3_3,0.04849696287527412,0.06167400881057269,0.7863436123348018,-3.339398693907645
IL18,IL18R1,10,5,0.0625,0.14606741573033707,0.009129213483146067,IL18_IL18R1_10_5,0.0,0.09523809523809523,0.0,-3.3404502504659437
BMP7,BMPR2,6,3,0.3333333333333333,1.0,0.3333333333333333,BMP7_BMPR2_6_3,0.031878795094654126,0.04054054054054054,0.7863436123348018,-3.3460578652912036
IL18,IL18R1,0,6,0.07608695652173914,0.3333333333333333,0.025362318840579712,IL18_IL18R1_0_6,0.001584001584001584,0.02197802197802198,0.07207207207207207,-3.3507984164643396
CXCL11,CXCR3,4,5,0.1590909090909091,0.0599250936329588,0.009533537623425264,CXCL11_CXCR3_4_5,0.0,0.7530120481927711,0.0,-3.3969181328323024
CD86,CD28,0,3,0.03260869565217391,2.0,0.06521739130434782,CD86_CD28_0_3,0.005266979716318923,0.035164835164835165,0.14977973568281938,-3.4013679467174507
IL18,IL18R1,4,6,1.7727272727272727,0.3333333333333333,0.5909090909090908,IL18_IL18R1_4_6,0.0538369694996201,0.7469879518072289,0.07207207207207207,-3.432154865168735
PDGFA,PDGFRA,4,3,0.5,0.5,0.25,PDGFA_PDGFRA_4_3,0.022212196804840507,0.3253012048192771,0.06828193832599119,-3.4347323931034572
BMP4,BMPR1A,2,4,0.5,1.0954545454545455,0.5477272727272727,BMP4_BMPR1A_2_4,0.04971491963571631,0.1006423982869379,0.4939759036144578,-3.4356071461827806
CCL19,CCR7,2,3,0.5,1.0,0.5,CCL19_CCR7_2_3,0.04502447905366525,0.23768736616702354,0.1894273127753304,-3.4443373063567195
TGFB1,TGFBR2,3,3,0.5,7.0,3.5,TGFB1_TGFBR2_3_3,0.32039240039589356,0.23348017621145375,1.3722466960352422,-3.445359341022172
IL15,IL15RA,6,0,0.6666666666666666,0.03260869565217391,0.021739130434782608,IL15_IL15RA_6_0,0.0010692010692010692,0.08108108108108109,0.013186813186813187,-3.4580313380636136
SELE,CD44,6,3,0.3333333333333333,1.0,0.3333333333333333,SELE_CD44_6_3,0.0288228757391753,0.02252252252252252,1.2797356828193833,-3.4867959154972903
IL2,IL2RA,5,4,0.0898876404494382,0.11363636363636363,0.010214504596527068,IL2_IL2RA_5_4,0.0,0.0,0.060240963855421686,-3.4872939853142415
TGFB1,TGFBR2,3,5,0.5,2.2771535580524342,1.1385767790262171,TGFB1_TGFBR2_3_5,0.1000629326620516,0.23348017621145375,0.42857142857142855,-3.4951722743393985
CD34,SELL,3,3,1.0,3.5,3.5,CD34_SELL_3_3,0.30915600923751674,0.33259911894273125,0.9295154185022027,-3.4967010794204656
CXCL9,CXCR3,4,5,0.17272727272727273,0.0599250936329588,0.010350697991147429,CXCL9_CXCR3_4_5,0.0,2.1265060240963853,0.0,-3.504709111117637
C5,C5AR1,2,4,0.5,0.38636363636363635,0.19318181818181818,C5_C5AR1_2_4,0.016021258481463324,0.09850107066381156,0.16265060240963855,-3.5119985102902893
IL6,IL6R,0,3,0.05434782608695652,1.0,0.05434782608695652,IL6_IL6R_0_3,0.003727549983056591,0.015384615384615385,0.2422907488986784,-3.54936203637969
IL6,IL6R,3,6,1.0,0.6666666666666666,0.6666666666666666,IL6_IL6R_3_6,0.0556613882605072,0.14537444933920704,0.38288288288288286,-3.558690160588191
BMP4,BMPR1A,6,6,0.3333333333333333,0.6666666666666666,0.2222222222222222,BMP4_BMPR1A_6_6,0.017855693531369208,0.07207207207207207,0.24774774774774774,-3.565408537173781
WNT7B,FZD1,2,10,0.5,0.16666666666666666,0.08333333333333333,WNT7B_FZD1_2_10,0.0061180789232181095,0.032119914346895075,0.19047619047619047,-3.56654314484783
IL18,IL18R1,0,5,0.07608695652173914,0.14606741573033707,0.011113825109916951,IL18_IL18R1_0_5,0.0,0.02197802197802198,0.0,-3.5985825830203213
TGFB1,TGFBR1,3,2,0.5,1.5,0.75,TGFB1_TGFBR1_3_2,0.059494948542104915,0.23348017621145375,0.25481798715203424,-3.633926323339113
CD34,SELL,3,6,1.0,0.3333333333333333,0.3333333333333333,CD34_SELL_3_6,0.02546930190101996,0.33259911894273125,0.07657657657657657,-3.6588951491774377
CD80,CD28,4,10,0.18636363636363637,0.0625,0.011647727272727273,CD80_CD28_4_10,0.0,0.12650602409638553,0.0,-3.660806258704662
TNF,TNFRSF1A,3,4,0.5,2.5681818181818183,1.2840909090909092,TNF_TNFRSF1A_3_4,0.10031314686057004,0.06167400881057269,1.6265060240963856,-3.6649771190994818
SELE,CD44,6,6,0.3333333333333333,0.3333333333333333,0.1111111111111111,SELE_CD44_6_6,0.007811865919974028,0.02252252252252252,0.34684684684684686,-3.6693379142889113
TNF,TNFRSF1A,6,4,0.3333333333333333,2.5681818181818183,0.8560606060606061,TNF_TNFRSF1A_6_4,0.06593943340931294,0.04054054054054054,1.6265060240963856,-3.6784689815872333
CCL19,CCR7,6,4,0.6666666666666666,0.15,0.09999999999999999,CCL19_CCR7_6_4,0.006838163464669489,0.04054054054054054,0.1686746987951807,-3.6876958221351086
BMP4,BMPR1A,2,6,0.5,0.6666666666666666,0.3333333333333333,BMP4_BMPR1A_2_6,0.02493392750352065,0.1006423982869379,0.24774774774774774,-3.6883745866613107
IL18,IL18R1,4,3,1.7727272727272727,0.5,0.8863636363636364,IL18_IL18R1_4_3,0.06745926437025634,0.7469879518072289,0.09030837004405286,-3.6962077385320127
WNT7B,FZD1,0,5,0.03260869565217391,0.36704119850187267,0.011968734733756717,WNT7B_FZD1_0_5,0.0,0.01098901098901099,0.0,-3.6969658279560074
ANGPT1,TEK,3,4,2.0,1.190909090909091,2.381818181818182,ANGPT1_TEK_3_4,0.18186401995647788,0.1960352422907489,0.927710843373494,-3.703825726890733
WNT5A,FZD5,2,5,0.5,0.2397003745318352,0.1198501872659176,WNT5A_FZD5_2_5,0.008259406546344448,0.057815845824411134,0.14285714285714285,-3.7061561671644023
EGF,EGFR,5,5,1.3857677902621723,0.39325842696629215,0.5449648613390565,EGF_EGFR_5_5,0.04081632653061224,0.2857142857142857,0.14285714285714285,-3.706669866201079
IL18,IL18R1,0,3,0.07608695652173914,0.5,0.03804347826086957,IL18_IL18R1_0_3,0.0019847993416275355,0.02197802197802198,0.09030837004405286,-3.709375731639396
IL6,IL6R,3,10,1.0,0.10416666666666667,0.10416666666666667,IL6_IL6R_3_10,0.006922592825676525,0.14537444933920704,0.047619047619047616,-3.730561036105932
CCL21,CCR7,5,10,0.19850187265917604,0.0625,0.012406367041198503,CCL21_CCR7_5_10,0.0,0.0,0.09523809523809523,-3.7448464326711695
CD86,CD28,4,3,0.2727272727272727,2.0,0.5454545454545454,CD86_CD28_4_3,0.03970065283159068,0.26506024096385544,0.14977973568281938,-3.746977655935291
CCL2,CCR2,5,10,0.299625468164794,0.041666666666666664,0.012484394506866416,CCL2_CCR2_5_10,0.0,0.0,0.2857142857142857,-3.7532188362196286
CCL19,CCR7,0,5,0.07608695652173914,0.1647940074906367,0.012538674482983228,CCL19_CCR7_0_5,0.0,0.02197802197802198,0.0,-3.7590145922613303
CXCL13,CXCR5,2,5,0.5,0.10861423220973783,0.054307116104868915,CXCL13_CXCR5_2_5,0.0030590394616090543,0.021413276231263382,0.14285714285714285,-3.768254846180406
FASLG,FAS,5,10,0.15355805243445692,0.08333333333333333,0.012796504369538076,FASLG_FAS_5_10,0.0,0.0,0.09523809523809523,-3.7862308714872657
CCL21,CCR7,3,4,2.0,0.15,0.3,CCL21_CCR7_3_4,0.020805689719229338,0.12334801762114538,0.1686746987951807,-3.786986957938732
CD274,PDCD1,3,4,1.0,0.25,0.25,CD274_PDCD1_3_4,0.016917891831643758,0.18722466960352424,0.09036144578313253,-3.8082145550914266
BMP7,BMPR2,6,0,0.3333333333333333,0.15217391304347827,0.050724637681159424,BMP7_BMPR2_6_0,0.0026730026730026734,0.04054054054054054,0.06593406593406594,-3.815819783289413
SELE,CD44,6,0,0.3333333333333333,0.10869565217391304,0.03623188405797101,SELE_CD44_6_0,0.0016335016335016336,0.02252252252252252,0.07252747252747253,-3.8214843637593234
BMP7,BMPR2,3,2,0.5,1.0,0.5,BMP7_BMPR2_3_2,0.03433670726070428,0.06167400881057269,0.556745182012848,-3.8255710851294755
BMP7,BMPR2,6,2,0.3333333333333333,1.0,0.3333333333333333,BMP7_BMPR2_6_2,0.022570750622142487,0.04054054054054054,0.556745182012848,-3.8262175923511217
CD274,PDCD1,6,4,0.3333333333333333,0.25,0.08333333333333333,CD274_PDCD1_6_4,0.00488440247476392,0.05405405405405406,0.09036144578313253,-3.8411351481675844
CCL19,CCR7,10,5,0.08333333333333333,0.1647940074906367,0.013732833957553058,CCL19_CCR7_10_5,0.0,0.14285714285714285,0.0,-3.8809630638391437
PDGFB,PDGFRB,5,3,0.3707865168539326,2.0,0.7415730337078652,PDGFB_PDGFRB_5_3,0.049087476400251726,0.14285714285714285,0.3436123348017621,-3.8900110951411895
CCL19,CCR7,3,0,8.0,0.010869565217391304,0.08695652173913043,CCL19_CCR7_3_0,0.004913588614029143,0.31938325991189426,0.015384615384615385,-3.894684764384172
BMP7,BMPR2,3,5,0.5,1.0786516853932584,0.5393258426966292,BMP7_BMPR2_3_5,0.035242290748898675,0.06167400881057269,0.5714285714285714,-3.8980836337084765
BMP7,BMPR2,6,5,0.3333333333333333,1.0786516853932584,0.3595505617977528,BMP7_BMPR2_6_5,0.023166023166023165,0.04054054054054054,0.5714285714285714,-3.899149606468655
CCL19,CCR7,0,3,0.07608695652173914,1.0,0.07608695652173914,CCL19_CCR7_0_3,0.004163237643413855,0.02197802197802198,0.1894273127753304,-3.9001388636657808
IL1B,IL1R1,5,0,0.18352059925093633,0.07608695652173914,0.013963523856049504,IL1B_IL1R1_5_0,0.0,0.0,0.05274725274725275,-3.903378059617342
BMP7,BMPR2,3,0,0.5,0.15217391304347827,0.07608695652173914,BMP7_BMPR2_3_0,0.004066418163334463,0.06167400881057269,0.06593406593406594,-3.9274487081876512
BMP7,BMPR2,3,4,0.5,2.9045454545454548,1.4522727272727274,BMP7_BMPR2_3_4,0.09399713391008971,0.06167400881057269,1.5240963855421688,-3.9352776727824152
IL6,IL6R,5,10,0.13857677902621723,0.10416666666666667,0.014435081148564295,IL6_IL6R_5_10,0.0,0.0,0.047619047619047616,-3.948141162701011
BMP7,BMPR2,6,4,0.3333333333333333,2.9045454545454548,0.9681818181818183,BMP7_BMPR2_6_4,0.0617876913057636,0.04054054054054054,1.5240963855421688,-3.9482136694160888
WNT7B,FZD1,6,10,0.3333333333333333,0.16666666666666666,0.05555555555555555,WNT7B_FZD1_6_10,0.002574002574002574,0.013513513513513514,0.19047619047619047,-3.984056171222247
CCL19,CCR7,3,10,8.0,0.0625,0.5,CCL19_CCR7_3_10,0.03041745332494231,0.31938325991189426,0.09523809523809523,-3.995172456707607
IFNG,IFNGR1,10,5,0.020833333333333332,0.7191011235955056,0.014981273408239699,IFNG_IFNGR1_10_5,0.0,0.19047619047619047,0.0,-3.9983104635135573
TGFB1,TGFBR1,5,6,0.0449438202247191,0.3333333333333333,0.014981273408239699,TGFB1_TGFBR1_5_6,0.0,0.0,0.45045045045045046,-3.9983104635135573
WNT5A,FZD5,2,0,0.5,0.05434782608695652,0.02717391304347826,WNT5A_FZD5_2_0,0.0007624067581241029,0.057815845824411134,0.013186813186813187,-3.998741114507865
CD80,CTLA4,0,3,0.043478260869565216,0.5,0.021739130434782608,CD80_CTLA4_0_3,0.0004163237643413855,0.002197802197802198,0.1894273127753304,-4.004954084388997
IL15,IL15RA,5,5,0.18352059925093633,0.08239700374531835,0.015121547503822469,IL15_IL15RA_5_5,0.0,0.0,0.0,-4.0109183293819495
IFNG,IFNGR1,0,5,0.021739130434782608,0.7191011235955056,0.015632633121641426,IFNG_IFNGR1_0_5,0.0,0.004395604395604396,0.0,-4.055944675468278
SELE,CD44,6,4,0.3333333333333333,1.3545454545454545,0.4515151515151515,SELE_CD44_6_4,0.026185824378595464,0.02252252252252252,1.1626506024096386,-4.057039616638359
ANGPT1,TEK,3,0,2.0,0.09782608695652174,0.1956521739130435,ANGPT1_TEK_3_0,0.010771167158832357,0.1960352422907489,0.054945054945054944,-4.062316853169971
TNF,TNFRSF1A,6,5,0.3333333333333333,0.9325842696629213,0.31086142322097376,TNF_TNFRSF1A_6_5,0.017374517374517374,0.04054054054054054,0.42857142857142855,-4.0851268428889576
TNF,TNFRSF1A,3,5,0.5,0.9325842696629213,0.46629213483146065,TNF_TNFRSF1A_3_5,0.026431718061674006,0.06167400881057269,0.42857142857142855,-4.090407868056092
CD40LG,CD40,5,5,0.10112359550561797,0.1647940074906367,0.016664562555232923,CD40LG_CD40_5_5,0.0,0.0,0.2857142857142857,-4.14278611769587
ICAM1,ITGAL,10,5,0.14583333333333334,0.11610486891385768,0.01693196004993758,ICAM1_ITGAL_10_5,0.0,0.23809523809523808,0.0,-4.164461285256261
CD86,CD28,4,10,0.2727272727272727,0.0625,0.017045454545454544,CD86_CD28_4_10,0.0,0.26506024096385544,0.0,-4.173563578505661
WNT7B,FZD1,2,4,0.5,0.8090909090909091,0.40454545454545454,WNT7B_FZD1_2_4,0.020897293671473905,0.032119914346895075,0.6506024096385542,-4.211039143852157
WNT5A,FZD5,2,4,0.5,0.6818181818181818,0.3409090909090909,WNT5A_FZD5_2_4,0.017414411392894923,0.057815845824411134,0.30120481927710846,-4.214705594539369
CD80,CD28,4,3,0.18636363636363637,2.0,0.37272727272727274,CD80_CD28_4_3,0.018948038851441005,0.12650602409638553,0.14977973568281938,-4.22766702508169
SELE,CD44,6,5,0.3333333333333333,0.599250936329588,0.19975031210986266,SELE_CD44_6_5,0.009652509652509652,0.02252252252252252,0.42857142857142855,-4.236136966834412
WNT5A,FZD5,5,0,0.3445692883895131,0.05434782608695652,0.018726591760299626,WNT5A_FZD5_5_0,0.0,0.0,0.013186813186813187,-4.302069812466403
CCL21,CCR7,2,3,0.5,1.0,0.5,CCL21_CCR7_2_3,0.024337556245224462,0.1284796573875803,0.1894273127753304,-4.305461312065446
TGFB1,TGFBR2,5,0,0.0449438202247191,0.42391304347826086,0.019052271617000488,TGFB1_TGFBR2_5_0,0.0,0.0,0.2879120879120879,-4.325693776203124
IL1B,IL1R1,5,10,0.18352059925093633,0.10416666666666667,0.019116729088639203,IL1B_IL1R1_5_10,0.0,0.0,0.14285714285714285,-4.330323841819104
WNT5A,FZD5,4,6,0.45454545454545453,1.3333333333333333,0.606060606060606,WNT5A_FZD5_4_6,0.029170737002062304,0.15060240963855423,0.19369369369369369,-4.330618711756613
CXCL10,CXCR3,4,5,0.32272727272727275,0.0599250936329588,0.01933946203609125,CXCL10_CXCR3_4_5,0.0,2.3855421686746987,0.0,-4.346209616357745
TNF,TNFRSF1A,3,6,0.5,2.0,1.0,TNF_TNFRSF1A_3_6,0.04778346628566893,0.06167400881057269,0.7747747747747747,-4.358905892172136
TGFB1,TGFBR1,5,5,0.0449438202247191,0.4344569288389513,0.01952615410512141,TGFB1_TGFBR1_5_5,0.0,0.0,0.14285714285714285,-4.3593914362534445
TNF,TNFRSF1A,6,6,0.3333333333333333,2.0,0.6666666666666666,TNF_TNFRSF1A_6_6,0.031409788166544925,0.04054054054054054,0.7747747747747747,-4.3646265191094935
CXCL10,CXCR3,6,5,0.3333333333333333,0.0599250936329588,0.019975031210986267,CXCL10_CXCR3_6_5,0.0,0.4144144144144144,0.0,-4.3906010522938965
IL6,IL6R,4,3,0.30454545454545456,1.0,0.30454545454545456,IL6_IL6R_4_3,0.013136245422217505,0.05421686746987952,0.2422907488986784,-4.433916121643189
CCL19,CCR7,3,4,8.0,0.15,1.2,CCL19_CCR7_3_4,0.05387187516586168,0.31938325991189426,0.1686746987951807,-4.452025462180811
CD80,CD28,10,5,0.10416666666666667,0.21348314606741572,0.022237827715355804,CD80_CD28_10_5,0.0,0.0,0.5714285714285714,-4.538403306023934
WNT7B,FZD1,2,2,0.5,0.5,0.25,WNT7B_FZD1_2_2,0.009629096378084175,0.032119914346895075,0.29978586723768735,-4.561596506246087
WNT7B,FZD1,2,3,0.5,0.5,0.25,WNT7B_FZD1_2_3,0.009480327142035111,0.032119914346895075,0.29515418502202645,-4.581931707948976
ANGPT1,TEK,3,6,2.0,0.6666666666666666,1.3333333333333333,ANGPT1_TEK_3_6,0.05386553954835894,0.1960352422907489,0.2747747747747748,-4.604075012241408
IL15,IL15RA,5,4,0.18352059925093633,0.1318181818181818,0.024191351719441607,IL15_IL15RA_5_4,0.0,0.0,0.10240963855421686,-4.6548566312752895
CCL2,CCR2,4,2,1.3772727272727272,0.5,0.6886363636363636,CCL2_CCR2_4_2,0.026108717525347644,0.5542168674698795,0.047109207708779445,-4.669007079818444
IL15,IL15RA,4,5,0.30454545454545456,0.08239700374531835,0.025093632958801498,IL15_IL15RA_4_5,0.0,0.2891566265060241,0.0,-4.705625916266407
CXCL13,CXCR5,2,10,0.5,0.10416666666666667,0.052083333333333336,CXCL13_CXCR5_2_10,0.0010196798205363514,0.021413276231263382,0.047619047619047616,-4.716060460605904
CD80,CD28,10,4,0.10416666666666667,0.25,0.026041666666666668,CD80_CD28_10_4,0.0,0.0,0.3493975903614458,-4.757112167277983
IL6,IL6R,3,3,1.0,1.0,1.0,IL6_IL6R_3_3,0.035222884201129456,0.14537444933920704,0.2422907488986784,-4.788396740327476
WNT7B,FZD1,6,4,0.3333333333333333,0.8090909090909091,0.26969696969696966,WNT7B_FZD1_6_4,0.008791924454575058,0.013513513513513514,0.6506024096385542,-4.788942499669991
IL18,IL18R1,5,5,0.1947565543071161,0.14606741573033707,0.0284475865841855,IL18_IL18R1_5_5,0.0,0.42857142857142855,0.0,-4.8800774958123005
IL18,IL18R1,4,0,1.7727272727272727,0.043478260869565216,0.07707509881422925,IL18_IL18R1_4_0,0.0016417317622136897,0.7469879518072289,0.002197802197802198,-4.885306600289267
TGFB1,TGFBR2,5,10,0.0449438202247191,0.6458333333333334,0.02902621722846442,TGFB1_TGFBR2_5_10,0.0,0.0,1.1428571428571428,-4.908150827208741
TNF,TNFRSF1B,6,6,0.3333333333333333,0.6666666666666666,0.2222222222222222,TNF_TNFRSF1B_6_6,0.006391526661796932,0.04054054054054054,0.15765765765765766,-4.9164644748095965
CCL21,CCR7,5,4,0.19850187265917604,0.15,0.029775280898876405,CCL21_CCR7_5_4,0.0,0.0,0.1686746987951807,-4.94370011973898
CXCL10,CXCR3,3,5,0.5,0.0599250936329588,0.0299625468164794,CXCL10_CXCR3_3_5,0.0,1.2048458149779735,0.0,-4.952452239767208
TNF,TNFRSF1B,3,6,0.5,0.6666666666666666,0.3333333333333333,TNF_TNFRSF1B_3_6,0.00972337976743263,0.06167400881057269,0.15765765765765766,-4.962455612600215
CD86,CD28,5,5,0.14232209737827714,0.21348314606741572,0.030383369103227705,CD86_CD28_5_5,0.0,0.0,0.5714285714285714,-4.971928333350473
CCL21,CCR7,10,5,0.1875,0.1647940074906367,0.03089887640449438,CCL21_CCR7_10_5,0.0,0.09523809523809523,0.0,-4.995433702757994
IL6,IL6R,5,5,0.13857677902621723,0.23220973782771537,0.03217887752668715,IL6_IL6R_5_5,0.0,0.0,0.2857142857142857,-5.0521931742470105
WNT7B,FZD1,6,2,0.3333333333333333,0.5,0.16666666666666666,WNT7B_FZD1_6_2,0.004051160368076856,0.013513513513513514,0.29978586723768735,-5.052837242809924
WNT7B,FZD1,6,3,0.3333333333333333,0.5,0.16666666666666666,WNT7B_FZD1_6_3,0.003988570067865222,0.013513513513513514,0.29515418502202645,-5.070825750803598
CCL21,CCR7,5,5,0.19850187265917604,0.1647940074906367,0.03271191908990167,CCL21_CCR7_5_5,0.0,0.0,0.0,-5.075186851627404
WNT7B,FZD1,5,10,0.20973782771535582,0.16666666666666666,0.03495630461922597,WNT7B_FZD1_5_10,0.0,0.0,0.19047619047619047,-5.168172851516475
CD86,CD28,5,4,0.14232209737827714,0.25,0.035580524344569285,CD86_CD28_5_4,0.0,0.0,0.3493975903614458,-5.193003849686627
CD274,PDCD1,5,5,0.19850187265917604,0.1797752808988764,0.03568572991625637,CD274_PDCD1_5_5,0.0,0.0,0.2857142857142857,-5.197147084860768
PDGFA,PDGFRA,5,0,0.299625468164794,0.11956521739130435,0.03582478423709494,PDGFA_PDGFRA_5_0,0.0,0.0,0.03736263736263736,-5.2026051671685805
ICAM1,ITGAL,5,5,0.3146067415730337,0.11610486891385768,0.036527374489752976,ICAM1_ITGAL_5_5,0.0,0.14285714285714285,0.0,-5.229871454040775
CCL2,CCR2,10,5,0.16666666666666666,0.2209737827715356,0.03682896379525593,CCL2_CCR2_10_5,0.0,0.0,0.42857142857142855,-5.241419353750997
IL18,IL18R1,4,10,1.7727272727272727,0.020833333333333332,0.03693181818181818,IL18_IL18R1_4_10,0.0,0.7469879518072289,0.0,-5.245336620725301
PDGFA,PDGFRA,5,10,0.299625468164794,0.125,0.03745318352059925,PDGFA_PDGFRA_5_10,0.0,0.0,0.047619047619047616,-5.265031138048611
CCL2,CCR2,10,4,0.16666666666666666,0.23636363636363636,0.03939393939393939,CCL2_CCR2_10_4,0.0,0.0,0.30120481927710846,-5.336066945730519
CCL2,CCR2,2,2,0.5,0.5,0.25,CCL2_CCR2_2_2,0.004236802406357038,0.08993576017130621,0.047109207708779445,-5.58285738352417
CXCL13,CXCR5,2,4,0.5,0.22272727272727272,0.11136363636363636,CXCL13_CXCR5_2_4,0.0012899563994736977,0.021413276231263382,0.060240963855421686,-5.6167112794435035
CD274,PDCD1,5,4,0.19850187265917604,0.25,0.04962546816479401,CD274_PDCD1_5_4,0.0,0.0,0.09036144578313253,-5.661791439320701
FASLG,FAS,5,6,0.15355805243445692,0.3333333333333333,0.0511860174781523,FASLG_FAS_5_6,0.0,0.0,0.2927927927927928,-5.705591403269482
CD80,CTLA4,10,3,0.10416666666666667,0.5,0.052083333333333336,CD80_CTLA4_10_3,0.0,0.0,0.1894273127753304,-5.730187061535144
WNT5A,FZD5,2,6,0.5,1.3333333333333333,0.6666666666666666,WNT5A_FZD5_2_6,0.011198564731755309,0.057815845824411134,0.19369369369369369,-5.7743446981692665
IL15,IL15RA,6,5,0.6666666666666666,0.08239700374531835,0.05493133583021223,IL15_IL15RA_6_5,0.0,0.08108108108108109,0.0,-5.805584882078521
ANGPT1,TEK,0,5,0.07608695652173914,0.7340823970037453,0.055854095424198016,ANGPT1_TEK_0_5,0.0,0.026373626373626374,0.0,-5.829192370748444
CD40LG,CD40,5,4,0.10112359550561797,0.5636363636363636,0.05699693564862104,CD40LG_CD40_5_4,0.0,0.0,0.5963855421686747,-5.857904770277075
CCL19,CCR7,4,5,0.35909090909090907,0.1647940074906367,0.05917602996254681,CCL19_CCR7_4_5,0.0,0.3614457831325301,0.0,-5.911117024717872
CXCL11,CXCR3,3,5,1.0,0.0599250936329588,0.0599250936329588,CXCL11_CXCR3_3_5,0.0,1.0330396475770924,0.0,-5.92896465804897
IL1B,IL1R1,5,6,0.18352059925093633,0.3333333333333333,0.06117353308364544,IL1B_IL1R1_5_6,0.0,0.0,0.24324324324324326,-5.958228658923176
CCL19,CCR7,5,5,0.37453183520599254,0.1647940074906367,0.06172060205641824,CCL19_CCR7_5_5,0.0,0.42857142857142855,0.0,-5.970867502867909
FASLG,FAS,5,5,0.15355805243445692,0.40823970037453183,0.06268849331593934,FASLG_FAS_5_5,0.0,0.0,0.14285714285714285,-5.992960837297188
VEGFA,KDR,5,0,1.1610486891385767,0.05434782608695652,0.06310047223579221,VEGFA_KDR_5_0,0.0,0.0,0.035164835164835165,-6.002263080276245
CD80,CD28,0,3,0.043478260869565216,2.0,0.08695652173913043,CD80_CD28_0_3,0.0003291862322699327,0.002197802197802198,0.14977973568281938,-6.048175393737232
CCL2,CCR2,5,5,0.299625468164794,0.2209737827715356,0.06620937311506685,CCL2_CCR2_5_5,0.0,0.0,0.42857142857142855,-6.070590542231338
TGFB1,TGFBR1,5,3,0.0449438202247191,1.5,0.06741573033707865,TGFB1_TGFBR1_5_3,0.0,0.0,0.42731277533039647,-6.096256166638179
TGFB1,TGFBR1,5,2,0.0449438202247191,1.5,0.06741573033707865,TGFB1_TGFBR1_5_2,0.0,0.0,0.25481798715203424,-6.096256166638179
CCL2,CCR2,5,4,0.299625468164794,0.23636363636363636,0.07082056520258767,CCL2_CCR2_5_4,0.0,0.0,0.30120481927710846,-6.16632510143716
WNT7B,FZD1,4,5,0.19545454545454546,0.36704119850187267,0.07173987061627511,WNT7B_FZD1_4_5,0.0,0.07228915662650602,0.0,-6.184674454535384
CCL19,CCR7,6,3,0.6666666666666666,1.0,0.6666666666666666,CCL19_CCR7_6_3,0.007679485653053935,0.04054054054054054,0.1894273127753304,-6.2653746541009205
WNT7B,FZD1,5,5,0.20973782771535582,0.36704119850187267,0.07698242365582349,WNT7B_FZD1_5_5,0.0,0.0,0.0,-6.285077088580343
CCL21,CCR7,4,5,0.4818181818181818,0.1647940074906367,0.07940074906367041,CCL21_CCR7_4_5,0.0,0.3855421686746988,0.0,-6.329137037403612
CCL21,CCR7,3,3,2.0,1.0,2.0,CCL21_CCR7_3_3,0.02336548351413767,0.12334801762114538,0.1894273127753304,-6.3597385050390525
CCL19,CCR7,2,5,0.5,0.1647940074906367,0.08239700374531835,CCL19_CCR7_2_5,0.0,0.23768736616702354,0.0,-6.381923646909564
CCL21,CCR7,2,5,0.5,0.1647940074906367,0.08239700374531835,CCL21_CCR7_2_5,0.0,0.1284796573875803,0.0,-6.381923646909564
WNT5A,FZD5,5,5,0.3445692883895131,0.2397003745318352,0.08259338747913424,WNT5A_FZD5_5_5,0.0,0.0,0.14285714285714285,-6.385316919629307
CCL2,CCR2,10,2,0.16666666666666666,0.5,0.08333333333333333,CCL2_CCR2_10_2,0.0,0.0,0.047109207708779445,-6.398031073973154
CCL2,CCR2,10,3,0.16666666666666666,0.5,0.08333333333333333,CCL2_CCR2_10_3,0.0,0.0,0.31057268722466963,-6.398031073973154
TGFB1,TGFBR1,5,4,0.0449438202247191,1.8909090909090909,0.08498467824310521,TGFB1_TGFBR1_5_4,0.0,0.0,1.1325301204819278,-6.4260077013067125
BMP4,BMPR1A,10,5,0.14583333333333334,0.599250936329588,0.08739076154806492,BMP4_BMPR1A_10_5,0.0,0.42857142857142855,0.0,-6.465823684353708
CXCL9,CXCR3,3,5,1.5,0.0599250936329588,0.0898876404494382,CXCL9_CXCR3_3_5,0.0,1.2444933920704846,0.0,-6.506012214668178
IL1B,IL1R1,5,3,0.18352059925093633,0.5,0.09176029962546817,IL1B_IL1R1_5_3,0.0,0.0,0.19823788546255505,-6.535435574934657
IL6,IL6R,5,6,0.13857677902621723,0.6666666666666666,0.09238451935081149,IL6_IL6R_5_6,0.0,0.0,0.38288288288288286,-6.545111504491583
ICAM1,ITGAL,4,5,0.8272727272727273,0.11610486891385768,0.09605039155600954,ICAM1_ITGAL_4_5,0.0,0.963855421686747,0.0,-6.600662128483423
VEGFA,KDR,5,10,1.1610486891385767,0.08333333333333333,0.09675405742821472,VEGFA_KDR_5_10,0.0,0.0,0.14285714285714285,-6.61108467976342
TGFB1,TGFBR2,5,5,0.0449438202247191,2.2771535580524342,0.10234398013718805,TGFB1_TGFBR2_5_5,0.0,0.0,0.42857142857142855,-6.691310542938961
TGFB1,TGFBR2,5,6,0.0449438202247191,2.3333333333333335,0.10486891385767791,TGFB1_TGFBR2_5_6,0.0,0.0,1.4324324324324325,-6.72613522474212
WNT7B,FZD1,5,2,0.20973782771535582,0.5,0.10486891385767791,WNT7B_FZD1_5_2,0.0,0.0,0.29978586723768735,-6.72613522474212
WNT7B,FZD1,5,3,0.20973782771535582,0.5,0.10486891385767791,WNT7B_FZD1_5_3,0.0,0.0,0.29515418502202645,-6.72613522474212
IL6,IL6R,5,4,0.13857677902621723,0.7636363636363637,0.10582226762002044,IL6_IL6R_5_4,0.0,0.0,0.5783132530120482,-6.73906860493125
IL1B,IL1R1,5,5,0.18352059925093633,0.5880149812734082,0.10791286173182399,IL1B_IL1R1_5_5,0.0,0.0,0.14285714285714285,-6.7670305245554
CCL19,CCR7,6,5,0.6666666666666666,0.1647940074906367,0.10986267166042446,CCL19_CCR7_6_5,0.0,0.04054054054054054,0.0,-6.792629870190418
IFNG,IFNGR1,5,5,0.15355805243445692,0.7191011235955056,0.11042376804275553,IFNG_IFNGR1_5_5,0.0,0.42857142857142855,0.0,-6.799913199651182
ICAM1,ITGAL,3,5,1.0,0.11610486891385768,0.11610486891385768,ICAM1_ITGAL_3_5,0.0,0.5220264317180616,0.0,-6.871657250343552
WNT7B,FZD1,6,5,0.3333333333333333,0.36704119850187267,0.12234706616729088,WNT7B_FZD1_6_5,0.0,0.013513513513513514,0.0,-6.946579591053323
ANGPT1,TEK,10,5,0.16666666666666666,0.7340823970037453,0.12234706616729088,ANGPT1_TEK_10_5,0.0,0.23809523809523808,0.0,-6.946579591053323
CCL19,CCR7,3,3,8.0,1.0,8.0,CCL19_CCR7_3_3,0.06049991267053503,0.31938325991189426,0.1894273127753304,-7.023452153548704
FASLG,FAS,5,4,0.15355805243445692,0.8818181818181818,0.13541028260129384,FASLG_FAS_5_4,0.0,0.0,0.8012048192771084,-7.091808588526561
IL6,IL6R,5,3,0.13857677902621723,1.0,0.13857677902621723,IL6_IL6R_5_3,0.0,0.0,0.2422907488986784,-7.124915134400518
BMP4,BMPR1A,5,5,0.23220973782771537,0.599250936329588,0.1391519028181066,BMP4_BMPR1A_5_5,0.0,0.2857142857142857,0.0,-7.130847521498756
PDGFA,PDGFRA,5,5,0.299625468164794,0.4794007490636704,0.1436406738767552,PDGFA_PDGFRA_5_5,0.0,0.0,0.14285714285714285,-7.176329494130979
CCL2,CCR2,5,2,0.299625468164794,0.5,0.149812734082397,CCL2_CCR2_5_2,0.0,0.0,0.047109207708779445,-7.236614439481404
CCL2,CCR2,5,3,0.299625468164794,0.5,0.149812734082397,CCL2_CCR2_5_3,0.0,0.0,0.31057268722466963,-7.236614439481404
PDGFA,PDGFRA,5,3,0.299625468164794,0.5,0.149812734082397,PDGFA_PDGFRA_5_3,0.0,0.0,0.06828193832599119,-7.236614439481404
IFNG,IFNGR1,4,5,0.22727272727272727,0.7191011235955056,0.1634320735444331,IFNG_IFNGR1_4_5,0.0,0.12048192771084337,0.0,-7.36134792328546
WNT7B,FZD1,5,4,0.20973782771535582,0.8090909090909091,0.1696969696969697,WNT7B_FZD1_5_4,0.0,0.0,0.6506024096385542,-7.415293636881095
WNT7B,FZD1,2,5,0.5,0.36704119850187267,0.18352059925093633,WNT7B_FZD1_2_5,0.0,0.032119914346895075,0.0,-7.527638072609326
CCL21,CCR7,5,3,0.19850187265917604,1.0,0.19850187265917604,CCL21_CCR7_5_3,0.0,0.0,0.1894273127753304,-7.640258478394911
BMP4,BMPR1A,6,5,0.3333333333333333,0.599250936329588,0.19975031210986266,BMP4_BMPR1A_6_5,0.0,0.07207207207207207,0.0,-7.6492584205011305
PDGFA,PDGFRA,5,6,0.299625468164794,0.6666666666666666,0.19975031210986266,PDGFA_PDGFRA_5_6,0.0,0.0,0.2747747747747748,-7.6492584205011305
CD80,CD28,10,3,0.10416666666666667,2.0,0.20833333333333334,CD80_CD28_10_3,0.0,0.0,0.14977973568281938,-7.709658248170471
VEGFA,FLT1,5,10,1.1610486891385767,0.1875,0.21769662921348315,VEGFA_FLT1_5_10,0.0,0.0,0.7619047619047619,-7.772787173972032
BMP4,BMPR1A,4,5,0.38181818181818183,0.599250936329588,0.22880490296220635,BMP4_BMPR1A_4_5,0.0,0.19879518072289157,0.0,-7.84426576845415
WNT5A,FZD5,5,4,0.3445692883895131,0.6818181818181818,0.23493360572012256,WNT5A_FZD5_5_4,0.0,0.0,0.30120481927710846,-7.882237116417912
ANGPT1,TEK,6,5,0.3333333333333333,0.7340823970037453,0.24469413233458176,ANGPT1_TEK_6_5,0.0,0.1891891891891892,0.0,-7.940719593454114
IL18,IL18R1,4,5,1.7727272727272727,0.14606741573033707,0.25893769152196117,IL18_IL18R1_4_5,0.0,0.7469879518072289,0.0,-8.022022032623733
CD86,CD28,5,3,0.14232209737827714,2.0,0.2846441947565543,CD86_CD28_5_3,0.0,0.0,0.14977973568281938,-8.158075399615942
BMP4,BMPR1A,2,5,0.5,0.599250936329588,0.299625468164794,BMP4_BMPR1A_2_5,0.0,0.1006423982869379,0.0,-8.231823425371752
FASLG,FAS,5,3,0.15355805243445692,2.0,0.30711610486891383,FASLG_FAS_5_3,0.0,0.0,0.40969162995594716,-8.267330282107483
TGFB1,TGFBR2,5,3,0.0449438202247191,7.0,0.3146067415730337,TGFB1_TGFBR2_5_3,0.0,0.0,1.3722466960352422,-8.301984212395125
VEGFA,FLT1,5,0,1.1610486891385767,0.2826086956521739,0.32812245562611947,VEGFA_FLT1_5_0,0.0,0.0,0.09230769230769231,-8.36248065292865
CCL21,CCR7,3,5,2.0,0.1647940074906367,0.3295880149812734,CCL21_CCR7_3_5,0.0,0.12334801762114538,0.0,-8.368890612407057
IL1B,IL1R1,5,4,0.18352059925093633,1.8636363636363635,0.3420156622403813,IL1B_IL1R1_5_4,0.0,0.0,0.7710843373493976,-8.422130641743225
ANGPT1,TEK,5,5,0.5205992509363296,0.7340823970037453,0.38216274600569516,ANGPT1_TEK_5_5,0.0,0.2857142857142857,0.0,-8.581813487890685
VEGFA,KDR,5,5,1.1610486891385767,0.3333333333333333,0.3870162297128589,VEGFA_KDR_5_5,0.0,0.0,0.14285714285714285,-8.599973187642192
TGFB1,TGFBR2,5,4,0.0449438202247191,8.754545454545454,0.39346271705822267,TGFB1_TGFBR2_5_4,0.0,0.0,4.524096385542169,-8.623745139045056
WNT5A,FZD5,5,6,0.3445692883895131,1.3333333333333333,0.45942571785268416,WNT5A_FZD5_5_6,0.0,0.0,0.19369369369369369,-8.846824609652959
PDGFA,PDGFRA,5,4,0.299625468164794,2.2181818181818183,0.6646237657473613,PDGFA_PDGFRA_5_4,0.0,0.0,0.6987951807228916,-9.378563134842912
ANGPT1,TEK,4,5,0.9545454545454546,0.7340823970037453,0.700715015321757,ANGPT1_TEK_4_5,0.0,0.536144578313253,0.0,-9.454741423354053
VEGFA,KDR,5,6,1.1610486891385767,0.6666666666666666,0.7740324594257177,VEGFA_KDR_5_6,0.0,0.0,0.18018018018018017,-9.598112923480137
VEGFA,FLT1,5,6,1.1610486891385767,0.6666666666666666,0.7740324594257177,VEGFA_FLT1_5_6,0.0,0.0,0.5585585585585585,-9.598112923480137
VEGFA,FLT1,5,5,1.1610486891385767,0.8876404494382022,1.0305937802466019,VEGFA_FLT1_5_5,0.0,0.0,0.42857142857142855,-10.010659264535786
VEGFA,FLT1,5,2,1.1610486891385767,1.0,1.1610486891385767,VEGFA_FLT1_5_2,0.0,0.0,0.29336188436830835,-10.182454802722228
VEGFA,FLT1,5,3,1.1610486891385767,1.0,1.1610486891385767,VEGFA_FLT1_5_3,0.0,0.0,0.32599118942731276,-10.182454802722228
CCL19,CCR7,3,5,8.0,0.1647940074906367,1.3183520599250935,CCL19_CCR7_3_5,0.0,0.31938325991189426,0.0,-10.365613873766474
ANGPT1,TEK,3,5,2.0,0.7340823970037453,1.4681647940074907,ANGPT1_TEK_3_5,0.0,0.1960352422907489,0.0,-10.520780514567843
VEGFA,KDR,5,4,1.1610486891385767,1.4727272727272727,1.709908069458631,VEGFA_KDR_5_4,0.0,0.0,0.536144578313253,-10.740546527657587
VEGFA,FLT1,5,4,1.1610486891385767,3.463636363636364,4.021450459652707,VEGFA_FLT1_5_4,0.0,0.0,1.4879518072289157,-11.97385893754282
