ligand,receptor,source,target,ligand_expr,receptor_expr,score,pvalue
CTGF,ITGAV,8,4,6.732558139534884,5.119170984455959,34.465116279069775,0.001996007984031936
CTGF,ITGAV,8,8,6.732558139534884,3.3197674418604652,22.350527312060574,0.001996007984031936
VEGFA,FLT1,8,8,7.843023255813954,2.7093023255813953,21.24912114656571,0.001996007984031936
VEGFA,FLT1,8,4,7.843023255813954,2.6139896373056994,20.50158151584528,0.001996007984031936
B2M,CD8A,9,9,35.25,0.45714285714285713,16.114285714285714,0.001996007984031936
CTGF,ITGAV,8,9,6.732558139534884,2.242857142857143,15.100166112956812,0.001996007984031936
CTGF,ITGAV,4,4,2.727979274611399,5.119170984455959,13.964992348787888,0.001996007984031936
B2M,CD8A,1,9,30.318,0.45714285714285713,13.859657142857143,0.001996007984031936
B2M,CD8A,9,1,35.25,0.392,13.818000000000001,0.001996007984031936
CXCL12,CXCR4,5,1,9.281021897810218,1.37,12.715,0.001996007984031936
CTGF,ITGAV,8,1,6.732558139534884,1.888,12.711069767441861,0.001996007984031936
B2M,CD8A,9,3,35.25,0.3530701754385965,12.445723684210526,0.001996007984031936
VEGFA,KDR,8,8,7.843023255813954,1.5406976744186047,12.083727690643592,0.001996007984031936
B2M,CD8A,1,1,30.318,0.392,11.884656000000001,0.001996007984031936
VEGFA,FLT1,4,8,4.139896373056994,2.7093023255813953,11.216230871189298,0.001996007984031936
VEGFA,FLT1,4,4,4.139896373056994,2.6139896373056994,10.821646218690434,0.001996007984031936
B2M,CD8A,9,4,35.25,0.30569948186528495,10.775906735751294,0.001996007984031936
B2M,CD8A,1,3,30.318,0.3530701754385965,10.704381578947368,0.001996007984031936
CXCL12,CXCR4,4,1,7.712435233160622,1.37,10.566036269430052,0.001996007984031936
CXCL12,CXCR4,5,3,9.281021897810218,1.0548245614035088,9.789849852734024,0.001996007984031936
CTGF,ITGAV,9,4,1.8571428571428572,5.119170984455959,9.507031828275352,0.001996007984031936
B2M,CD8A,1,4,30.318,0.30569948186528495,9.26819689119171,0.001996007984031936
CTGF,ITGAV,4,8,2.727979274611399,3.3197674418604652,9.056256777925052,0.001996007984031936
VEGFA,KDR,8,4,7.843023255813954,1.0699481865284974,8.391628509458972,0.001996007984031936
C3,C3AR1,1,9,5.276,1.5571428571428572,8.215485714285714,0.001996007984031936
VEGFA,FLT1,8,9,7.843023255813954,1.042857142857143,8.179152823920267,0.001996007984031936
CXCL12,CXCR4,4,3,7.712435233160622,1.0548245614035088,8.135266112171621,0.001996007984031936
CXCL12,CXCR4,2,1,5.925373134328358,1.37,8.117761194029852,0.001996007984031936
B2M,CD8A,8,9,17.75,0.45714285714285713,8.114285714285714,0.001996007984031936
CTGF,ITGAV,8,5,6.732558139534884,1.1386861313868613,7.666270582244101,0.001996007984031936
VCAM1,ITGA4,4,1,5.766839378238342,1.306,7.531492227979275,0.001996007984031936
CTGF,ITGAV,1,4,1.444,5.119170984455959,7.392082901554405,0.001996007984031936
B2M,CD8A,8,1,17.75,0.392,6.958,0.001996007984031936
B2M,CD8A,9,5,35.25,0.19708029197080293,6.947080291970804,0.001996007984031936
VEGFA,FLT1,8,5,7.843023255813954,0.8759124087591241,6.869801391953828,0.001996007984031936
VCAM1,ITGA4,4,3,5.766839378238342,1.1666666666666667,6.7279792746114,0.001996007984031936
VEGFA,KDR,8,9,7.843023255813954,0.8285714285714286,6.498504983388705,0.001996007984031936
VEGFA,KDR,4,8,4.139896373056994,1.5406976744186047,6.378328714302928,0.001996007984031936
VEGFA,FLT1,9,8,2.3285714285714287,2.7093023255813953,6.308803986710964,0.001996007984031936
CTGF,ITGAV,8,3,6.732558139534884,0.9342105263157895,6.289626682986537,0.001996007984031936
TGFB1,TGFBR2,1,8,0.48,13.081395348837209,6.27906976744186,0.001996007984031936
B2M,CD8A,8,3,17.75,0.3530701754385965,6.266995614035087,0.001996007984031936
CXCL12,CXCR4,2,3,5.925373134328358,1.0548245614035088,6.250229117570044,0.001996007984031936
CTGF,ITGAV,9,8,1.8571428571428572,3.3197674418604652,6.165282392026579,0.001996007984031936
CTGF,ITGAV,4,9,2.727979274611399,2.242857142857143,6.118467801628423,0.001996007984031936
VEGFA,FLT1,9,4,2.3285714285714287,2.6139896373056994,6.086861584011843,0.001996007984031936
B2M,CD8A,1,5,30.318,0.19708029197080293,5.975080291970803,0.001996007984031936
CTGF,ITGAV,8,6,6.732558139534884,0.8488888888888889,5.715193798449613,0.001996007984031936
CXCL12,CXCR4,6,1,4.066666666666666,1.37,5.5713333333333335,0.001996007984031936
C3,C3AR1,9,9,3.5357142857142856,1.5571428571428572,5.505612244897959,0.001996007984031936
B2M,CD8A,4,9,12.023316062176166,0.45714285714285713,5.496373056994819,0.001996007984031936
B2M,CD8A,8,4,17.75,0.30569948186528495,5.426165803108808,0.001996007984031936
VCAM1,ITGA4,1,1,4.038,1.306,5.273628,0.001996007984031936
CTGF,ITGAV,4,1,2.727979274611399,1.888,5.1504248704663205,0.001996007984031936
CTGF,ITGAV,3,4,0.9714912280701754,5.119170984455959,4.973229706390328,0.001996007984031936
CTGF,ITGAV,1,8,1.444,3.3197674418604652,4.793744186046512,0.001996007984031936
B2M,CD8A,4,1,12.023316062176166,0.392,4.7131398963730575,0.001996007984031936
VCAM1,ITGA4,1,3,4.038,1.1666666666666667,4.711,0.001996007984031936
VEGFA,FLT1,6,8,1.6888888888888889,2.7093023255813953,4.575710594315245,0.001996007984031936
VCAM1,ITGA4,4,9,5.766839378238342,0.7928571428571428,4.572279792746114,0.001996007984031936
VEGFA,KDR,4,4,4.139896373056994,1.0699481865284974,4.4294746167682355,0.001996007984031936
VEGFA,FLT1,6,4,1.6888888888888889,2.6139896373056994,4.414738054116293,0.001996007984031936
CXCL12,CXCR4,5,4,9.281021897810218,0.4740932642487047,4.400069967096554,0.001996007984031936
VEGFA,FLT1,8,6,7.843023255813954,0.56,4.392093023255814,0.001996007984031936
VEGFA,FLT1,4,9,4.139896373056994,1.042857142857143,4.3173205033308655,0.001996007984031936
CTGF,ITGAV,10,4,0.8405797101449275,5.119170984455959,4.303071262296313,0.001996007984031936
CXCL12,CXCR4,6,3,4.066666666666666,1.0548245614035088,4.2896198830409356,0.001996007984031936
B2M,CD8A,4,3,12.023316062176166,0.3530701754385965,4.245074311426234,0.001996007984031936
CTGF,ITGAV,9,9,1.8571428571428572,2.242857142857143,4.16530612244898,0.003992015968063872
CXCL12,CXCR4,5,8,9.281021897810218,0.4418604651162791,4.1009166525207945,0.001996007984031936
VCAM1,ITGA4,9,1,3.107142857142857,1.306,4.0579285714285716,0.001996007984031936
CXCL12,CXCR4,8,1,2.953488372093023,1.37,4.046279069767442,0.001996007984031936
TGFB1,TGFBR2,9,8,0.3,13.081395348837209,3.924418604651162,0.001996007984031936
B2M,CD8A,9,8,35.25,0.11046511627906977,3.8938953488372094,0.003992015968063872
B2M,CD8A,3,9,8.467105263157896,0.45714285714285713,3.8706766917293236,0.001996007984031936
CTGF,ITGAV,8,7,6.732558139534884,0.5647668393782384,3.802325581395349,0.001996007984031936
TGFB1,TGFBR2,8,8,0.28488372093023256,13.081395348837209,3.726676581936182,0.001996007984031936
CTGF,ITGAV,8,2,6.732558139534884,0.5522388059701493,3.717979868101354,0.001996007984031936
B2M,CD8A,4,4,12.023316062176166,0.30569948186528495,3.675521490509812,0.001996007984031936
CXCL12,CXCR4,4,4,7.712435233160622,0.4740932642487047,3.656413594995839,0.001996007984031936
VCAM1,ITGA4,4,8,5.766839378238342,0.6337209302325582,3.654566815278949,0.001996007984031936
VEGFA,FLT1,4,5,4.139896373056994,0.8759124087591241,3.6261866041375135,0.001996007984031936
VCAM1,ITGA4,9,3,3.107142857142857,1.1666666666666667,3.6250000000000004,0.001996007984031936
CTGF,ITGAV,5,4,0.7043795620437956,5.119170984455959,3.6058394160583944,0.001996007984031936
VEGFA,KDR,9,8,2.3285714285714287,1.5406976744186047,3.5876245847176085,0.001996007984031936
CTGF,ITGAV,9,1,1.8571428571428572,1.888,3.5062857142857142,0.001996007984031936
B2M,CD8A,8,5,17.75,0.19708029197080293,3.498175182481752,0.001996007984031936
C3,C3AR1,1,1,5.276,0.654,3.450504,0.001996007984031936
VEGFA,KDR,4,9,4.139896373056994,0.8285714285714286,3.43019985196151,0.001996007984031936
CXCL12,CXCR4,4,8,7.712435233160622,0.4418604651162791,3.4078202193035305,0.001996007984031936
B2M,CD8A,1,8,30.318,0.11046511627906977,3.3490813953488376,0.005988023952095809
PDGFB,PDGFRB,8,8,0.9302325581395349,3.5813953488372094,3.331530557057869,0.001996007984031936
TGFB1,TGFBR2,1,4,0.48,6.935233160621761,3.3289119170984454,0.001996007984031936
B2M,CD8A,3,1,8.467105263157896,0.392,3.319105263157895,0.001996007984031936
CXCL12,CXCR4,5,9,9.281021897810218,0.35714285714285715,3.3146506777893636,0.001996007984031936
CTGF,ITGAV,1,9,1.444,2.242857142857143,3.2386857142857144,0.003992015968063872
CTGF,ITGAV,3,8,0.9714912280701754,3.3197674418604652,3.225124949000408,0.001996007984031936
VCAM1,ITGA4,1,9,4.038,0.7928571428571428,3.2015571428571428,0.001996007984031936
CXCL12,CXCR4,7,1,2.284974093264249,1.37,3.1304145077720213,0.001996007984031936
CXCL12,CXCR4,8,3,2.953488372093023,1.0548245614035088,3.1154120767033864,0.001996007984031936
CTGF,ITGAV,4,5,2.727979274611399,1.1386861313868613,3.10631216671079,0.001996007984031936
TGFB1,TGFBR2,3,8,0.23464912280701755,13.081395348837209,3.0695379436964503,0.001996007984031936
VEGFA,FLT1,5,8,1.1313868613138687,2.7093023255813953,3.0652690544899,0.001996007984031936
CXCL12,CXCR4,9,1,2.2142857142857144,1.37,3.033571428571429,0.001996007984031936
CXCL12,CXCR4,10,1,2.2028985507246377,1.37,3.017971014492754,0.007984031936127744
B2M,CD8A,3,3,8.467105263157896,0.3530701754385965,2.989482340720222,0.001996007984031936
CTGF,ITGAV,6,4,0.5822222222222222,5.119170984455959,2.9804951065054692,0.003992015968063872
B2M,CD8A,9,6,35.25,0.08444444444444445,2.9766666666666666,0.031936127744510975
VEGFA,FLT1,5,4,1.1313868613138687,2.6139896373056994,2.9574335312582734,0.001996007984031936
VEGFA,FLT1,8,7,7.843023255813954,0.37305699481865284,2.92589468610676,0.001996007984031936
VEGFA,FLT1,8,10,7.843023255813954,0.36231884057971014,2.841675092686215,0.001996007984031936
CTGF,ITGAV,8,10,6.732558139534884,0.42028985507246375,2.8296258847320526,0.03992015968063872
CXCL12,CXCR4,5,5,9.281021897810218,0.3029197080291971,2.811404443497256,0.001996007984031936
PDGFB,PDGFRB,4,8,0.7849740932642487,3.5813953488372094,2.811302566574286,0.001996007984031936
CXCL12,CXCR4,2,4,5.925373134328358,0.4740932642487047,2.8091794911453096,0.001996007984031936
VCAM1,ITGA4,4,2,5.766839378238342,0.48187633262260127,2.7789034104090944,0.001996007984031936
CXCL12,CXCR4,4,9,7.712435233160622,0.35714285714285715,2.754441154700222,0.005988023952095809
CTGF,ITGAV,1,1,1.444,1.888,2.726272,0.005988023952095809
VCAM1,ITGA4,8,1,2.052325581395349,1.306,2.680337209302326,0.001996007984031936
TGFB1,TGFBR2,4,8,0.20207253886010362,13.081395348837209,2.6433907699722856,0.001996007984031936
C3,C3AR1,3,9,1.6842105263157894,1.5571428571428572,2.6225563909774436,0.001996007984031936
CXCL12,CXCR4,2,8,5.925373134328358,0.4418604651162791,2.6181881291218327,0.015968063872255488
VEGFA,KDR,6,8,1.6888888888888889,1.5406976744186047,2.6020671834625326,0.001996007984031936
CTGF,ITGAV,2,4,0.5074626865671642,5.119170984455959,2.5977882607686955,0.001996007984031936
VEGFA,FLT1,8,3,7.843023255813954,0.32894736842105265,2.5799418604651163,0.001996007984031936
VEGFA,KDR,8,5,7.843023255813954,0.3284671532846715,2.5761755219826856,0.001996007984031936
VCAM1,ITGA4,1,8,4.038,0.6337209302325582,2.55896511627907,0.001996007984031936
CTGF,ITGAV,4,3,2.727979274611399,0.9342105263157895,2.5485069539132805,0.013972055888223553
TGFB1,TGFBR2,1,9,0.48,5.264285714285714,2.5268571428571427,0.001996007984031936
CXCL12,CXCR4,3,1,1.8223684210526316,1.37,2.4966447368421054,0.001996007984031936
VEGFA,KDR,9,4,2.3285714285714287,1.0699481865284974,2.491450777202073,0.001996007984031936
VCAM1,ITGA4,9,9,3.107142857142857,0.7928571428571428,2.4635204081632653,0.001996007984031936
VEGFA,FLT1,9,9,2.3285714285714287,1.042857142857143,2.4283673469387757,0.005988023952095809
CXCL12,CXCR4,7,3,2.284974093264249,1.0548245614035088,2.4102467957458416,0.021956087824351298
C3,C3AR1,1,3,5.276,0.45394736842105265,2.395026315789474,0.001996007984031936
VCAM1,ITGA4,8,3,2.052325581395349,1.1666666666666667,2.394379844961241,0.001996007984031936
VEGFA,FLT1,2,8,0.8805970149253731,2.7093023255813953,2.385803540437348,0.001996007984031936
CXCL12,CXCR4,4,5,7.712435233160622,0.3029197080291971,2.336248629023108,0.029940119760479042
VEGFA,FLT1,8,2,7.843023255813954,0.29637526652452023,2.324478107799871,0.001996007984031936
VEGFA,FLT1,4,6,4.139896373056994,0.56,2.318341968911917,0.001996007984031936
VCAM1,ITGA4,4,4,5.766839378238342,0.4015544041450777,2.315699750328868,0.001996007984031936
C3,C3AR1,9,1,3.5357142857142856,0.654,2.312357142857143,0.001996007984031936
VEGFA,FLT1,2,4,0.8805970149253731,2.6139896373056994,2.3018714716572575,0.001996007984031936
CXCL12,CXCR4,1,1,1.656,1.37,2.26872,0.015968063872255488
TGFB1,TGFBR2,9,4,0.3,6.935233160621761,2.0805699481865285,0.001996007984031936
VEGFA,FLT1,8,1,7.843023255813954,0.264,2.0705581395348838,0.001996007984031936
C3,C3AR1,4,9,1.3290155440414508,1.5571428571428572,2.0694670614359736,0.001996007984031936
CD34,SELL,8,3,2.197674418604651,0.9407894736842105,2.067548959608323,0.001996007984031936
C3,C3AR1,1,4,5.276,0.3911917098445596,2.063927461139896,0.001996007984031936
VEGFA,FLT1,9,5,2.3285714285714287,0.8759124087591241,2.039624608967675,0.001996007984031936
TGFB1,TGFBR2,8,4,0.28488372093023256,6.935233160621761,1.9757350283166646,0.001996007984031936
VCAM1,ITGA4,9,8,3.107142857142857,0.6337209302325582,1.96906146179402,0.001996007984031936
VCAM1,ITGA4,1,2,4.038,0.48187633262260127,1.945816631130064,0.001996007984031936
VEGFA,KDR,9,9,2.3285714285714287,0.8285714285714286,1.929387755102041,0.001996007984031936
VCAM1,ITGA4,6,1,1.4533333333333334,1.306,1.8980533333333334,0.001996007984031936
VEGFA,KDR,6,4,1.6888888888888889,1.0699481865284974,1.8070236039147958,0.001996007984031936
EGF,EGFR,4,4,1.9378238341968912,0.927461139896373,1.797256302182609,0.001996007984031936
VEGFA,FLT1,6,9,1.6888888888888889,1.042857142857143,1.7612698412698413,0.015968063872255488
VEGFA,KDR,5,8,1.1313868613138687,1.5406976744186047,1.743125106094042,0.001996007984031936
CD34,SELL,8,9,2.197674418604651,0.7857142857142857,1.7267441860465116,0.001996007984031936
ICAM1,ITGAL,9,9,1.9071428571428573,0.9,1.7164285714285716,0.001996007984031936
VCAM1,ITGA4,6,3,1.4533333333333334,1.1666666666666667,1.6955555555555557,0.001996007984031936
ICAM1,ITGAL,9,1,1.9071428571428573,0.88,1.6782857142857144,0.001996007984031936
PDGFB,PDGFRB,1,8,0.468,3.5813953488372094,1.6760930232558142,0.001996007984031936
TGFB1,TGFBR2,3,4,0.23464912280701755,6.935233160621761,1.6273463776020363,0.001996007984031936
VCAM1,ITGA4,8,9,2.052325581395349,0.7928571428571428,1.6272009966777408,0.02594810379241517
CD34,SELL,8,1,2.197674418604651,0.74,1.6262790697674419,0.001996007984031936
VCAM1,ITGA4,1,4,4.038,0.4015544041450777,1.6214766839378238,0.001996007984031936
PDGFB,PDGFRB,8,4,0.9302325581395349,1.7279792746113989,1.6074225810338594,0.001996007984031936
C3,C3AR1,9,3,3.5357142857142856,0.45394736842105265,1.6050281954887218,0.001996007984031936
VCAM1,ITGA4,3,1,1.2258771929824561,1.306,1.6009956140350878,0.001996007984031936
VEGFA,FLT1,7,8,0.5906735751295337,2.7093023255813953,1.6003132907579225,0.0499001996007984
TGFB1,TGFBR2,9,9,0.3,5.264285714285714,1.5792857142857142,0.001996007984031936
C3,C3AR1,1,8,5.276,0.29651162790697677,1.5643953488372093,0.001996007984031936
VEGFA,FLT1,4,7,4.139896373056994,0.37305699481865284,1.5444172997932828,0.027944111776447105
VEGFA,FLT1,7,4,0.5906735751295337,2.6139896373056994,1.5440146044189105,0.021956087824351298
VCAM1,ITGA4,5,1,1.1642335766423357,1.306,1.5204890510948905,0.015968063872255488
TGFB1,TGFBR2,8,9,0.28488372093023256,5.264285714285714,1.4997093023255814,0.001996007984031936
TGFB1,TGFBR2,7,8,0.11398963730569948,13.081395348837209,1.4911435112664175,0.001996007984031936
VEGFA,FLT1,6,5,1.6888888888888889,0.8759124087591241,1.4793187347931873,0.043912175648702596
CXCL9,CXCR3,9,3,9.228571428571428,0.1600877192982456,1.4773809523809522,0.001996007984031936
VEGFA,KDR,8,6,7.843023255813954,0.18666666666666668,1.464031007751938,0.001996007984031936
VCAM1,ITGA4,3,3,1.2258771929824561,1.1666666666666667,1.4301900584795322,0.029940119760479042
TGFB1,TGFBR2,4,4,0.20207253886010362,6.935233160621761,1.4014201723536202,0.001996007984031936
VEGFA,KDR,6,9,1.6888888888888889,0.8285714285714286,1.3993650793650794,0.001996007984031936
C3,C3AR1,9,4,3.5357142857142856,0.3911917098445596,1.383142116950407,0.001996007984031936
VEGFA,FLT1,4,3,4.139896373056994,0.32894736842105265,1.3618080174529588,0.03992015968063872
VEGFA,KDR,4,5,4.139896373056994,0.3284671532846715,1.3598199765515675,0.001996007984031936
VEGFA,FLT1,1,4,0.52,2.6139896373056994,1.3592746113989638,0.03992015968063872
VEGFA,KDR,2,8,0.8805970149253731,1.5406976744186047,1.3567337729954878,0.001996007984031936
PDGFB,PDGFRB,4,4,0.7849740932642487,1.7279792746113989,1.356418964267497,0.001996007984031936
PDGFB,PDGFRB,5,8,0.36496350364963503,3.5813953488372094,1.3070785944661347,0.001996007984031936
C3,C3AR1,1,5,5.276,0.24087591240875914,1.2708613138686131,0.001996007984031936
CD34,SELL,4,3,1.349740932642487,0.9407894736842105,1.2698220616307607,0.001996007984031936
EGF,EGFR,5,4,1.3576642335766422,0.927461139896373,1.2591808176695283,0.001996007984031936
VEGFA,KDR,8,3,7.843023255813954,0.1600877192982456,1.2555717054263567,0.001996007984031936
TGFB1,TGFBR2,3,9,0.23464912280701755,5.264285714285714,1.2352600250626566,0.001996007984031936
VEGFA,KDR,5,4,1.1313868613138687,1.0699481865284974,1.2105253205249424,0.001996007984031936
ICAM1,ITGAL,9,3,1.9071428571428573,0.6337719298245614,1.2086936090225564,0.001996007984031936
SELE,CD44,9,9,0.4714285714285714,2.5214285714285714,1.188673469387755,0.001996007984031936
CXCL9,CXCR3,9,4,9.228571428571428,0.12694300518134716,1.171502590673575,0.001996007984031936
CCL5,CCR5,1,9,3.202,0.36428571428571427,1.1664428571428571,0.001996007984031936
ANGPT1,TEK,4,8,0.7746113989637305,1.494186046511628,1.1574135438004578,0.001996007984031936
CD34,SELL,8,4,2.197674418604651,0.5207253886010362,1.1443848656464632,0.001996007984031936
CXCL9,CXCR3,9,1,9.228571428571428,0.12,1.1074285714285712,0.001996007984031936
ICAM1,ITGAL,8,9,1.2267441860465116,0.9,1.1040697674418605,0.001996007984031936
C3,C3AR1,3,1,1.6842105263157894,0.654,1.1014736842105264,0.001996007984031936
PDGFB,PDGFRB,9,8,0.30714285714285716,3.5813953488372094,1.1,0.001996007984031936
TGFB1,TGFBR2,1,1,0.48,2.282,1.09536,0.001996007984031936
C3,C3AR1,1,2,5.276,0.2046908315565032,1.0799488272921107,0.001996007984031936
ICAM1,ITGAL,8,1,1.2267441860465116,0.88,1.0795348837209302,0.001996007984031936
C3,C3AR1,8,9,0.6918604651162791,1.5571428571428572,1.0773255813953488,0.001996007984031936
TGFB1,TGFBR2,1,5,0.48,2.22992700729927,1.0703649635036496,0.001996007984031936
TGFB1,TGFBR2,4,9,0.20207253886010362,5.264285714285714,1.0637675795706885,0.001996007984031936
CD34,SELL,4,9,1.349740932642487,0.7857142857142857,1.0605107327905254,0.001996007984031936
TGFB1,TGFBR2,2,8,0.08102345415778252,13.081395348837209,1.059899836366341,0.001996007984031936
C3,C3AR1,9,8,3.5357142857142856,0.29651162790697677,1.0483803986710964,0.001996007984031936
EGF,EGFR,4,1,1.9378238341968912,0.534,1.0347979274611399,0.001996007984031936
PDGFB,PDGFRB,3,8,0.28728070175438597,3.5813953488372094,1.0288657690738474,0.001996007984031936
CD34,SELL,4,1,1.349740932642487,0.74,0.9988082901554404,0.001996007984031936
CXCL10,CXCR3,9,3,5.9071428571428575,0.1600877192982456,0.9456610275689223,0.001996007984031936
VEGFA,KDR,2,4,0.8805970149253731,1.0699481865284974,0.9421931791818111,0.001996007984031936
VEGFA,KDR,5,9,1.1313868613138687,0.8285714285714286,0.9374348279457769,0.003992015968063872
EGF,EGFR,6,4,1.008888888888889,0.927461139896373,0.9357052389176742,0.001996007984031936
PDGFB,PDGFRB,6,8,0.2577777777777778,3.5813953488372094,0.923204134366925,0.001996007984031936
VEGFA,KDR,8,2,7.843023255813954,0.11727078891257996,0.9197575246690137,0.001996007984031936
VEGFA,KDR,7,8,0.5906735751295337,1.5406976744186047,0.9100494035425956,0.003992015968063872
CCL5,CCR5,3,9,2.4473684210526314,0.36428571428571427,0.8915413533834585,0.001996007984031936
PDGFB,PDGFRB,7,8,0.24870466321243523,3.5813953488372094,0.8907097240631402,0.001996007984031936
PDGFB,PDGFRB,2,8,0.24733475479744135,3.5813953488372094,0.8858035404373481,0.001996007984031936
C3,C3AR1,4,1,1.3290155440414508,0.654,0.8691761658031089,0.001996007984031936
CXCL9,CXCR3,9,9,9.228571428571428,0.09285714285714286,0.856938775510204,0.001996007984031936
C3,C3AR1,9,5,3.5357142857142856,0.24087591240875914,0.8516684045881127,0.001996007984031936
ICAM1,ITGAL,1,9,0.938,0.9,0.8442,0.001996007984031936
ANGPT1,TEK,4,4,0.7746113989637305,1.077720207253886,0.8348143574324143,0.001996007984031936
ICAM1,ITGAL,1,1,0.938,0.88,0.82544,0.001996007984031936
ICAM1,ITGAL,9,8,1.9071428571428573,0.43023255813953487,0.820514950166113,0.001996007984031936
TGFB1,TGFBR2,6,8,0.06222222222222222,13.081395348837209,0.8139534883720929,0.011976047904191617
PDGFB,PDGFRB,1,4,0.468,1.7279792746113989,0.8086943005181347,0.001996007984031936
PDGFB,PDGFRB,8,1,0.9302325581395349,0.864,0.8037209302325581,0.001996007984031936
VEGFA,KDR,1,8,0.52,1.5406976744186047,0.8011627906976745,0.013972055888223553
EGF,EGFR,4,8,1.9378238341968912,0.4127906976744186,0.7999156524882516,0.001996007984031936
ICAM1,ITGAL,4,9,0.8860103626943006,0.9,0.7974093264248705,0.001996007984031936
TGFB1,TGFBR2,7,4,0.11398963730569948,6.935233160621761,0.7905447126097345,0.003992015968063872
PDGFA,PDGFRA,8,4,0.5,1.5647668393782384,0.7823834196891192,0.001996007984031936
SELE,CD44,9,1,0.4714285714285714,1.654,0.7797428571428571,0.001996007984031936
ICAM1,ITGAL,4,1,0.8860103626943006,0.88,0.7796891191709845,0.001996007984031936
ICAM1,ITGAL,8,3,1.2267441860465116,0.6337719298245614,0.7774760301917585,0.001996007984031936
VEGFA,KDR,4,6,4.139896373056994,0.18666666666666668,0.7727806563039723,0.011976047904191617
ANGPT1,TEK,5,8,0.5145985401459854,1.494186046511628,0.7689059582413851,0.001996007984031936
VEGFA,KDR,9,5,2.3285714285714287,0.3284671532846715,0.764859228362878,0.027944111776447105
C3,C3AR1,3,3,1.6842105263157894,0.45394736842105265,0.7645429362880887,0.003992015968063872
CD34,SELL,8,5,2.197674418604651,0.34306569343065696,0.7539466983534205,0.001996007984031936
TGFB1,TGFBR1,1,4,0.48,1.5647668393782384,0.7510880829015544,0.001996007984031936
CXCL10,CXCR3,9,4,5.9071428571428575,0.12694300518134716,0.7498704663212437,0.001996007984031936
EGF,EGFR,4,5,1.9378238341968912,0.38686131386861317,0.7496690745433229,0.001996007984031936
TNF,TNFRSF1A,9,9,0.29285714285714287,2.557142857142857,0.7488775510204081,0.001996007984031936
VEGFA,KDR,8,1,7.843023255813954,0.094,0.7372441860465117,0.00998003992015968
EGF,EGFR,4,9,1.9378238341968912,0.37857142857142856,0.7336047372316802,0.001996007984031936
VEGFA,KDR,2,9,0.8805970149253731,0.8285714285714286,0.7296375266524521,0.031936127744510975
EGF,EGFR,5,1,1.3576642335766422,0.534,0.7249927007299269,0.001996007984031936
C3,C3AR1,9,2,3.5357142857142856,0.2046908315565032,0.7237282972890648,0.013972055888223553
CXCL10,CXCR3,1,3,4.518,0.1600877192982456,0.7232763157894736,0.001996007984031936
CXCL10,CXCR3,9,1,5.9071428571428575,0.12,0.7088571428571429,0.001996007984031936
TGFB1,TGFBR1,1,9,0.48,1.4714285714285715,0.7062857142857143,0.001996007984031936
CD34,SELL,4,4,1.349740932642487,0.5207253886010362,0.7028443716609841,0.001996007984031936
PDGFB,PDGFRB,8,10,0.9302325581395349,0.7536231884057971,0.7010448264239973,0.001996007984031936
TGFB1,TGFBR2,1,6,0.48,1.4444444444444444,0.6933333333333332,0.015968063872255488
TGFB1,TGFBR2,9,1,0.3,2.282,0.6846,0.04790419161676647
PDGFB,PDGFRB,8,9,0.9302325581395349,0.7357142857142858,0.6843853820598007,0.001996007984031936
HGF,MET,4,9,0.4119170984455959,1.6571428571428573,0.6826054774241304,0.001996007984031936
PDGFB,PDGFRB,4,1,0.7849740932642487,0.864,0.6782176165803109,0.001996007984031936
TGFB1,TGFBR2,1,3,0.48,1.3969298245614035,0.6705263157894736,0.003992015968063872
IFNG,IFNGR1,9,9,0.3,2.2285714285714286,0.6685714285714286,0.001996007984031936
PDGFA,PDGFRA,4,4,0.42487046632124353,1.5647668393782384,0.6648232167306505,0.001996007984031936
VEGFA,KDR,4,3,4.139896373056994,0.1600877192982456,0.6627465684937732,0.013972055888223553
C3,C3AR1,3,4,1.6842105263157894,0.3911917098445596,0.6588491955276793,0.01996007984031936
TNF,TNFRSF1A,9,4,0.29285714285714287,2.1632124352331608,0.6335122131754257,0.001996007984031936
PDGFB,PDGFRB,5,4,0.36496350364963503,1.7279792746113989,0.630649370296131,0.001996007984031936
FGF2,FGFR1,5,4,0.46715328467153283,1.33419689119171,0.623274460118755,0.001996007984031936
PDGFB,PDGFRB,8,2,0.9302325581395349,0.6609808102345416,0.6148658699856201,0.001996007984031936
ICAM1,ITGAL,9,4,1.9071428571428573,0.32124352331606215,0.6126572908956328,0.001996007984031936
TNF,TNFRSF1A,9,1,0.29285714285714287,2.078,0.6085571428571428,0.001996007984031936
FGF2,FGFR1,4,4,0.45595854922279794,1.33419689119171,0.6083384788853392,0.001996007984031936
SELE,CD44,9,3,0.4714285714285714,1.2785087719298245,0.6027255639097744,0.001996007984031936
CD34,SELL,8,8,2.197674418604651,0.27325581395348836,0.6005273120605732,0.001996007984031936
SELE,CD44,9,4,0.4714285714285714,1.2720207253886011,0.5996669133974833,0.001996007984031936
ICAM1,ITGAL,1,3,0.938,0.6337719298245614,0.5944780701754386,0.001996007984031936
SELE,CD44,4,9,0.23575129533678757,2.5214285714285714,0.5944300518134715,0.001996007984031936
PDGFB,PDGFRB,4,10,0.7849740932642487,0.7536231884057971,0.5915746789817526,0.001996007984031936
CXCL9,CXCR3,8,3,3.686046511627907,0.1600877192982456,0.5900907792737657,0.001996007984031936
PDGFB,PDGFRB,8,5,0.9302325581395349,0.6240875912408759,0.5805465965031403,0.001996007984031936
HGF,MET,9,9,0.35,1.6571428571428573,0.58,0.001996007984031936
PDGFB,PDGFRB,4,9,0.7849740932642487,0.7357142857142858,0.5775166543301259,0.001996007984031936
CXCL10,CXCR3,1,4,4.518,0.12694300518134716,0.5735284974093264,0.001996007984031936
HGF,MET,4,4,0.4119170984455959,1.3756476683937824,0.5666527960482161,0.001996007984031936
ICAM1,ITGAL,4,3,0.8860103626943006,0.6337719298245614,0.5615284974093264,0.001996007984031936
EGF,EGFR,5,8,1.3576642335766422,0.4127906976744186,0.560431166185707,0.001996007984031936
PDGFB,PDGFRB,8,7,0.9302325581395349,0.6010362694300518,0.5591035064465598,0.001996007984031936
ANGPT1,TEK,5,4,0.5145985401459854,1.077720207253886,0.5545932453386786,0.001996007984031936
ANGPT1,TEK,4,5,0.7746113989637305,0.7153284671532847,0.5541015846601868,0.001996007984031936
EGF,EGFR,4,2,1.9378238341968912,0.2857142857142857,0.5536639526276832,0.001996007984031936
EGF,EGFR,4,7,1.9378238341968912,0.2849740932642487,0.5522295900561089,0.001996007984031936
CXCL10,CXCR3,9,9,5.9071428571428575,0.09285714285714286,0.5485204081632653,0.001996007984031936
CXCL10,CXCR3,1,1,4.518,0.12,0.54216,0.001996007984031936
TGFB1,TGFBR1,1,1,0.48,1.126,0.54048,0.001996007984031936
CXCL9,CXCR3,9,5,9.228571428571428,0.058394160583941604,0.5388946819603754,0.001996007984031936
EGF,EGFR,6,1,1.008888888888889,0.534,0.5387466666666667,0.001996007984031936
BMP7,BMPR2,8,4,0.23255813953488372,2.3108808290155443,0.5374141462826847,0.001996007984031936
CXCL9,CXCR3,9,8,9.228571428571428,0.05813953488372093,0.5365448504983388,0.001996007984031936
CD34,SELL,9,3,0.5642857142857143,0.9407894736842105,0.530874060150376,0.001996007984031936
PDGFB,PDGFRB,9,4,0.30714285714285716,1.7279792746113989,0.5307364914877868,0.001996007984031936
ICAM1,ITGAL,8,8,1.2267441860465116,0.43023255813953487,0.5277852893455922,0.001996007984031936
CCL5,CCR5,1,3,3.202,0.16447368421052633,0.5266447368421053,0.001996007984031936
EGF,EGFR,5,5,1.3576642335766422,0.38686131386861317,0.5252277691938835,0.001996007984031936
PDGFB,PDGFRB,4,2,0.7849740932642487,0.6609808102345416,0.5188528121789278,0.001996007984031936
BMP7,BMPR2,4,4,0.22279792746113988,2.3108808290155443,0.5148594593143441,0.001996007984031936
EGF,EGFR,5,9,1.3576642335766422,0.37857142857142856,0.5139728884254431,0.001996007984031936
ANGPT1,TEK,4,9,0.7746113989637305,0.6571428571428571,0.5090303478904515,0.001996007984031936
IL1B,IL1R1,9,4,0.36428571428571427,1.3937823834196892,0.5077350111028868,0.001996007984031936
CCL5,CCR5,1,4,3.202,0.15803108808290156,0.5060155440414508,0.001996007984031936
CCL5,CCR5,9,9,1.3714285714285714,0.36428571428571427,0.4995918367346939,0.001996007984031936
PDGFB,PDGFRB,3,4,0.28728070175438597,1.7279792746113989,0.4964150986273975,0.001996007984031936
PDGFB,PDGFRB,4,5,0.7849740932642487,0.6240875912408759,0.4898925910517756,0.001996007984031936
TNF,TNFRSF1A,4,9,0.18911917098445596,2.557142857142857,0.48360473723168024,0.001996007984031936
HGF,MET,9,4,0.35,1.3756476683937824,0.4814766839378238,0.001996007984031936
IFNG,IFNGR1,9,4,0.3,1.5984455958549222,0.4795336787564766,0.001996007984031936
CXCL9,CXCR3,9,7,9.228571428571428,0.05181347150259067,0.47816432272390813,0.001996007984031936
PDGFB,PDGFRB,4,7,0.7849740932642487,0.6010362694300518,0.4717979006147816,0.001996007984031936
ICAM1,ITGAL,3,9,0.5241228070175439,0.9,0.4717105263157895,0.001996007984031936
CD34,SELL,5,3,0.5,0.9407894736842105,0.47039473684210525,0.001996007984031936
TGFB1,TGFBR1,9,4,0.3,1.5647668393782384,0.46943005181347147,0.001996007984031936
CXCL9,CXCR3,8,4,3.686046511627907,0.12694300518134716,0.467917821424268,0.001996007984031936
CD34,SELL,4,5,1.349740932642487,0.34306569343065696,0.46304980900873643,0.001996007984031936
ICAM1,ITGAL,3,1,0.5241228070175439,0.88,0.4612280701754386,0.001996007984031936
PDGFA,PDGFRA,5,4,0.291970802919708,1.5647668393782384,0.45686623047539804,0.001996007984031936
CXCL11,CXCR3,1,3,2.85,0.1600877192982456,0.45625,0.001996007984031936
CD86,CD28,9,9,0.6642857142857143,0.6857142857142857,0.4555102040816326,0.001996007984031936
IL1B,IL1R1,9,9,0.36428571428571427,1.25,0.45535714285714285,0.001996007984031936
TNF,TNFRSF1A,9,8,0.29285714285714287,1.552325581395349,0.45460963455149506,0.001996007984031936
HGF,MET,4,1,0.4119170984455959,1.098,0.4522849740932643,0.001996007984031936
ICAM1,ITGAL,9,2,1.9071428571428573,0.23667377398720682,0.45137069753274445,0.001996007984031936
CD34,SELL,8,2,2.197674418604651,0.2046908315565032,0.4498438042346407,0.001996007984031936
TGFB1,TGFBR1,8,4,0.28488372093023256,1.5647668393782384,0.4457765995903121,0.001996007984031936
PDGFB,PDGFRB,6,4,0.2577777777777778,1.7279792746113989,0.4454346574553828,0.001996007984031936
CD34,SELL,9,9,0.5642857142857143,0.7857142857142857,0.4433673469387755,0.001996007984031936
CD86,CD28,1,9,0.646,0.6857142857142857,0.44297142857142857,0.001996007984031936
CXCL9,CXCR3,8,1,3.686046511627907,0.12,0.44232558139534883,0.001996007984031936
TGFB1,TGFBR1,9,9,0.3,1.4714285714285715,0.44142857142857145,0.001996007984031936
EGF,EGFR,4,6,1.9378238341968912,0.2222222222222222,0.43062751871042027,0.001996007984031936
EGF,EGFR,9,4,0.4642857142857143,0.927461139896373,0.43060695780903036,0.003992015968063872
PDGFB,PDGFRB,7,4,0.24870466321243523,1.7279792746113989,0.4297565035302961,0.007984031936127744
PDGFB,PDGFRB,2,4,0.24733475479744135,1.7279792746113989,0.4273893301810709,0.001996007984031936
ANGPT1,TEK,8,8,0.28488372093023256,1.494186046511628,0.4256692806922661,0.001996007984031936
SELE,CD44,9,8,0.4714285714285714,0.9011627906976745,0.42483388704318936,0.001996007984031936
CXCL10,CXCR3,1,9,4.518,0.09285714285714286,0.4195285714285714,0.001996007984031936
TGFB1,TGFBR1,8,9,0.28488372093023256,1.4714285714285715,0.41918604651162794,0.001996007984031936
CD34,SELL,9,1,0.5642857142857143,0.74,0.41757142857142854,0.001996007984031936
EGF,EGFR,6,8,1.008888888888889,0.4127906976744186,0.4164599483204135,0.003992015968063872
CD34,SELL,6,3,0.44,0.9407894736842105,0.4139473684210526,0.001996007984031936
CD34,SELL,2,3,0.43710021321961623,0.9407894736842105,0.41121927954213894,0.001996007984031936
TNF,TNFRSF1A,4,4,0.18911917098445596,2.1632124352331608,0.4091049424145615,0.001996007984031936
BMP7,BMPR2,5,4,0.17518248175182483,2.3108808290155443,0.40482583865965743,0.001996007984031936
PDGFB,PDGFRB,1,1,0.468,0.864,0.40435200000000004,0.005988023952095809
IFNG,IFNGR1,4,9,0.18134715025906736,2.2285714285714286,0.4041450777202073,0.001996007984031936
ICAM1,ITGAL,1,8,0.938,0.43023255813953487,0.4035581395348837,0.001996007984031936
CCL5,CCR5,3,3,2.4473684210526314,0.16447368421052633,0.40252770083102496,0.001996007984031936
CXCL9,CXCR3,1,3,2.486,0.1600877192982456,0.3979780701754386,0.001996007984031936
ICAM1,ITGAL,8,4,1.2267441860465116,0.32124352331606215,0.3940836245330762,0.001996007984031936
TNF,TNFRSF1A,4,1,0.18911917098445596,2.078,0.39298963730569947,0.001996007984031936
CD34,SELL,5,9,0.5,0.7857142857142857,0.39285714285714285,0.001996007984031936
EGF,EGFR,6,5,1.008888888888889,0.38686131386861317,0.39030008110300085,0.001996007984031936
SELE,CD44,4,1,0.23575129533678757,1.654,0.3899326424870466,0.001996007984031936
BMP7,BMPR2,8,8,0.23255813953488372,1.6686046511627908,0.3880475932936723,0.001996007984031936
EGF,EGFR,5,2,1.3576642335766422,0.2857142857142857,0.3879040667361835,0.001996007984031936
EGF,EGFR,5,7,1.3576642335766422,0.2849740932642487,0.38689913392080477,0.001996007984031936
CCL5,CCR5,3,4,2.4473684210526314,0.15803108808290156,0.3867602945186801,0.001996007984031936
FGF2,FGFR1,10,4,0.2898550724637681,1.33419689119171,0.38672373657730724,0.001996007984031936
HGF,MET,9,1,0.35,1.098,0.38430000000000003,0.001996007984031936
EGF,EGFR,6,9,1.008888888888889,0.37857142857142856,0.38193650793650796,0.003992015968063872
SELE,CD44,3,9,0.1513157894736842,2.5214285714285714,0.381531954887218,0.001996007984031936
ICAM1,ITGAL,4,8,0.8860103626943006,0.43023255813953487,0.38119050488010603,0.001996007984031936
PDGFA,PDGFRA,9,4,0.24285714285714285,1.5647668393782384,0.3800148038490007,0.001996007984031936
EGF,EGFR,4,3,1.9378238341968912,0.19298245614035087,0.3739660030906281,0.001996007984031936
TNF,TNFRSF1A,5,9,0.145985401459854,2.557142857142857,0.37330552659019806,0.001996007984031936
BMP7,BMPR2,4,8,0.22279792746113988,1.6686046511627908,0.37176165803108807,0.001996007984031936
CD34,SELL,5,1,0.5,0.74,0.37,0.001996007984031936
CXCL9,CXCR3,9,6,9.228571428571428,0.04,0.3691428571428571,0.001996007984031936
CD34,SELL,4,8,1.349740932642487,0.27325581395348836,0.3688245571755633,0.001996007984031936
ANGPT1,TEK,5,5,0.5145985401459854,0.7153284671532847,0.36810698492194577,0.001996007984031936
TGFB1,TGFBR1,3,4,0.23464912280701755,1.5647668393782384,0.367171166257613,0.001996007984031936
CXCL11,CXCR3,1,4,2.85,0.12694300518134716,0.36178756476683943,0.001996007984031936
IFNG,IFNGR1,5,9,0.16058394160583941,2.2285714285714286,0.35787278415015644,0.001996007984031936
CD34,SELL,10,3,0.37681159420289856,0.9407894736842105,0.35450038138825324,0.03592814371257485
IFNG,IFNGR1,1,9,0.158,2.2285714285714286,0.3521142857142857,0.001996007984031936
CXCL10,CXCR3,8,3,2.1802325581395348,0.1600877192982456,0.3490284577723378,0.001996007984031936
CD34,SELL,6,9,0.44,0.7857142857142857,0.3457142857142857,0.017964071856287425
TGFB1,TGFBR1,3,9,0.23464912280701755,1.4714285714285715,0.3452694235588973,0.001996007984031936
CXCL10,CXCR3,9,5,5.9071428571428575,0.058394160583941604,0.34494264859228363,0.001996007984031936
CXCL10,CXCR3,9,8,5.9071428571428575,0.05813953488372093,0.3434385382059801,0.001996007984031936
CD34,SELL,2,9,0.43710021321961623,0.7857142857142857,0.34343588181541274,0.007984031936127744
TNF,TNFRSF1B,9,9,0.29285714285714287,1.1714285714285715,0.343061224489796,0.001996007984031936
CXCL9,CXCR3,8,9,3.686046511627907,0.09285714285714286,0.34227574750830564,0.001996007984031936
CXCL11,CXCR3,1,1,2.85,0.12,0.34199999999999997,0.001996007984031936
ANGPT1,TEK,9,8,0.22857142857142856,1.494186046511628,0.3415282392026578,0.001996007984031936
FGF2,FGFR1,5,8,0.46715328467153283,0.7267441860465116,0.33950093362756745,0.001996007984031936
ICAM1,ITGAL,9,6,1.9071428571428573,0.17777777777777778,0.3390476190476191,0.001996007984031936
CCL5,CCR5,1,5,3.202,0.10583941605839416,0.3388978102189781,0.001996007984031936
ANGPT1,TEK,5,9,0.5145985401459854,0.6571428571428571,0.33816475495307613,0.001996007984031936
TGFB1,TGFBR1,9,1,0.3,1.126,0.33779999999999993,0.001996007984031936
CCL5,CCR5,8,9,0.9186046511627907,0.36428571428571427,0.3346345514950166,0.001996007984031936
CD40LG,CD40,4,9,0.24093264248704663,1.3857142857142857,0.3338638045891932,0.001996007984031936
HGF,MET,5,9,0.20072992700729927,1.6571428571428573,0.3326381647549531,0.001996007984031936
ICAM1,ITGAL,3,3,0.5241228070175439,0.6337719298245614,0.33217432286857496,0.001996007984031936
FGF2,FGFR1,4,8,0.45595854922279794,0.7267441860465116,0.3313652247258706,0.001996007984031936
TNF,TNFRSF1A,9,3,0.29285714285714287,1.1271929824561404,0.33010651629072685,0.001996007984031936
PDGFA,PDGFRA,8,9,0.5,0.6571428571428571,0.32857142857142857,0.001996007984031936
CD34,SELL,7,3,0.3471502590673575,0.9407894736842105,0.32659530951731663,0.011976047904191617
CXCL11,CXCR3,9,3,2.0357142857142856,0.1600877192982456,0.3258928571428571,0.001996007984031936
CD34,SELL,6,1,0.44,0.74,0.3256,0.007984031936127744
IL18,IL18R1,4,4,1.3316062176165804,0.24352331606217617,0.3242771618030014,0.001996007984031936
CD34,SELL,2,1,0.43710021321961623,0.74,0.323454157782516,0.001996007984031936
CCL2,CCR2,9,9,1.0285714285714285,0.3142857142857143,0.3232653061224489,0.001996007984031936
CCL2,CCR2,4,9,1.0233160621761659,0.3142857142857143,0.3216136195410807,0.001996007984031936
TGFB1,TGFBR1,8,1,0.28488372093023256,1.126,0.32077906976744186,0.001996007984031936
CCL2,CCR2,9,3,1.0285714285714285,0.31140350877192985,0.32030075187969925,0.001996007984031936
CCL2,CCR2,4,3,1.0233160621761659,0.31140350877192985,0.3186642123443324,0.001996007984031936
CD40LG,CD40,9,9,0.22857142857142856,1.3857142857142857,0.316734693877551,0.001996007984031936
TGFB1,TGFBR1,4,4,0.20207253886010362,1.5647668393782384,0.3161964079572606,0.001996007984031936
TNF,TNFRSF1A,5,4,0.145985401459854,2.1632124352331608,0.3157974358004614,0.001996007984031936
CD34,SELL,3,3,0.3355263157894737,0.9407894736842105,0.31565962603878117,0.001996007984031936
CXCL9,CXCR3,1,4,2.486,0.12694300518134716,0.31558031088082905,0.001996007984031936
EGF,EGFR,8,4,0.3372093023255814,0.927461139896373,0.3127485239185444,0.031936127744510975
CD274,PDCD1,9,1,0.7714285714285715,0.402,0.31011428571428573,0.001996007984031936
ANGPT1,TEK,8,4,0.28488372093023256,1.077720207253886,0.30702494276418846,0.001996007984031936
CXCL10,CXCR3,9,7,5.9071428571428575,0.05181347150259067,0.3060695780903035,0.001996007984031936
FGF2,FGFR1,9,4,0.22857142857142856,1.33419689119171,0.30495928941524797,0.001996007984031936
ANGPT1,TEK,3,8,0.20394736842105263,1.494186046511628,0.30473531211750304,0.001996007984031936
TNF,TNFRSF1A,5,1,0.145985401459854,2.078,0.3033576642335766,0.001996007984031936
FGF2,FGFR1,8,4,0.22674418604651161,1.33419689119171,0.3025213881190505,0.001996007984031936
ANGPT1,TEK,1,8,0.202,1.494186046511628,0.3018255813953489,0.001996007984031936
EGF,EGFR,5,6,1.3576642335766422,0.2222222222222222,0.3017031630170316,0.015968063872255488
SELE,CD44,4,3,0.23575129533678757,1.2785087719298245,0.30141009908190164,0.001996007984031936
ICAM1,ITGAL,1,4,0.938,0.32124352331606215,0.3013264248704663,0.003992015968063872
BMP7,BMPR2,8,9,0.23255813953488372,1.292857142857143,0.30066445182724255,0.001996007984031936
FGF2,FGFR1,5,9,0.46715328467153283,0.6428571428571429,0.30031282586027114,0.001996007984031936
SELE,CD44,4,4,0.23575129533678757,1.2720207253886011,0.29988053370560286,0.001996007984031936
CXCL9,CXCR3,1,1,2.486,0.12,0.29832000000000003,0.001996007984031936
TNF,TNFRSF1A,8,9,0.11627906976744186,2.557142857142857,0.29734219269102985,0.001996007984031936
TGFB1,TGFBR1,4,9,0.20207253886010362,1.4714285714285715,0.2973353071798668,0.001996007984031936
PDGFA,PDGFRA,1,4,0.19,1.5647668393782384,0.2973056994818653,0.001996007984031936
BMP7,BMPR2,9,4,0.12857142857142856,2.3108808290155443,0.2971132494448557,0.001996007984031936
ICAM1,ITGAL,2,9,0.326226012793177,0.9,0.29360341151385927,0.023952095808383235
TNF,TNFRSF1A,4,8,0.18911917098445596,1.552325581395349,0.293574527051452,0.001996007984031936
SELE,CD44,8,9,0.11627906976744186,2.5214285714285714,0.2931893687707641,0.001996007984031936
FGF2,FGFR1,4,9,0.45595854922279794,0.6428571428571429,0.29311621021465584,0.001996007984031936
FGF2,FGFR1,3,4,0.21929824561403508,1.33419689119171,0.29258703754204163,0.001996007984031936
BMP7,BMPR2,5,8,0.17518248175182483,1.6686046511627908,0.2923103038533356,0.001996007984031936
ICAM1,ITGAL,8,2,1.2267441860465116,0.23667377398720682,0.29033817622849206,0.011976047904191617
IFNG,IFNGR1,4,4,0.18134715025906736,1.5984455958549222,0.28987355365244705,0.001996007984031936
CD274,PDCD1,9,3,0.7714285714285715,0.375,0.2892857142857143,0.001996007984031936
EGF,EGFR,6,2,1.008888888888889,0.2857142857142857,0.28825396825396826,0.03592814371257485
BMP7,BMPR2,4,9,0.22279792746113988,1.292857142857143,0.2880458919319023,0.001996007984031936
EGF,EGFR,6,7,1.008888888888889,0.2849740932642487,0.2875071963154865,0.03592814371257485
ICAM1,ITGAL,2,1,0.326226012793177,0.88,0.28707889125799574,0.001996007984031936
ANGPT1,TEK,6,8,0.19111111111111112,1.494186046511628,0.28555555555555556,0.001996007984031936
IL1B,IL1R1,4,4,0.20466321243523317,1.3937823834196892,0.2852559800263095,0.001996007984031936
FGF2,FGFR1,5,1,0.46715328467153283,0.61,0.284963503649635,0.001996007984031936
ICAM1,ITGAL,4,4,0.8860103626943006,0.32124352331606215,0.28462509060645924,0.011976047904191617
IFNG,IFNGR1,3,9,0.12719298245614036,2.2285714285714286,0.28345864661654135,0.001996007984031936
CCL5,CCR5,1,1,3.202,0.088,0.28177599999999997,0.001996007984031936
ANGPT1,TEK,10,8,0.18840579710144928,1.494186046511628,0.2815133131108864,0.001996007984031936
SELE,CD44,9,5,0.4714285714285714,0.5948905109489051,0.28044838373305525,0.001996007984031936
HGF,MET,4,5,0.4119170984455959,0.6788321167883211,0.2796225558791271,0.001996007984031936
PDGFA,PDGFRA,4,9,0.42487046632124353,0.6571428571428571,0.27920059215396004,0.001996007984031936
FGF2,FGFR1,4,1,0.45595854922279794,0.61,0.27813471502590675,0.001996007984031936
ICAM1,ITGAL,6,1,0.31555555555555553,0.88,0.2776888888888889,0.015968063872255488
CXCL10,CXCR3,8,4,2.1802325581395348,0.12694300518134716,0.27676527292444875,0.001996007984031936
HGF,MET,5,4,0.20072992700729927,1.3756476683937824,0.2761336560644454,0.001996007984031936
CXCL9,CXCR3,9,2,9.228571428571428,0.029850746268656716,0.27547974413646054,0.001996007984031936
ICAM1,ITGAL,5,1,0.3102189781021898,0.88,0.27299270072992704,0.013972055888223553
CCL2,CCR2,9,4,1.0285714285714285,0.26424870466321243,0.2717986676535899,0.001996007984031936
CCL2,CCR2,4,4,1.0233160621761659,0.26424870466321243,0.27040994389111117,0.001996007984031936
TNF,TNFRSF1A,9,5,0.29285714285714287,0.9197080291970803,0.26934306569343064,0.001996007984031936
CCL5,CCR5,4,9,0.7383419689119171,0.36428571428571427,0.2689674315321983,0.001996007984031936
EGF,EGFR,2,4,0.2899786780383795,0.927461139896373,0.2689439552791188,0.011976047904191617
FGF2,FGFR1,5,5,0.46715328467153283,0.572992700729927,0.26767542223879803,0.001996007984031936
CXCL9,CXCR3,9,10,9.228571428571428,0.028985507246376812,0.2674948240165631,0.005988023952095809
CXCL11,CXCR3,1,9,2.85,0.09285714285714286,0.2646428571428572,0.001996007984031936
TGFB1,TGFBR1,3,1,0.23464912280701755,1.126,0.26421491228070176,0.001996007984031936
CXCL10,CXCR3,1,5,4.518,0.058394160583941604,0.26382481751824816,0.001996007984031936
CXCL10,CXCR3,1,8,4.518,0.05813953488372093,0.2626744186046511,0.001996007984031936
CXCL10,CXCR3,8,1,2.1802325581395348,0.12,0.26162790697674415,0.001996007984031936
FGF2,FGFR1,4,5,0.45595854922279794,0.572992700729927,0.2612609205400704,0.001996007984031936
CCL5,CCR5,3,5,2.4473684210526314,0.10583941605839416,0.2590280445639646,0.001996007984031936
CXCL11,CXCR3,9,4,2.0357142857142856,0.12694300518134716,0.25841968911917096,0.001996007984031936
CD86,CD28,3,9,0.375,0.6857142857142857,0.2571428571428571,0.001996007984031936
IFNG,IFNGR1,5,4,0.16058394160583941,1.5984455958549222,0.256684694224878,0.001996007984031936
IL1B,IL1R1,4,9,0.20466321243523317,1.25,0.25582901554404147,0.001996007984031936
IL18,IL18R1,9,4,1.042857142857143,0.24352331606217617,0.25396002960769803,0.001996007984031936
HGF,MET,4,3,0.4119170984455959,0.6162280701754386,0.2538348786473957,0.001996007984031936
BMP4,BMPR1A,4,4,0.30310880829015546,0.8367875647668394,0.253637681548498,0.001996007984031936
IFNG,IFNGR1,1,4,0.158,1.5984455958549222,0.2525544041450777,0.001996007984031936
TNF,TNFRSF1A,8,4,0.11627906976744186,2.1632124352331608,0.2515363296782745,0.001996007984031936
SELE,CD44,3,1,0.1513157894736842,1.654,0.2502763157894737,0.001996007984031936
IL1B,IL1R1,5,4,0.17883211678832117,1.3937823834196892,0.2492530539692145,0.001996007984031936
BMP7,BMPR2,8,5,0.23255813953488372,1.0656934306569343,0.24783568154812427,0.001996007984031936
ANGPT1,TEK,9,4,0.22857142857142856,1.077720207253886,0.24633604737231682,0.001996007984031936
TNF,TNFRSF1A,9,2,0.29285714285714287,0.8400852878464818,0.24602497715504112,0.001996007984031936
IL1B,IL1R1,3,4,0.17543859649122806,1.3937823834196892,0.24452322516134897,0.001996007984031936
CXCL11,CXCR3,9,1,2.0357142857142856,0.12,0.24428571428571427,0.001996007984031936
TNF,TNFRSF1A,8,1,0.11627906976744186,2.078,0.24162790697674416,0.001996007984031936
ANGPT1,TEK,7,8,0.16062176165803108,1.494186046511628,0.23999879503554644,0.001996007984031936
PDGFA,PDGFRA,8,8,0.5,0.47674418604651164,0.23837209302325582,0.001996007984031936
HGF,MET,9,5,0.35,0.6788321167883211,0.23759124087591238,0.001996007984031936
BMP7,BMPR2,4,5,0.22279792746113988,1.0656934306569343,0.23743428765931696,0.001996007984031936
PDGFA,PDGFRA,2,4,0.1513859275053305,1.5647668393782384,0.23688367930885912,0.001996007984031936
CXCL10,CXCR3,9,6,5.9071428571428575,0.04,0.2362857142857143,0.00998003992015968
PDGFA,PDGFRA,8,5,0.5,0.4708029197080292,0.2354014598540146,0.001996007984031936
CXCL10,CXCR3,1,7,4.518,0.05181347150259067,0.23409326424870464,0.001996007984031936
CCL2,CCR2,9,5,1.0285714285714285,0.22627737226277372,0.2327424400417101,0.001996007984031936
CCL5,CCR5,1,7,3.202,0.07253886010362694,0.23226943005181344,0.001996007984031936
SELE,CD44,9,2,0.4714285714285714,0.4925373134328358,0.2321961620469083,0.001996007984031936
TNF,TNFRSF1A,9,6,0.29285714285714287,0.7911111111111111,0.23168253968253968,0.003992015968063872
CCL2,CCR2,4,5,1.0233160621761659,0.22627737226277372,0.231553269543512,0.001996007984031936
CXCL9,CXCR3,1,9,2.486,0.09285714285714286,0.23084285714285718,0.005988023952095809
TGFB1,TGFBR1,4,1,0.20207253886010362,1.126,0.22753367875647665,0.001996007984031936
TNF,TNFRSF1A,5,8,0.145985401459854,1.552325581395349,0.22661687319640128,0.001996007984031936
BMP7,BMPR2,5,9,0.17518248175182483,1.292857142857143,0.22648592283628782,0.001996007984031936
CCL5,CCR5,9,3,1.3714285714285714,0.16447368421052633,0.2255639097744361,0.001996007984031936
BMP4,BMPR1A,8,4,0.26744186046511625,0.8367875647668394,0.22379202313531749,0.001996007984031936
IL1B,IL1R1,5,9,0.17883211678832117,1.25,0.22354014598540145,0.001996007984031936
TNF,TNFRSF1B,9,1,0.29285714285714287,0.758,0.2219857142857143,0.001996007984031936
TNF,TNFRSF1B,4,9,0.18911917098445596,1.1714285714285715,0.221539600296077,0.001996007984031936
FGF2,FGFR1,1,4,0.166,1.33419689119171,0.22147668393782385,0.001996007984031936
HGF,MET,5,1,0.20072992700729927,1.098,0.22040145985401463,0.001996007984031936
ANGPT1,TEK,3,4,0.20394736842105263,1.077720207253886,0.2197982001636215,0.001996007984031936
IL1B,IL1R1,3,9,0.17543859649122806,1.25,0.21929824561403508,0.001996007984031936
IL1B,IL1R1,8,4,0.1569767441860465,1.3937823834196892,0.21879142065309073,0.001996007984031936
BMP7,BMPR2,8,1,0.23255813953488372,0.94,0.21860465116279068,0.001996007984031936
ANGPT1,TEK,1,4,0.202,1.077720207253886,0.217699481865285,0.001996007984031936
ANGPT1,TEK,4,6,0.7746113989637305,0.28,0.21689119170984458,0.001996007984031936
CCL5,CCR5,9,4,1.3714285714285714,0.15803108808290156,0.21672834937083643,0.001996007984031936
HGF,MET,9,3,0.35,0.6162280701754386,0.2156798245614035,0.001996007984031936
TGFB1,TGFBR1,1,6,0.48,0.4488888888888889,0.21546666666666667,0.001996007984031936
CCL5,CCR5,3,1,2.4473684210526314,0.088,0.21536842105263154,0.001996007984031936
CXCL9,CXCR3,8,5,3.686046511627907,0.058394160583941604,0.21524359191987777,0.001996007984031936
BMP7,BMPR2,9,8,0.12857142857142856,1.6686046511627908,0.21453488372093021,0.001996007984031936
CXCL9,CXCR3,8,8,3.686046511627907,0.05813953488372093,0.21430502974580853,0.003992015968063872
TNF,TNFRSF1A,4,3,0.18911917098445596,1.1271929824561404,0.2131738023816017,0.001996007984031936
SELE,CD44,4,8,0.23575129533678757,0.9011627906976745,0.21245029521629114,0.001996007984031936
FGF2,FGFR1,10,8,0.2898550724637681,0.7267441860465116,0.2106504887091338,0.003992015968063872
IFNG,IFNGR1,9,5,0.3,0.7007299270072993,0.21021897810218979,0.001996007984031936
IL1B,IL1R1,9,5,0.36428571428571427,0.5766423357664233,0.2100625651720542,0.001996007984031936
BMP7,BMPR2,4,1,0.22279792746113988,0.94,0.2094300518134715,0.001996007984031936
CD274,PDCD1,9,9,0.7714285714285715,0.2714285714285714,0.2093877551020408,0.001996007984031936
TGFB1,TGFBR1,1,3,0.48,0.43201754385964913,0.20736842105263156,0.001996007984031936
ANGPT1,TEK,6,4,0.19111111111111112,1.077720207253886,0.20596430627518714,0.001996007984031936
TGFB1,TGFBR1,1,5,0.48,0.42700729927007297,0.20496350364963503,0.001996007984031936
PDGFA,PDGFRA,10,4,0.13043478260869565,1.5647668393782384,0.2041000225275963,0.001996007984031936
ANGPT1,TEK,8,5,0.28488372093023256,0.7153284671532847,0.2037854354099474,0.001996007984031936
IFNG,IFNGR1,3,4,0.12719298245614036,1.5984455958549222,0.20331106263066995,0.001996007984031936
FGF2,FGFR1,5,10,0.46715328467153283,0.43478260869565216,0.20311012377023166,0.003992015968063872
ANGPT1,TEK,10,4,0.18840579710144928,1.077720207253886,0.20304873470000753,0.011976047904191617
PDGFA,PDGFRA,4,8,0.42487046632124353,0.47674418604651164,0.2025545246415231,0.001996007984031936
CXCL10,CXCR3,8,9,2.1802325581395348,0.09285714285714286,0.2024501661129568,0.033932135728542916
IFNG,IFNGR1,9,8,0.3,0.6744186046511628,0.2023255813953488,0.001996007984031936
ANGPT1,TEK,4,10,0.7746113989637305,0.2608695652173913,0.20207253886010362,0.003992015968063872
CD80,CD28,9,9,0.29285714285714287,0.6857142857142857,0.20081632653061227,0.001996007984031936
PDGFA,PDGFRA,4,5,0.42487046632124353,0.4708029197080292,0.20003025604175334,0.001996007984031936
CXCL9,CXCR3,3,3,1.2456140350877194,0.1600877192982456,0.19940751000307788,0.001996007984031936
PDGFA,PDGFRA,3,4,0.12719298245614036,1.5647668393782384,0.19902736114898648,0.001996007984031936
CCL2,CCR2,3,9,0.631578947368421,0.3142857142857143,0.19849624060150375,0.001996007984031936
FGF2,FGFR1,4,10,0.45595854922279794,0.43478260869565216,0.198242847488173,0.001996007984031936
CCL2,CCR2,3,3,0.631578947368421,0.31140350877192985,0.19667590027700832,0.001996007984031936
IL1B,IL1R1,8,9,0.1569767441860465,1.25,0.19622093023255816,0.001996007984031936
BMP4,BMPR1A,5,4,0.23357664233576642,0.8367875647668394,0.195454029726561,0.001996007984031936
CD86,CD28,8,9,0.28488372093023256,0.6857142857142857,0.19534883720930232,0.001996007984031936
PDGFA,PDGFRA,6,4,0.12444444444444444,1.5647668393782384,0.1947265400115141,0.001996007984031936
CD86,CD28,9,4,0.6642857142857143,0.2927461139896373,0.19446706143597334,0.001996007984031936
BMP4,BMPR1A,10,4,0.2318840579710145,0.8367875647668394,0.19403769617781783,0.001996007984031936
CXCL10,CXCR3,4,3,1.2098445595854923,0.1600877192982456,0.1936812562494319,0.005988023952095809
SELE,CD44,3,3,0.1513157894736842,1.2785087719298245,0.19345856417359186,0.001996007984031936
SELE,CD44,3,4,0.1513157894736842,1.2720207253886011,0.19247682028906465,0.001996007984031936
CXCL10,CXCR3,3,3,1.2017543859649122,0.1600877192982456,0.19238611880578638,0.001996007984031936
SELE,CD44,8,1,0.11627906976744186,1.654,0.19232558139534883,0.001996007984031936
PDGFA,PDGFRA,5,9,0.291970802919708,0.6571428571428571,0.19186652763295098,0.001996007984031936
HGF,MET,6,9,0.11555555555555555,1.6571428571428573,0.1914920634920635,0.001996007984031936
CXCL9,CXCR3,8,7,3.686046511627907,0.05181347150259067,0.1909868658874563,0.011976047904191617
TGFB1,TGFBR1,1,8,0.48,0.3953488372093023,0.1897674418604651,0.001996007984031936
IL18,IL18R1,4,5,1.3316062176165804,0.14233576642335766,0.18953519155856435,0.001996007984031936
CD86,CD28,1,4,0.646,0.2927461139896373,0.1891139896373057,0.001996007984031936
CXCL11,CXCR3,9,9,2.0357142857142856,0.09285714285714286,0.18903061224489795,0.001996007984031936
BMP7,BMPR2,8,6,0.23255813953488372,0.8088888888888889,0.18811369509043926,0.001996007984031936
ANGPT1,TEK,8,9,0.28488372093023256,0.6571428571428571,0.1872093023255814,0.003992015968063872
BMP7,BMPR2,5,5,0.17518248175182483,1.0656934306569343,0.186690819969098,0.001996007984031936
FGF2,FGFR1,10,9,0.2898550724637681,0.6428571428571429,0.1863354037267081,0.017964071856287425
CD86,CD28,4,9,0.2694300518134715,0.6857142857142857,0.1847520355292376,0.001996007984031936
FASLG,FAS,3,9,0.16666666666666666,1.1071428571428572,0.18452380952380953,0.001996007984031936
SELE,CD44,5,9,0.072992700729927,2.5214285714285714,0.18404588112617307,0.001996007984031936
BMP7,BMPR2,8,3,0.23255813953488372,0.7872807017543859,0.18308853529171765,0.001996007984031936
IFNG,IFNGR1,9,1,0.3,0.606,0.1818,0.001996007984031936
ANGPT1,TEK,4,2,0.7746113989637305,0.2345415778251599,0.18167857971430781,0.001996007984031936
CXCL10,CXCR3,1,6,4.518,0.04,0.18072,0.01996007984031936
IL18,IL18R1,4,9,1.3316062176165804,0.1357142857142857,0.1807179866765359,0.001996007984031936
TNF,TNFRSF1A,8,8,0.11627906976744186,1.552325581395349,0.1805029745808545,0.007984031936127744
FASLG,FAS,8,9,0.16279069767441862,1.1071428571428572,0.1802325581395349,0.001996007984031936
BMP7,BMPR2,4,6,0.22279792746113988,0.8088888888888889,0.1802187679907887,0.001996007984031936
IL1B,IL1R1,9,8,0.36428571428571427,0.4941860465116279,0.18002491694352157,0.001996007984031936
TGFB1,TGFBR1,7,4,0.11398963730569948,1.5647668393782384,0.1783672044887111,0.001996007984031936
CCL5,CCR5,3,7,2.4473684210526314,0.07253886010362694,0.17752931551677117,0.001996007984031936
BMP4,BMPR1A,4,5,0.30310880829015546,0.583941605839416,0.17699784425702508,0.001996007984031936
FGF2,FGFR1,10,1,0.2898550724637681,0.61,0.17681159420289855,0.005988023952095809
CXCL10,CXCR3,9,2,5.9071428571428575,0.029850746268656716,0.17633262260127933,0.027944111776447105
CD40LG,CD40,3,9,0.12719298245614036,1.3857142857142857,0.17625313283208022,0.001996007984031936
HGF,MET,4,6,0.4119170984455959,0.4266666666666667,0.17575129533678757,0.001996007984031936
BMP7,BMPR2,4,3,0.22279792746113988,0.7872807017543859,0.17540450868102897,0.001996007984031936
TNF,TNFRSF1A,9,7,0.29285714285714287,0.5958549222797928,0.17450037009622502,0.015968063872255488
WNT5A,FZD5,5,4,0.3357664233576642,0.5181347150259067,0.1739722400816913,0.001996007984031936
TNF,TNFRSF1A,4,5,0.18911917098445596,0.9197080291970803,0.17393442002949963,0.001996007984031936
ANGPT1,TEK,7,4,0.16062176165803108,1.077720207253886,0.17310531826357753,0.003992015968063872
TNF,TNFRSF1B,5,9,0.145985401459854,1.1714285714285715,0.17101147028154326,0.001996007984031936
FGF2,FGFR1,5,3,0.46715328467153283,0.3618421052631579,0.16903572800614675,0.001996007984031936
WNT5A,FZD5,4,4,0.3238341968911917,0.5181347150259067,0.16778973932186098,0.001996007984031936
TGFB1,TGFBR1,7,9,0.11398963730569948,1.4714285714285715,0.1677276091783864,0.007984031936127744
CCL2,CCR2,3,4,0.631578947368421,0.26424870466321243,0.16689391873466047,0.001996007984031936
CXCL11,CXCR3,1,5,2.85,0.058394160583941604,0.16642335766423358,0.001996007984031936
FASLG,FAS,4,9,0.15025906735751296,1.1071428571428572,0.16635825314581792,0.001996007984031936
BMP7,BMPR2,9,9,0.12857142857142856,1.292857142857143,0.16622448979591836,0.007984031936127744
FGF2,FGFR1,9,8,0.22857142857142856,0.7267441860465116,0.1661129568106312,0.011976047904191617
FGF2,FGFR1,10,5,0.2898550724637681,0.572992700729927,0.1660848407912832,0.023952095808383235
CXCL11,CXCR3,1,8,2.85,0.05813953488372093,0.16569767441860464,0.001996007984031936
FASLG,FAS,5,9,0.14963503649635038,1.1071428571428572,0.16566736183524508,0.001996007984031936
CXCL11,CXCR3,3,3,1.0328947368421053,0.1600877192982456,0.1653537626962142,0.001996007984031936
FGF2,FGFR1,4,3,0.45595854922279794,0.3618421052631579,0.1649850013635124,0.001996007984031936
FGF2,FGFR1,8,8,0.22674418604651161,0.7267441860465116,0.16478501892915087,0.005988023952095809
BMP7,BMPR2,5,1,0.17518248175182483,0.94,0.16467153284671532,0.001996007984031936
ANGPT1,TEK,4,7,0.7746113989637305,0.21243523316062177,0.16455475314773552,0.00998003992015968
TNF,TNFRSF1A,5,3,0.145985401459854,1.1271929824561404,0.16455372006658983,0.003992015968063872
ANGPT1,TEK,9,5,0.22857142857142856,0.7153284671532847,0.1635036496350365,0.01996007984031936
SELE,CD44,9,6,0.4714285714285714,0.3466666666666667,0.16342857142857142,0.013972055888223553
TNF,TNFRSF1A,3,9,0.06359649122807018,2.557142857142857,0.162625313283208,0.001996007984031936
IL18,IL18R1,4,8,1.3316062176165804,0.12209302325581395,0.1625798288950476,0.001996007984031936
CXCL9,CXCR3,4,3,1.0129533678756477,0.1600877192982456,0.1621613944186892,0.013972055888223553
PDGFA,PDGFRA,7,4,0.10362694300518134,1.5647668393782384,0.16215200408064645,0.001996007984031936
IFNG,IFNGR1,10,9,0.07246376811594203,2.2285714285714286,0.16149068322981366,0.003992015968063872
SELE,CD44,2,9,0.06396588486140725,2.5214285714285714,0.16128540968626257,0.001996007984031936
PDGFA,PDGFRA,9,9,0.24285714285714285,0.6571428571428571,0.15959183673469388,0.005988023952095809
FGF2,FGFR1,3,8,0.21929824561403508,0.7267441860465116,0.1593737250101999,0.001996007984031936
FGF2,FGFR1,2,4,0.11940298507462686,1.33419689119171,0.1593070914855773,0.001996007984031936
HGF,MET,6,4,0.11555555555555555,1.3756476683937824,0.15896373056994817,0.001996007984031936
TNF,TNFRSF1A,4,2,0.18911917098445596,0.8400852878464818,0.1588762331937647,0.003992015968063872
CXCL9,CXCR3,3,4,1.2456140350877194,0.12694300518134716,0.1581219889100991,0.013972055888223553
CCL5,CCR5,1,6,3.202,0.04888888888888889,0.15654222222222222,0.023952095808383235
BMP4,BMPR1A,8,5,0.26744186046511625,0.583941605839416,0.156170429468681,0.001996007984031936
IFNG,IFNGR1,8,9,0.06976744186046512,2.2285714285714286,0.15548172757475084,0.001996007984031936
SELE,CD44,9,7,0.4714285714285714,0.32642487046632124,0.15388601036269428,0.017964071856287425
ANGPT1,TEK,4,3,0.7746113989637305,0.19736842105263158,0.15288382874284157,0.005988023952095809
CXCL10,CXCR3,3,4,1.2017543859649122,0.12694300518134716,0.15255431324425053,0.04790419161676647
FGF2,FGFR1,5,6,0.46715328467153283,0.3244444444444444,0.15156528791565285,0.003992015968063872
TNF,TNFRSF1B,9,8,0.29285714285714287,0.5174418604651163,0.15153654485049836,0.001996007984031936
WNT7B,FZD1,5,4,0.20437956204379562,0.7409326424870466,0.15143148897545478,0.001996007984031936
CCL5,CCR5,8,3,0.9186046511627907,0.16447368421052633,0.15108629130966952,0.015968063872255488
CXCL11,CXCR3,8,3,0.936046511627907,0.1600877192982456,0.14984955120359036,0.001996007984031936
TNF,TNFRSF1A,4,6,0.18911917098445596,0.7911111111111111,0.14961427748992517,0.005988023952095809
CXCL9,CXCR3,3,1,1.2456140350877194,0.12,0.14947368421052631,0.021956087824351298
HGF,MET,9,6,0.35,0.4266666666666667,0.14933333333333335,0.005988023952095809
TNF,TNFRSF1B,9,4,0.29285714285714287,0.5077720207253886,0.14870466321243525,0.001996007984031936
SELE,CD44,8,3,0.11627906976744186,1.2785087719298245,0.14866381068951448,0.021956087824351298
IL18,IL18R1,9,5,1.042857142857143,0.14233576642335766,0.14843587069864442,0.001996007984031936
FGF2,FGFR1,4,6,0.45595854922279794,0.3244444444444444,0.14793321819228555,0.005988023952095809
SELE,CD44,8,4,0.11627906976744186,1.2720207253886011,0.14790938667309314,0.01996007984031936
IL1B,IL1R1,9,1,0.36428571428571427,0.406,0.1479,0.001996007984031936
CD86,CD28,9,5,0.6642857142857143,0.22262773722627738,0.14788842544316996,0.001996007984031936
CXCL11,CXCR3,1,7,2.85,0.05181347150259067,0.14766839378238342,0.001996007984031936
TNF,TNFRSF1A,2,9,0.057569296375266525,2.557142857142857,0.14721291501675296,0.005988023952095809
BMP7,BMPR2,3,4,0.06359649122807018,2.3108808290155443,0.1469639123716026,0.001996007984031936
FGF2,FGFR1,9,9,0.22857142857142856,0.6428571428571429,0.1469387755102041,0.0499001996007984
ANGPT1,TEK,2,8,0.09808102345415778,1.494186046511628,0.14655129667278227,0.033932135728542916
HGF,MET,4,8,0.4119170984455959,0.3546511627906977,0.14608687793710087,0.001996007984031936
ANGPT1,TEK,3,5,0.20394736842105263,0.7153284671532847,0.1458893584325778,0.011976047904191617
FGF2,FGFR1,8,9,0.22674418604651161,0.6428571428571429,0.1457641196013289,0.015968063872255488
CCL5,CCR5,8,4,0.9186046511627907,0.15803108808290156,0.14516809254127003,0.03792415169660679
CXCL9,CXCR3,1,5,2.486,0.058394160583941604,0.14516788321167884,0.04590818363273453
ANGPT1,TEK,1,5,0.202,0.7153284671532847,0.14449635036496353,0.007984031936127744
ANGPT1,TEK,5,6,0.5145985401459854,0.28,0.14408759124087592,0.023952095808383235
CD86,CD28,1,5,0.646,0.22262773722627738,0.14381751824817518,0.001996007984031936
SELE,CD44,9,10,0.4714285714285714,0.30434782608695654,0.14347826086956522,0.04790419161676647
TNF,TNFRSF1B,4,1,0.18911917098445596,0.758,0.14335233160621763,0.001996007984031936
CCL2,CCR2,3,5,0.631578947368421,0.22627737226277372,0.14291202458701496,0.001996007984031936
TNF,TNFRSF1B,9,3,0.29285714285714287,0.4868421052631579,0.14257518796992483,0.001996007984031936
BMP7,BMPR2,5,6,0.17518248175182483,0.8088888888888889,0.14170316301703165,0.003992015968063872
BMP7,BMPR2,8,10,0.23255813953488372,0.6086956521739131,0.14155712841253792,0.015968063872255488
IL18,IL18R1,9,9,1.042857142857143,0.1357142857142857,0.14153061224489796,0.001996007984031936
FASLG,FAS,3,4,0.16666666666666666,0.8471502590673575,0.1411917098445596,0.001996007984031936
FGF2,FGFR1,3,9,0.21929824561403508,0.6428571428571429,0.14097744360902256,0.00998003992015968
CD274,PDCD1,9,5,0.7714285714285715,0.18248175182481752,0.14077163712200208,0.001996007984031936
SELE,CD44,4,5,0.23575129533678757,0.5948905109489051,0.1402462085397678,0.001996007984031936
PDGFA,PDGFRA,8,6,0.5,0.28,0.14,0.001996007984031936
CD274,PDCD1,9,4,0.7714285714285715,0.18134715025906736,0.13989637305699482,0.001996007984031936
FGF2,FGFR1,9,1,0.22857142857142856,0.61,0.13942857142857143,0.021956087824351298
IL6,IL6R,4,9,0.19689119170984457,0.7071428571428572,0.13923019985196153,0.001996007984031936
PDGFA,PDGFRA,5,8,0.291970802919708,0.47674418604651164,0.13919538278730265,0.001996007984031936
CD40LG,CD40,4,4,0.24093264248704663,0.5777202072538861,0.139191656151843,0.001996007984031936
FGF2,FGFR1,8,1,0.22674418604651161,0.61,0.13831395348837208,0.01996007984031936
BMP7,BMPR2,5,3,0.17518248175182483,0.7872807017543859,0.13791778716865155,0.003992015968063872
FASLG,FAS,8,4,0.16279069767441862,0.8471502590673575,0.1379081817086396,0.001996007984031936
TNF,TNFRSF1A,3,4,0.06359649122807018,2.1632124352331608,0.13757272066175805,0.007984031936127744
PDGFA,PDGFRA,5,5,0.291970802919708,0.4708029197080292,0.1374607064840961,0.001996007984031936
FASLG,FAS,1,9,0.124,1.1071428571428572,0.1372857142857143,0.001996007984031936
BMP7,BMPR2,9,5,0.12857142857142856,1.0656934306569343,0.13701772679874868,0.029940119760479042
CD40LG,CD40,5,9,0.09854014598540146,1.3857142857142857,0.13654848800834202,0.001996007984031936
BMP4,BMPR1A,5,5,0.23357664233576642,0.583941605839416,0.13639511961212636,0.001996007984031936
SELE,CD44,3,8,0.1513157894736842,0.9011627906976745,0.13636015911872706,0.005988023952095809
HGF,MET,5,5,0.20072992700729927,0.6788321167883211,0.13626192125313016,0.001996007984031936
TNF,TNFRSF1B,8,9,0.11627906976744186,1.1714285714285715,0.1362126245847176,0.001996007984031936
BMP7,BMPR2,4,10,0.22279792746113988,0.6086956521739131,0.1356161297589547,0.007984031936127744
BMP4,BMPR1A,10,5,0.2318840579710145,0.583941605839416,0.13540674918015444,0.001996007984031936
IL6,IL6R,4,4,0.19689119170984457,0.6839378238341969,0.13466133319015275,0.001996007984031936
TNF,TNFRSF1A,5,5,0.145985401459854,0.9197080291970803,0.13426394586818688,0.04790419161676647
IL15,IL15RA,9,9,0.40714285714285714,0.32857142857142857,0.13377551020408163,0.001996007984031936
FGF2,FGFR1,3,1,0.21929824561403508,0.61,0.1337719298245614,0.001996007984031936
IL18,IL18R1,4,1,1.3316062176165804,0.1,0.13316062176165805,0.001996007984031936
TNF,TNFRSF1A,3,1,0.06359649122807018,2.078,0.13215350877192983,0.011976047904191617
CD40LG,CD40,9,4,0.22857142857142856,0.5777202072538861,0.13205033308660252,0.001996007984031936
FGF2,FGFR1,5,2,0.46715328467153283,0.2814498933901919,0.13148024216768087,0.015968063872255488
CXCL11,CXCR3,3,4,1.0328947368421053,0.12694300518134716,0.13111876193073357,0.001996007984031936
FGF2,FGFR1,5,7,0.46715328467153283,0.27979274611398963,0.13070610037441852,0.029940119760479042
BMP7,BMPR2,8,2,0.23255813953488372,0.55863539445629,0.1299152080130907,0.013972055888223553
FGF2,FGFR1,4,2,0.45595854922279794,0.2814498933901919,0.12832948506910305,0.007984031936127744
FGF2,FGFR1,4,7,0.45595854922279794,0.27979274611398963,0.12757389460119734,0.033932135728542916
IL18,IL18R1,9,8,1.042857142857143,0.12209302325581395,0.12732558139534883,0.001996007984031936
FASLG,FAS,4,4,0.15025906735751296,0.8471502590673575,0.12729200783913663,0.001996007984031936
IFNG,IFNGR1,4,5,0.18134715025906736,0.7007299270072993,0.127075375364018,0.001996007984031936
HGF,MET,6,1,0.11555555555555555,1.098,0.12688,0.001996007984031936
FASLG,FAS,5,4,0.14963503649635038,0.8471502590673575,0.1267633599334367,0.001996007984031936
FASLG,FAS,9,9,0.11428571428571428,1.1071428571428572,0.12653061224489795,0.001996007984031936
FGF2,FGFR1,3,5,0.21929824561403508,0.572992700729927,0.12565629401972084,0.02594810379241517
IFNG,IFNGR1,9,6,0.3,0.4177777777777778,0.12533333333333332,0.001996007984031936
PDGFA,PDGFRA,1,9,0.19,0.6571428571428571,0.12485714285714286,0.003992015968063872
TNF,TNFRSF1A,2,4,0.057569296375266525,2.1632124352331608,0.12453461780659987,0.02594810379241517
BMP7,BMPR2,4,2,0.22279792746113988,0.55863539445629,0.12446280809129776,0.007984031936127744
HGF,MET,9,8,0.35,0.3546511627906977,0.12412790697674418,0.021956087824351298
CXCL11,CXCR3,3,1,1.0328947368421053,0.12,0.12394736842105264,0.001996007984031936
HGF,MET,5,3,0.20072992700729927,0.6162280701754386,0.12369541554616469,0.001996007984031936
IL18,IL18R1,4,3,1.3316062176165804,0.09210526315789473,0.12264794109626398,0.001996007984031936
IFNG,IFNGR1,4,8,0.18134715025906736,0.6744186046511628,0.12230389203518496,0.001996007984031936
CD40LG,CD40,8,9,0.0872093023255814,1.3857142857142857,0.12084717607973422,0.001996007984031936
SELE,CD44,5,1,0.072992700729927,1.654,0.12072992700729926,0.03992015968063872
FASLG,FAS,3,1,0.16666666666666666,0.722,0.12033333333333332,0.001996007984031936
TNF,TNFRSF1A,2,1,0.057569296375266525,2.078,0.11962899786780383,0.04790419161676647
CCL2,CCR2,9,10,1.0285714285714285,0.11594202898550725,0.11925465838509315,0.003992015968063872
BMP4,BMPR1A,4,9,0.30310880829015546,0.39285714285714285,0.11907846039970393,0.001996007984031936
PDGFA,PDGFRA,4,6,0.42487046632124353,0.28,0.1189637305699482,0.001996007984031936
CXCL11,CXCR3,9,5,2.0357142857142856,0.058394160583941604,0.11887382690302398,0.005988023952095809
CXCL11,CXCR3,8,4,0.936046511627907,0.12694300518134716,0.11882455717556333,0.001996007984031936
CCL2,CCR2,4,10,1.0233160621761659,0.11594202898550725,0.11864534054216416,0.001996007984031936
CXCL11,CXCR3,9,8,2.0357142857142856,0.05813953488372093,0.11835548172757474,0.02594810379241517
IL1B,IL1R1,4,5,0.20466321243523317,0.5766423357664233,0.11801747286411254,0.001996007984031936
FASLG,FAS,8,1,0.16279069767441862,0.722,0.11753488372093024,0.001996007984031936
BMP4,BMPR1A,3,4,0.14035087719298245,0.8367875647668394,0.11744386873920552,0.001996007984031936
HGF,MET,3,9,0.07017543859649122,1.6571428571428573,0.11629072681704261,0.005988023952095809
IL6,IL6R,9,9,0.16428571428571428,0.7071428571428572,0.11617346938775511,0.001996007984031936
SELE,CD44,4,2,0.23575129533678757,0.4925373134328358,0.11611630964349239,0.029940119760479042
IFNG,IFNGR1,10,4,0.07246376811594203,1.5984455958549222,0.11582939100397988,0.015968063872255488
PDGFA,PDGFRA,9,8,0.24285714285714285,0.47674418604651164,0.11578073089700996,0.01996007984031936
CCL2,CCR2,9,1,1.0285714285714285,0.112,0.1152,0.001996007984031936
CCL2,CCR2,4,1,1.0233160621761659,0.112,0.11461139896373058,0.001996007984031936
PDGFA,PDGFRA,9,5,0.24285714285714285,0.4708029197080292,0.11433785192909279,0.007984031936127744
CXCL11,CXCR3,1,6,2.85,0.04,0.114,0.007984031936127744
CCL2,CCR2,9,8,1.0285714285714285,0.11046511627906977,0.11362126245847175,0.003992015968063872
BMP7,BMPR2,2,4,0.04904051172707889,2.3108808290155443,0.1133267783952186,0.005988023952095809
CCL2,CCR2,4,8,1.0233160621761659,0.11046511627906977,0.11304072779852996,0.001996007984031936
IL1B,IL1R1,2,4,0.08102345415778252,1.3937823834196892,0.11292906304893004,0.001996007984031936
IFNG,IFNGR1,5,5,0.16058394160583941,0.7007299270072993,0.11252597368000426,0.001996007984031936
IL6,IL6R,9,4,0.16428571428571428,0.6839378238341969,0.11236121391561806,0.001996007984031936
CXCL11,CXCR3,8,1,0.936046511627907,0.12,0.11232558139534883,0.003992015968063872
HGF,MET,4,2,0.4119170984455959,0.27078891257995735,0.11154258316117414,0.003992015968063872
IFNG,IFNGR1,8,4,0.06976744186046512,1.5984455958549222,0.1115194601759248,0.001996007984031936
IFNG,IFNGR1,1,5,0.158,0.7007299270072993,0.11071532846715329,0.001996007984031936
TNF,TNFRSF1B,5,1,0.145985401459854,0.758,0.11065693430656934,0.001996007984031936
CD80,CD28,4,9,0.16062176165803108,0.6857142857142857,0.11014063656550703,0.001996007984031936
IFNG,IFNGR1,4,1,0.18134715025906736,0.606,0.10989637305699482,0.001996007984031936
CD86,CD28,3,4,0.375,0.2927461139896373,0.10977979274611399,0.001996007984031936
CD80,CD28,3,9,0.1600877192982456,0.6857142857142857,0.10977443609022557,0.001996007984031936
IFNG,IFNGR1,9,3,0.3,0.36403508771929827,0.10921052631578948,0.003992015968063872
FASLG,FAS,4,1,0.15025906735751296,0.722,0.10848704663212436,0.001996007984031936
IFNG,IFNGR1,5,8,0.16058394160583941,0.6744186046511628,0.10830079782719403,0.001996007984031936
FASLG,FAS,5,1,0.14963503649635038,0.722,0.10803649635036497,0.001996007984031936
BMP4,BMPR1A,9,4,0.12857142857142856,0.8367875647668394,0.10758697261287933,0.001996007984031936
IFNG,IFNGR1,1,8,0.158,0.6744186046511628,0.10655813953488372,0.001996007984031936
BMP7,BMPR2,3,8,0.06359649122807018,1.6686046511627908,0.10611740106079152,0.041916167664670656
WNT7B,FZD1,4,4,0.14248704663212436,0.7409326424870466,0.10557330398131494,0.001996007984031936
IL6,IL6R,3,9,0.14912280701754385,0.7071428571428572,0.10545112781954888,0.001996007984031936
BMP4,BMPR1A,8,9,0.26744186046511625,0.39285714285714285,0.10506644518272425,0.001996007984031936
FASLG,FAS,1,4,0.124,0.8471502590673575,0.10504663212435233,0.001996007984031936
CD86,CD28,9,3,0.6642857142857143,0.15789473684210525,0.10488721804511277,0.001996007984031936
IL18,IL18R1,9,1,1.042857142857143,0.1,0.1042857142857143,0.001996007984031936
IL1B,IL1R1,5,5,0.17883211678832117,0.5766423357664233,0.10312216953487133,0.001996007984031936
CD274,PDCD1,4,1,0.25647668393782386,0.402,0.10310362694300519,0.001996007984031936
FASLG,FAS,3,8,0.16666666666666666,0.6162790697674418,0.10271317829457363,0.001996007984031936
CD86,CD28,1,3,0.646,0.15789473684210525,0.102,0.001996007984031936
IL6,IL6R,3,4,0.14912280701754385,0.6839378238341969,0.10199072811562584,0.001996007984031936
IL1B,IL1R1,2,9,0.08102345415778252,1.25,0.10127931769722814,0.001996007984031936
IL1B,IL1R1,3,5,0.17543859649122806,0.5766423357664233,0.10116532206428479,0.001996007984031936
IL1B,IL1R1,4,8,0.20466321243523317,0.4941860465116279,0.10114170381973732,0.001996007984031936
CXCL13,CXCR5,1,4,0.66,0.15284974093264247,0.10088082901554404,0.001996007984031936
IL18,IL18R1,4,6,1.3316062176165804,0.07555555555555556,0.10061024755325274,0.001996007984031936
CD274,PDCD1,8,1,0.25,0.402,0.1005,0.001996007984031936
FASLG,FAS,8,8,0.16279069767441862,0.6162790697674418,0.10032449972958356,0.003992015968063872
WNT7B,FZD1,5,8,0.20437956204379562,0.4883720930232558,0.09981327448650483,0.001996007984031936
BMP4,BMPR1A,7,4,0.11917098445595854,0.8367875647668394,0.09972079787376842,0.001996007984031936
PDGFA,PDGFRA,2,9,0.1513859275053305,0.6571428571428571,0.09948218093207432,0.031936127744510975
CD40LG,CD40,4,8,0.24093264248704663,0.4127906976744186,0.09945475358476925,0.001996007984031936
CCL19,CCR7,9,3,0.5142857142857142,0.19298245614035087,0.09924812030075186,0.001996007984031936
CD274,PDCD1,9,8,0.7714285714285715,0.12790697674418605,0.09867109634551496,0.001996007984031936
IL15,IL15RA,4,9,0.2979274611398964,0.32857142857142857,0.09789045151739452,0.001996007984031936
TNF,TNFRSF1B,4,8,0.18911917098445596,0.5174418604651163,0.09785817568381734,0.001996007984031936
IFNG,IFNGR1,5,1,0.16058394160583941,0.606,0.09731386861313868,0.001996007984031936
FASLG,FAS,9,4,0.11428571428571428,0.8471502590673575,0.09681717246484085,0.001996007984031936
HGF,MET,3,4,0.07017543859649122,1.3756476683937824,0.0965366784837742,0.021956087824351298
CD274,PDCD1,4,3,0.25647668393782386,0.375,0.09617875647668395,0.001996007984031936
IL18,IL18R1,9,3,1.042857142857143,0.09210526315789473,0.09605263157894738,0.001996007984031936
TNF,TNFRSF1B,4,4,0.18911917098445596,0.5077720207253886,0.09602942360868749,0.001996007984031936
IFNG,IFNGR1,1,1,0.158,0.606,0.095748,0.001996007984031936
IL6,IL6R,5,9,0.13503649635036497,0.7071428571428572,0.09549009384775808,0.001996007984031936
C5,C5AR1,4,4,0.3290155440414508,0.29015544041450775,0.09546565008456602,0.001996007984031936
WNT5A,FZD5,3,4,0.18421052631578946,0.5181347150259067,0.09544586855740386,0.001996007984031936
CD86,CD28,5,9,0.1386861313868613,0.6857142857142857,0.09509906152241919,0.001996007984031936
CD40LG,CD40,9,8,0.22857142857142856,0.4127906976744186,0.09435215946843854,0.001996007984031936
CD274,PDCD1,8,3,0.25,0.375,0.09375,0.001996007984031936
CXCL13,CXCR5,1,3,0.66,0.14035087719298245,0.09263157894736843,0.001996007984031936
FASLG,FAS,4,8,0.15025906735751296,0.6162790697674418,0.09260151825521147,0.001996007984031936
IL6,IL6R,5,4,0.13503649635036497,0.6839378238341969,0.09235656745206308,0.001996007984031936
FASLG,FAS,5,8,0.14963503649635038,0.6162790697674418,0.09221694109658803,0.001996007984031936
TNF,TNFRSF1B,4,3,0.18911917098445596,0.4868421052631579,0.09207117534769567,0.001996007984031936
IL1B,IL1R1,1,4,0.066,1.3937823834196892,0.09198963730569949,0.001996007984031936
BMP4,BMPR1A,5,9,0.23357664233576642,0.39285714285714285,0.09176225234619395,0.001996007984031936
CCL2,CCR2,5,9,0.291970802919708,0.3142857142857143,0.09176225234619394,0.003992015968063872
C5,C5AR1,4,9,0.3290155440414508,0.2785714285714286,0.09165433012583273,0.001996007984031936
CCL2,CCR2,9,6,1.0285714285714285,0.08888888888888889,0.09142857142857143,0.013972055888223553
BMP4,BMPR1A,10,9,0.2318840579710145,0.39285714285714285,0.09109730848861283,0.003992015968063872
CCL2,CCR2,4,6,1.0233160621761659,0.08888888888888889,0.09096142774899253,0.001996007984031936
CCL2,CCR2,5,3,0.291970802919708,0.31140350877192985,0.09092073248815469,0.001996007984031936
PDGFA,PDGFRA,1,8,0.19,0.47674418604651164,0.09058139534883722,0.03792415169660679
IL1B,IL1R1,8,5,0.1569767441860465,0.5766423357664233,0.09051943642845017,0.001996007984031936
CD40LG,CD40,4,1,0.24093264248704663,0.372,0.08962694300518134,0.001996007984031936
FASLG,FAS,1,1,0.124,0.722,0.089528,0.001996007984031936
PDGFA,PDGFRA,1,5,0.19,0.4708029197080292,0.08945255474452554,0.013972055888223553
IFNG,IFNGR1,3,5,0.12719298245614036,0.7007299270072993,0.08912792931233193,0.001996007984031936
IL1B,IL1R1,9,6,0.36428571428571427,0.24444444444444444,0.08904761904761904,0.00998003992015968
WNT5A,FZD5,5,9,0.3357664233576642,0.2642857142857143,0.08873826903023983,0.001996007984031936
IL1B,IL1R1,5,8,0.17883211678832117,0.4941860465116279,0.08837633678492615,0.003992015968063872
TNF,TNFRSF1B,8,1,0.11627906976744186,0.758,0.08813953488372094,0.001996007984031936
IL1B,IL1R1,3,8,0.17543859649122806,0.4941860465116279,0.08669930640554875,0.001996007984031936
CD40LG,CD40,7,9,0.06217616580310881,1.3857142857142857,0.08615840118430791,0.001996007984031936
IFNG,IFNGR1,3,8,0.12719298245614036,0.6744186046511628,0.08578131374949001,0.011976047904191617
CD80,CD28,9,4,0.29285714285714287,0.2927461139896373,0.08573279052553665,0.001996007984031936
BMP4,BMPR1A,2,4,0.1023454157782516,0.8367875647668394,0.0856413712341328,0.001996007984031936
WNT5A,FZD5,4,9,0.3238341968911917,0.2642857142857143,0.08558475203552923,0.001996007984031936
CXCL11,CXCR3,1,2,2.85,0.029850746268656716,0.08507462686567165,0.0499001996007984
CD40LG,CD40,9,1,0.22857142857142856,0.372,0.08502857142857143,0.001996007984031936
CCL21,CCR7,4,3,0.44041450777202074,0.19298245614035087,0.08499227342968821,0.001996007984031936
CD86,CD28,3,5,0.375,0.22262773722627738,0.08348540145985402,0.001996007984031936
CD86,CD28,8,4,0.28488372093023256,0.2927461139896373,0.08339860224123388,0.001996007984031936
IL1B,IL1R1,4,1,0.20466321243523317,0.406,0.08309326424870467,0.001996007984031936
CCL19,CCR7,9,5,0.5142857142857142,0.16058394160583941,0.08258602711157455,0.001996007984031936
FASLG,FAS,9,1,0.11428571428571428,0.722,0.0825142857142857,0.001996007984031936
IL1B,IL1R1,1,9,0.066,1.25,0.0825,0.001996007984031936
TNF,TNFRSF1B,9,5,0.29285714285714287,0.28102189781021897,0.0822992700729927,0.001996007984031936
CCL2,CCR2,8,9,0.2616279069767442,0.3142857142857143,0.08222591362126247,0.013972055888223553
BMP4,BMPR1A,1,4,0.098,0.8367875647668394,0.08200518134715026,0.001996007984031936
BMP4,BMPR1A,3,5,0.14035087719298245,0.583941605839416,0.08195671660904084,0.001996007984031936
CCL19,CCR7,8,3,0.42441860465116277,0.19298245614035087,0.08190534475724193,0.001996007984031936
CCL2,CCR2,8,3,0.2616279069767442,0.31140350877192985,0.08147184822521421,0.011976047904191617
CCL19,CCR7,9,4,0.5142857142857142,0.15803108808290156,0.08127313101406365,0.001996007984031936
BMP4,BMPR1A,4,3,0.30310880829015546,0.2631578947368421,0.07976547586583038,0.001996007984031936
WNT5A,FZD5,5,5,0.3357664233576642,0.23722627737226276,0.07965261867973786,0.001996007984031936
CD274,PDCD1,1,1,0.198,0.402,0.07959600000000001,0.001996007984031936
CD86,CD28,4,4,0.2694300518134715,0.2927461139896373,0.07887460066042042,0.001996007984031936
IL18,IL18R1,9,6,1.042857142857143,0.07555555555555556,0.0787936507936508,0.001996007984031936
CD86,CD28,7,9,0.11398963730569948,0.6857142857142857,0.07816432272390822,0.001996007984031936
CD274,PDCD1,5,1,0.19343065693430658,0.402,0.07775912408759125,0.001996007984031936
IL1B,IL1R1,8,8,0.1569767441860465,0.4941860465116279,0.0775757166035695,0.027944111776447105
CCL2,CCR2,5,4,0.291970802919708,0.26424870466321243,0.07715290647101092,0.007984031936127744
IFNG,IFNGR1,3,1,0.12719298245614036,0.606,0.07707894736842105,0.00998003992015968
WNT5A,FZD5,4,5,0.3238341968911917,0.23722627737226276,0.0768219810143338,0.001996007984031936
BMP4,BMPR1A,4,6,0.30310880829015546,0.25333333333333335,0.07678756476683939,0.001996007984031936
CD274,PDCD1,3,1,0.19078947368421054,0.402,0.07669736842105264,0.001996007984031936
FASLG,FAS,1,8,0.124,0.6162790697674418,0.07641860465116279,0.001996007984031936
IL6,IL6R,4,6,0.19689119170984457,0.38666666666666666,0.07613126079447323,0.001996007984031936
IFNG,IFNGR1,4,6,0.18134715025906736,0.4177777777777778,0.07576280944156592,0.04790419161676647
TNF,TNFRSF1B,5,8,0.145985401459854,0.5174418604651163,0.07553895773213376,0.001996007984031936
CD80,CD28,5,9,0.10948905109489052,0.6857142857142857,0.07507820646506778,0.001996007984031936
BMP4,BMPR1A,9,5,0.12857142857142856,0.583941605839416,0.07507820646506777,0.005988023952095809
TNF,TNFRSF1B,3,9,0.06359649122807018,1.1714285714285715,0.07449874686716793,0.001996007984031936
IL1B,IL1R1,6,4,0.05333333333333334,1.3937823834196892,0.0743350604490501,0.017964071856287425
CD274,PDCD1,1,3,0.198,0.375,0.07425000000000001,0.001996007984031936
TNF,TNFRSF1B,5,4,0.145985401459854,0.5077720207253886,0.07412730229567717,0.001996007984031936
CD40LG,CD40,3,4,0.12719298245614036,0.5777202072538861,0.0734819561858013,0.001996007984031936
CD80,CTLA4,9,9,0.29285714285714287,0.25,0.07321428571428572,0.001996007984031936
CD86,CD28,2,9,0.10660980810234541,0.6857142857142857,0.07310386841303686,0.003992015968063872
WNT7B,FZD1,5,5,0.20437956204379562,0.35766423357664234,0.07309925941712399,0.001996007984031936
CCL21,CCR7,9,3,0.37857142857142856,0.19298245614035087,0.07305764411027568,0.001996007984031936
IL1B,IL1R1,9,3,0.36428571428571427,0.19956140350877194,0.07269736842105264,0.033932135728542916
IL1B,IL1R1,5,1,0.17883211678832117,0.406,0.0726058394160584,0.015968063872255488
CCL19,CCR7,5,3,0.3759124087591241,0.19298245614035087,0.07254449993597131,0.001996007984031936
CD274,PDCD1,5,3,0.19343065693430658,0.375,0.07253649635036497,0.001996007984031936
CXCL13,CXCR5,1,5,0.66,0.10948905109489052,0.07226277372262774,0.001996007984031936
BMP4,BMPR1A,4,8,0.30310880829015546,0.23837209302325582,0.07225268104590915,0.001996007984031936
CD40LG,CD40,1,9,0.052,1.3857142857142857,0.07205714285714285,0.001996007984031936
CD274,PDCD1,3,3,0.19078947368421054,0.375,0.07154605263157895,0.001996007984031936
IL1B,IL1R1,3,1,0.17543859649122806,0.406,0.0712280701754386,0.005988023952095809
TNF,TNFRSF1B,5,3,0.145985401459854,0.4868421052631579,0.07107184018440262,0.001996007984031936
CCL2,CCR2,3,1,0.631578947368421,0.112,0.07073684210526315,0.00998003992015968
CCL21,CCR7,4,5,0.44041450777202074,0.16058394160583941,0.0707234975984267,0.001996007984031936
WNT7B,FZD1,5,1,0.20437956204379562,0.346,0.07071532846715328,0.001996007984031936
FASLG,FAS,9,8,0.11428571428571428,0.6162790697674418,0.07043189368770764,0.017964071856287425
CD86,CD28,9,1,0.6642857142857143,0.106,0.07041428571428571,0.001996007984031936
BMP4,BMPR1A,8,3,0.26744186046511625,0.2631578947368421,0.07037943696450427,0.005988023952095809
WNT5A,FZD5,5,6,0.3357664233576642,0.2088888888888889,0.07013787510137875,0.001996007984031936
CCL2,CCR2,3,8,0.631578947368421,0.11046511627906977,0.06976744186046512,0.043912175648702596
CD274,PDCD1,4,9,0.25647668393782386,0.2714285714285714,0.06961509992598075,0.001996007984031936
CCL21,CCR7,4,4,0.44041450777202074,0.15803108808290156,0.06959918387070795,0.001996007984031936
BMP4,BMPR1A,7,5,0.11917098445595854,0.583941605839416,0.06958889603267651,0.005988023952095809
WNT7B,FZD1,4,8,0.14248704663212436,0.4883720930232558,0.06958669719243282,0.001996007984031936
CCL19,CCR7,4,3,0.3601036269430052,0.19298245614035087,0.06949368239250976,0.001996007984031936
FASLG,FAS,3,3,0.16666666666666666,0.4166666666666667,0.06944444444444445,0.001996007984031936
CCL2,CCR2,8,4,0.2616279069767442,0.26424870466321243,0.0691348355223521,0.04790419161676647
C5,C5AR1,5,4,0.23722627737226276,0.29015544041450775,0.06883249498884307,0.001996007984031936
CD86,CD28,1,1,0.646,0.106,0.068476,0.001996007984031936
CCL19,CCR7,8,5,0.42441860465116277,0.16058394160583941,0.06815481242573417,0.001996007984031936
CCL19,CCR7,3,3,0.3530701754385965,0.19298245614035087,0.06813634964604492,0.001996007984031936
CD274,PDCD1,8,9,0.25,0.2714285714285714,0.06785714285714285,0.001996007984031936
FASLG,FAS,8,3,0.16279069767441862,0.4166666666666667,0.0678294573643411,0.015968063872255488
BMP4,BMPR1A,8,6,0.26744186046511625,0.25333333333333335,0.06775193798449612,0.00998003992015968
WNT5A,FZD5,4,6,0.3238341968911917,0.2088888888888889,0.06764536557282672,0.001996007984031936
TNF,TNFRSF1B,2,9,0.057569296375266525,1.1714285714285715,0.0674383186110265,0.001996007984031936
CCL19,CCR7,8,4,0.42441860465116277,0.15803108808290156,0.06707133389565008,0.001996007984031936
FASLG,FAS,3,5,0.16666666666666666,0.40145985401459855,0.06690997566909976,0.001996007984031936
CD80,CTLA4,9,1,0.29285714285714287,0.228,0.06677142857142858,0.001996007984031936
CCL19,CCR7,9,9,0.5142857142857142,0.12857142857142856,0.06612244897959182,0.001996007984031936
C5,C5AR1,5,9,0.23722627737226276,0.2785714285714286,0.0660844629822732,0.001996007984031936
C5,C5AR1,4,1,0.3290155440414508,0.2,0.06580310880829016,0.001996007984031936
CD86,CD28,9,8,0.6642857142857143,0.09883720930232558,0.06565614617940199,0.011976047904191617
FASLG,FAS,8,5,0.16279069767441862,0.40145985401459855,0.06535392972330674,0.02594810379241517
IL18,IL18R1,4,2,1.3316062176165804,0.04904051172707889,0.06530265033087708,0.001996007984031936
CD80,CD28,9,5,0.29285714285714287,0.22262773722627738,0.06519812304483838,0.001996007984031936
CD40LG,CD40,2,9,0.046908315565031986,1.3857142857142857,0.0650015229972586,0.001996007984031936
CD80,CD28,1,9,0.094,0.6857142857142857,0.06445714285714285,0.001996007984031936
CD86,CD28,1,8,0.646,0.09883720930232558,0.06384883720930233,0.005988023952095809
BMP4,BMPR1A,8,8,0.26744186046511625,0.23837209302325582,0.0637506760411033,0.027944111776447105
IL6,IL6R,1,9,0.09,0.7071428571428572,0.06364285714285714,0.001996007984031936
IL6,IL6R,9,6,0.16428571428571428,0.38666666666666666,0.06352380952380952,0.001996007984031936
CD86,CD28,8,5,0.28488372093023256,0.22262773722627738,0.06342301816329995,0.003992015968063872
WNT5A,FZD5,8,4,0.12209302325581395,0.5181347150259067,0.06326063381130256,0.001996007984031936
BMP4,BMPR1A,6,4,0.07555555555555556,0.8367875647668394,0.06322394933793897,0.003992015968063872
WNT5A,FZD5,9,4,0.12142857142857143,0.5181347150259067,0.06291635825314582,0.001996007984031936
IL18,IL18R1,1,4,0.258,0.24352331606217617,0.06282901554404145,0.001996007984031936
FASLG,FAS,4,3,0.15025906735751296,0.4166666666666667,0.06260794473229707,0.011976047904191617
FASLG,FAS,5,3,0.14963503649635038,0.4166666666666667,0.062347931873479326,0.013972055888223553
IL6,IL6R,1,4,0.09,0.6839378238341969,0.061554404145077714,0.001996007984031936
BMP4,BMPR1A,4,10,0.30310880829015546,0.2028985507246377,0.06150033791394459,0.03992015968063872
BMP4,BMPR1A,5,3,0.23357664233576642,0.2631578947368421,0.06146753745678063,0.005988023952095809
WNT7B,FZD1,5,2,0.20437956204379562,0.3006396588486141,0.06144460180847587,0.001996007984031936
CXCL13,CXCR5,9,4,0.4,0.15284974093264247,0.061139896373056994,0.001996007984031936
CCL21,CCR7,9,5,0.37857142857142856,0.16058394160583941,0.060792492179353494,0.001996007984031936
WNT7B,FZD1,5,3,0.20437956204379562,0.29605263157894735,0.06050710718401844,0.001996007984031936
CCL19,CCR7,5,5,0.3759124087591241,0.16058394160583941,0.06036549629708562,0.001996007984031936
FASLG,FAS,4,5,0.15025906735751296,0.40145985401459855,0.06032298324571688,0.007984031936127744
IL15,IL15RA,9,1,0.40714285714285714,0.148,0.060257142857142856,0.001996007984031936
IL6,IL6R,4,1,0.19689119170984457,0.306,0.060248704663212437,0.001996007984031936
TNF,TNFRSF1B,8,8,0.11627906976744186,0.5174418604651163,0.060167658193618176,0.007984031936127744
FASLG,FAS,5,5,0.14963503649635038,0.40145985401459855,0.06007245990729395,0.04590818363273453
CD86,CD28,4,5,0.2694300518134715,0.22262773722627738,0.059982602775991836,0.001996007984031936
CCL21,CCR7,9,4,0.37857142857142856,0.15803108808290156,0.059826054774241307,0.001996007984031936
BMP4,BMPR1A,2,5,0.1023454157782516,0.583941605839416,0.059763746439854944,0.003992015968063872
CXCL13,CXCR5,3,4,0.39035087719298245,0.15284974093264247,0.0596650304517771,0.001996007984031936
CCL19,CCR7,5,4,0.3759124087591241,0.15803108808290156,0.05940584698006883,0.001996007984031936
IL18,IL18R1,3,4,0.24342105263157895,0.24352331606217617,0.059278701936187624,0.001996007984031936
CD86,CD28,3,3,0.375,0.15789473684210525,0.05921052631578947,0.001996007984031936
BMP4,BMPR1A,5,6,0.23357664233576642,0.25333333333333335,0.059172749391727494,0.023952095808383235
TNF,TNFRSF1B,8,4,0.11627906976744186,0.5077720207253886,0.0590432582238824,0.001996007984031936
IL15,IL15RA,5,9,0.17883211678832117,0.32857142857142857,0.05875912408759124,0.001996007984031936
WNT7B,FZD1,5,7,0.20437956204379562,0.2849740932642487,0.05824288037517492,0.001996007984031936
CCL19,CCR7,4,5,0.3601036269430052,0.16058394160583941,0.05782685980106653,0.001996007984031936
IL6,IL6R,3,6,0.14912280701754385,0.38666666666666666,0.05766081871345029,0.001996007984031936
CXCL13,CXCR5,1,10,0.66,0.08695652173913043,0.05739130434782609,0.001996007984031936
BMP4,BMPR1A,1,5,0.098,0.583941605839416,0.05722627737226277,0.001996007984031936
CD40LG,CD40,5,4,0.09854014598540146,0.5777202072538861,0.05692863356151432,0.001996007984031936
CCL19,CCR7,4,4,0.3601036269430052,0.15803108808290156,0.05690756798840237,0.001996007984031936
WNT7B,FZD1,3,4,0.07675438596491228,0.7409326424870466,0.05686983001545314,0.001996007984031936
CCL19,CCR7,3,5,0.3530701754385965,0.16058394160583941,0.056697400435395055,0.001996007984031936
CCL21,CCR7,4,9,0.44041450777202074,0.12857142857142856,0.05662472242783123,0.001996007984031936
TNF,TNFRSF1B,8,3,0.11627906976744186,0.4868421052631579,0.05660954712362301,0.003992015968063872
C5,C5AR1,4,5,0.3290155440414508,0.17153284671532848,0.05643697288302258,0.001996007984031936
WNT5A,FZD5,5,1,0.3357664233576642,0.168,0.05640875912408759,0.001996007984031936
CXCL13,CXCR5,9,3,0.4,0.14035087719298245,0.056140350877192984,0.001996007984031936
WNT5A,FZD5,5,3,0.3357664233576642,0.16666666666666666,0.0559610705596107,0.001996007984031936
CD274,PDCD1,9,7,0.7714285714285715,0.07253886010362694,0.05595854922279792,0.007984031936127744
CD274,PDCD1,9,10,0.7714285714285715,0.07246376811594203,0.055900621118012424,0.027944111776447105
CD80,CTLA4,9,3,0.29285714285714287,0.19078947368421054,0.055874060150375944,0.001996007984031936
CCL19,CCR7,3,4,0.3530701754385965,0.15803108808290156,0.05579606399418235,0.001996007984031936
BMP4,BMPR1A,5,8,0.23357664233576642,0.23837209302325582,0.05567815311492107,0.033932135728542916
C5,C5AR1,4,3,0.3290155440414508,0.16885964912280702,0.05555744932278884,0.001996007984031936
C5,C5AR1,4,8,0.3290155440414508,0.1686046511627907,0.05547355103024461,0.001996007984031936
CD40LG,CD40,6,9,0.04,1.3857142857142857,0.05542857142857143,0.003992015968063872
BMP4,BMPR1A,3,9,0.14035087719298245,0.39285714285714285,0.05513784461152882,0.03792415169660679
CXCL13,CXCR5,3,3,0.39035087719298245,0.14035087719298245,0.054786088027085254,0.001996007984031936
CCL19,CCR7,8,9,0.42441860465116277,0.12857142857142856,0.05456810631229235,0.001996007984031936
WNT5A,FZD5,4,1,0.3238341968911917,0.168,0.054404145077720206,0.001996007984031936
WNT7B,FZD1,5,9,0.20437956204379562,0.2642857142857143,0.05401459854014599,0.001996007984031936
WNT5A,FZD5,4,3,0.3238341968911917,0.16666666666666666,0.053972366148531944,0.001996007984031936
CD274,PDCD1,1,9,0.198,0.2714285714285714,0.05374285714285714,0.001996007984031936
TNF,TNFRSF1B,4,5,0.18911917098445596,0.28102189781021897,0.05314662834234711,0.001996007984031936
CD40LG,CD40,3,8,0.12719298245614036,0.4127906976744186,0.05250407996736026,0.001996007984031936
CD274,PDCD1,5,9,0.19343065693430658,0.2714285714285714,0.05250260688216893,0.011976047904191617
IL6,IL6R,5,6,0.13503649635036497,0.38666666666666666,0.05221411192214112,0.003992015968063872
TNF,TNFRSF1B,6,9,0.044444444444444446,1.1714285714285715,0.05206349206349207,0.00998003992015968
CD80,CD28,8,9,0.0755813953488372,0.6857142857142857,0.05182724252491694,0.001996007984031936
CD274,PDCD1,3,9,0.19078947368421054,0.2714285714285714,0.05178571428571428,0.007984031936127744
FASLG,FAS,1,3,0.124,0.4166666666666667,0.051666666666666666,0.041916167664670656
CD40LG,CD40,4,6,0.24093264248704663,0.21333333333333335,0.05139896373056995,0.001996007984031936
IL6,IL6R,10,9,0.07246376811594203,0.7071428571428572,0.05124223602484473,0.029940119760479042
IL18,IL18R1,9,2,1.042857142857143,0.04904051172707889,0.0511422479439537,0.011976047904191617
WNT7B,FZD1,4,5,0.14248704663212436,0.35766423357664234,0.050962520328278055,0.001996007984031936
TNF,TNFRSF1B,9,10,0.29285714285714287,0.17391304347826086,0.05093167701863354,0.043912175648702596
WNT7B,FZD1,5,6,0.20437956204379562,0.24888888888888888,0.05086780210867802,0.001996007984031936
CD40LG,CD40,8,4,0.0872093023255814,0.5777202072538861,0.05038257621400169,0.001996007984031936
IL6,IL6R,9,1,0.16428571428571428,0.306,0.05027142857142857,0.001996007984031936
CD40LG,CD40,4,3,0.24093264248704663,0.20833333333333334,0.05019430051813471,0.001996007984031936
CD80,CD28,10,9,0.07246376811594203,0.6857142857142857,0.04968944099378882,0.001996007984031936
IL6,IL6R,10,4,0.07246376811594203,0.6839378238341969,0.04956071187204325,0.02594810379241517
CD274,PDCD1,9,2,0.7714285714285715,0.06396588486140725,0.04934511117879988,0.015968063872255488
WNT7B,FZD1,4,1,0.14248704663212436,0.346,0.049300518134715025,0.001996007984031936
IL18,IL18R1,5,4,0.20072992700729927,0.24352331606217617,0.048882417457736096,0.005988023952095809
CD40LG,CD40,9,6,0.22857142857142856,0.21333333333333335,0.04876190476190476,0.005988023952095809
WNT5A,FZD5,3,9,0.18421052631578946,0.2642857142857143,0.04868421052631579,0.001996007984031936
CCL21,CCR7,9,9,0.37857142857142856,0.12857142857142856,0.048673469387755096,0.003992015968063872
IL15,IL15RA,9,4,0.40714285714285714,0.11917098445595854,0.04851961509992598,0.001996007984031936
BMP4,BMPR1A,4,1,0.30310880829015546,0.16,0.04849740932642488,0.03592814371257485
IL6,IL6R,4,3,0.19689119170984457,0.24561403508771928,0.048359240069084625,0.001996007984031936
CCL19,CCR7,5,9,0.3759124087591241,0.12857142857142856,0.048331595411887376,0.003992015968063872
TNF,TNFRSF1B,3,1,0.06359649122807018,0.758,0.0482061403508772,0.001996007984031936
TNF,TNFRSF1B,9,6,0.29285714285714287,0.16444444444444445,0.048158730158730165,0.04590818363273453
IL15,IL15RA,8,9,0.14534883720930233,0.32857142857142857,0.04775747508305648,0.001996007984031936
WNT7B,FZD1,9,4,0.06428571428571428,0.7409326424870466,0.047631384159881565,0.003992015968063872
CD40LG,CD40,9,3,0.22857142857142856,0.20833333333333334,0.047619047619047616,0.00998003992015968
C5,C5AR1,5,1,0.23722627737226276,0.2,0.04744525547445255,0.001996007984031936
IL15,IL15RA,9,8,0.40714285714285714,0.11627906976744186,0.0473421926910299,0.001996007984031936
CD40LG,CD40,3,1,0.12719298245614036,0.372,0.047315789473684214,0.001996007984031936
CD80,CD28,4,4,0.16062176165803108,0.2927461139896373,0.04702139654755832,0.001996007984031936
CD80,CD28,3,4,0.1600877192982456,0.2927461139896373,0.04686505772202527,0.001996007984031936
TNF,TNFRSF1B,1,9,0.04,1.1714285714285715,0.04685714285714286,0.015968063872255488
CD274,PDCD1,4,5,0.25647668393782386,0.18248175182481752,0.04680231458719413,0.011976047904191617
WNT5A,FZD5,1,4,0.09,0.5181347150259067,0.0466321243523316,0.001996007984031936
CD274,PDCD1,4,4,0.25647668393782386,0.18134715025906736,0.04651131574001987,0.003992015968063872
CCL19,CCR7,4,9,0.3601036269430052,0.12857142857142856,0.04629903774981495,0.007984031936127744
CD80,CD28,9,3,0.29285714285714287,0.15789473684210525,0.0462406015037594,0.001996007984031936
CD80,CD28,7,9,0.06735751295336788,0.6857142857142857,0.0461880088823094,0.001996007984031936
CCL19,CCR7,2,3,0.23880597014925373,0.19298245614035087,0.046085362660382295,0.001996007984031936
IL6,IL6R,4,5,0.19689119170984457,0.23357664233576642,0.045989183465073184,0.001996007984031936
IL6,IL6R,3,1,0.14912280701754385,0.306,0.04563157894736842,0.001996007984031936
CD274,PDCD1,8,5,0.25,0.18248175182481752,0.04562043795620438,0.021956087824351298
C5,C5AR1,9,4,0.15714285714285714,0.29015544041450775,0.045595854922279785,0.001996007984031936
CCL19,CCR7,3,9,0.3530701754385965,0.12857142857142856,0.04539473684210526,0.003992015968063872
CD274,PDCD1,8,4,0.25,0.18134715025906736,0.04533678756476684,0.02594810379241517
CCL19,CCR7,9,8,0.5142857142857142,0.0872093023255814,0.04485049833887043,0.017964071856287425
IL15,IL15RA,4,1,0.2979274611398964,0.148,0.04409326424870466,0.001996007984031936
CXCL13,CXCR5,9,5,0.4,0.10948905109489052,0.043795620437956206,0.001996007984031936
C5,C5AR1,9,9,0.15714285714285714,0.2785714285714286,0.04377551020408163,0.003992015968063872
WNT5A,FZD5,3,5,0.18421052631578946,0.23722627737226276,0.04369957741067998,0.001996007984031936
TNF,TNFRSF1B,2,1,0.057569296375266525,0.758,0.043637526652452026,0.015968063872255488
C5,C5AR1,4,2,0.3290155440414508,0.13219616204690832,0.04349459217605533,0.001996007984031936
C5,C5AR1,3,4,0.14912280701754385,0.29015544041450775,0.04326879374602308,0.001996007984031936
CCL19,CCR7,9,1,0.5142857142857142,0.084,0.043199999999999995,0.013972055888223553
WNT7B,FZD1,4,2,0.14248704663212436,0.3006396588486141,0.04283725708982843,0.001996007984031936
CXCL13,CXCR5,3,5,0.39035087719298245,0.10948905109489052,0.042739147137917786,0.001996007984031936
C5,C5AR1,4,7,0.3290155440414508,0.12953367875647667,0.042618593787752686,0.001996007984031936
CXCL13,CXCR5,1,9,0.66,0.06428571428571428,0.04242857142857143,0.001996007984031936
IL6,IL6R,4,8,0.19689119170984457,0.21511627906976744,0.042354500542234004,0.005988023952095809
WNT7B,FZD1,4,3,0.14248704663212436,0.29605263157894735,0.042183665121352604,0.001996007984031936
C5,C5AR1,3,9,0.14912280701754385,0.2785714285714286,0.04154135338345864,0.001996007984031936
IL6,IL6R,5,1,0.13503649635036497,0.306,0.041321167883211676,0.007984031936127744
WNT5A,FZD5,5,8,0.3357664233576642,0.12209302325581395,0.040994737735528766,0.017964071856287425
C5,C5AR1,5,5,0.23722627737226276,0.17153284671532848,0.04069209867334435,0.001996007984031936
CD40LG,CD40,5,8,0.09854014598540146,0.4127906976744186,0.04067645561025293,0.017964071856287425
WNT7B,FZD1,4,7,0.14248704663212436,0.2849740932642487,0.04060511691589036,0.001996007984031936
CD40LG,CD40,4,5,0.24093264248704663,0.1678832116788321,0.04044854581899323,0.005988023952095809
IL6,IL6R,9,3,0.16428571428571428,0.24561403508771928,0.04035087719298246,0.013972055888223553
WNT5A,FZD5,7,4,0.07772020725388601,0.5181347150259067,0.040269537437246636,0.00998003992015968
CD80,CTLA4,4,9,0.16062176165803108,0.25,0.04015544041450777,0.001996007984031936
C5,C5AR1,5,3,0.23722627737226276,0.16885964912280702,0.04005794595978998,0.001996007984031936
CD80,CTLA4,3,9,0.1600877192982456,0.25,0.0400219298245614,0.001996007984031936
C5,C5AR1,5,8,0.23722627737226276,0.1686046511627907,0.03999745374299779,0.003992015968063872
WNT5A,FZD5,4,8,0.3238341968911917,0.12209302325581395,0.0395378961320641,0.011976047904191617
WNT5A,FZD5,3,6,0.18421052631578946,0.2088888888888889,0.03847953216374269,0.003992015968063872
CCL21,CCR7,4,8,0.44041450777202074,0.0872093023255814,0.03840824195686227,0.001996007984031936
IL6,IL6R,9,5,0.16428571428571428,0.23357664233576642,0.0383733055265902,0.029940119760479042
CCL19,CCR7,2,5,0.23880597014925373,0.16058394160583941,0.03834840396557359,0.001996007984031936
CCL19,CCR7,2,4,0.23880597014925373,0.15803108808290156,0.037738767303379474,0.003992015968063872
WNT7B,FZD1,4,9,0.14248704663212436,0.2642857142857143,0.03765729089563287,0.005988023952095809
WNT7B,FZD1,3,8,0.07675438596491228,0.4883720930232558,0.03748470012239902,0.001996007984031936
CCL21,CCR7,5,3,0.19343065693430658,0.19298245614035087,0.037328723268024076,0.001996007984031936
CCL21,CCR7,8,3,0.19186046511627908,0.19298245614035087,0.03702570379436965,0.001996007984031936
CCL19,CCR7,8,8,0.42441860465116277,0.0872093023255814,0.03701325040562466,0.0499001996007984
CCL21,CCR7,4,1,0.44041450777202074,0.084,0.036994818652849745,0.001996007984031936
CD40LG,CD40,5,1,0.09854014598540146,0.372,0.03665693430656934,0.021956087824351298
IL6,IL6R,3,3,0.14912280701754385,0.24561403508771928,0.03662665435518621,0.007984031936127744
CD80,CTLA4,4,1,0.16062176165803108,0.228,0.036621761658031084,0.001996007984031936
WNT5A,FZD5,5,7,0.3357664233576642,0.10880829015544041,0.03653417041715517,0.023952095808383235
CD80,CTLA4,3,1,0.1600877192982456,0.228,0.0365,0.001996007984031936
CD40LG,CD40,7,4,0.06217616580310881,0.5777202072538861,0.035920427394024006,0.03992015968063872
CD80,CD28,4,5,0.16062176165803108,0.22262773722627738,0.0357588593472259,0.001996007984031936
CCL19,CCR7,8,1,0.42441860465116277,0.084,0.035651162790697674,0.017964071856287425
CD80,CD28,3,5,0.1600877192982456,0.22262773722627738,0.035639966705083875,0.001996007984031936
WNT7B,FZD1,5,10,0.20437956204379562,0.17391304347826086,0.035544271659790544,0.04790419161676647
IL15,IL15RA,4,4,0.2979274611398964,0.11917098445595854,0.03550430884050578,0.001996007984031936
WNT7B,FZD1,4,6,0.14248704663212436,0.24888888888888888,0.03546344271732873,0.007984031936127744
WNT5A,FZD5,4,7,0.3238341968911917,0.10880829015544041,0.035235845257590805,0.017964071856287425
IL6,IL6R,3,5,0.14912280701754385,0.23357664233576642,0.034831604558842356,0.013972055888223553
IL6,IL6R,1,6,0.09,0.38666666666666666,0.0348,0.023952095808383235
CXCL13,CXCR5,9,10,0.4,0.08695652173913043,0.034782608695652174,0.015968063872255488
IL15,IL15RA,4,8,0.2979274611398964,0.11627906976744186,0.034642728039522834,0.001996007984031936
CXCL13,CXCR5,1,1,0.66,0.052,0.03432,0.001996007984031936
CXCL13,CXCR5,3,10,0.39035087719298245,0.08695652173913043,0.033943554538520215,0.00998003992015968
IL6,IL6R,5,3,0.13503649635036497,0.24561403508771928,0.03316685875272122,0.03792415169660679
CCL21,CCR7,9,8,0.37857142857142856,0.0872093023255814,0.03301495016611296,0.005988023952095809
WNT5A,FZD5,5,2,0.3357664233576642,0.09808102345415778,0.032932314444461736,0.033932135728542916
IL15,IL15RA,9,5,0.40714285714285714,0.08029197080291971,0.032690302398331594,0.001996007984031936
C5,C5AR1,6,4,0.1111111111111111,0.29015544041450775,0.03223949337938975,0.013972055888223553
IL15,IL15RA,9,3,0.40714285714285714,0.07894736842105263,0.03214285714285714,0.001996007984031936
IL6,IL6R,3,8,0.14912280701754385,0.21511627906976744,0.03207874337005304,0.04590818363273453
CD80,CD28,5,4,0.10948905109489052,0.2927461139896373,0.03205249423244204,0.001996007984031936
CCL21,CCR7,4,10,0.44041450777202074,0.07246376811594203,0.03191409476608846,0.01996007984031936
CCL21,CCR7,9,1,0.37857142857142856,0.084,0.0318,0.005988023952095809
WNT5A,FZD5,4,2,0.3238341968911917,0.09808102345415778,0.03176198946054332,0.041916167664670656
CCL19,CCR7,5,1,0.3759124087591241,0.084,0.031576642335766424,0.03792415169660679
C5,C5AR1,9,1,0.15714285714285714,0.2,0.03142857142857143,0.029940119760479042
C5,C5AR1,5,2,0.23722627737226276,0.13219616204690832,0.031360403405288464,0.013972055888223553
WNT7B,FZD1,1,4,0.042,0.7409326424870466,0.03111917098445596,0.00998003992015968
CCL21,CCR7,5,5,0.19343065693430658,0.16058394160583941,0.031061857317917847,0.001996007984031936
CD80,CD28,9,1,0.29285714285714287,0.106,0.031042857142857143,0.001996007984031936
CCL21,CCR7,8,5,0.19186046511627908,0.16058394160583941,0.03080970972670175,0.003992015968063872
CCL21,CCR7,10,3,0.15942028985507245,0.19298245614035087,0.030765319094838543,0.023952095808383235
C5,C5AR1,5,7,0.23722627737226276,0.12953367875647667,0.030728792405733514,0.021956087824351298
CD80,CTLA4,4,3,0.16062176165803108,0.19078947368421054,0.030644941368966457,0.001996007984031936
CCL21,CCR7,5,4,0.19343065693430658,0.15803108808290156,0.030568057183918917,0.001996007984031936
CD80,CTLA4,3,3,0.1600877192982456,0.19078947368421054,0.030543051708217913,0.001996007984031936
CCL21,CCR7,8,4,0.19186046511627908,0.15803108808290156,0.03031991806241716,0.003992015968063872
CCL19,CCR7,4,1,0.3601036269430052,0.084,0.030248704663212438,0.04590818363273453
IL2,IL2RA,4,9,0.09326424870466321,0.32142857142857145,0.02997779422649889,0.001996007984031936
C5,C5AR1,3,1,0.14912280701754385,0.2,0.02982456140350877,0.001996007984031936
CCL19,CCR7,3,1,0.3530701754385965,0.084,0.029657894736842105,0.031936127744510975
IL15,IL15RA,6,9,0.08888888888888889,0.32857142857142857,0.029206349206349208,0.001996007984031936
C5,C5AR1,2,4,0.10021321961620469,0.29015544041450775,0.02907741087309566,0.00998003992015968
CD80,CD28,9,8,0.29285714285714287,0.09883720930232558,0.02894518272425249,0.003992015968063872
IL2,IL2RA,5,9,0.08759124087591241,0.32142857142857145,0.02815432742440042,0.001996007984031936
CD80,CD28,1,4,0.094,0.2927461139896373,0.027518134715025906,0.001996007984031936
CD80,CTLA4,5,9,0.10948905109489052,0.25,0.02737226277372263,0.001996007984031936
CXCL13,CXCR5,1,8,0.66,0.040697674418604654,0.026860465116279073,0.005988023952095809
WNT7B,FZD1,3,1,0.07675438596491228,0.346,0.026557017543859647,0.04790419161676647
IL15,IL15RA,5,1,0.17883211678832117,0.148,0.026467153284671533,0.001996007984031936
CXCL13,CXCR5,4,4,0.17098445595854922,0.15284974093264247,0.026134929796773065,0.003992015968063872
CXCL13,CXCR5,9,9,0.4,0.06428571428571428,0.025714285714285714,0.03992015968063872
CCL21,CCR7,3,3,0.13157894736842105,0.19298245614035087,0.02539242843951985,0.005988023952095809
CD80,CD28,4,3,0.16062176165803108,0.15789473684210525,0.02536133078811017,0.001996007984031936
CD80,CD28,3,3,0.1600877192982456,0.15789473684210525,0.025277008310249306,0.001996007984031936
CCL21,CCR7,2,3,0.1300639658848614,0.19298245614035087,0.02510006359181536,0.001996007984031936
CXCL13,CXCR5,3,9,0.39035087719298245,0.06428571428571428,0.025093984962406012,0.02594810379241517
CD80,CTLA4,5,1,0.10948905109489052,0.228,0.024963503649635038,0.001996007984031936
CCL21,CCR7,5,9,0.19343065693430658,0.12857142857142856,0.0248696558915537,0.023952095808383235
CCL21,CCR7,8,9,0.19186046511627908,0.12857142857142856,0.024667774086378737,0.0499001996007984
CD80,CD28,5,5,0.10948905109489052,0.22262773722627738,0.024375299696307744,0.00998003992015968
CXCL13,CXCR5,4,3,0.17098445595854922,0.14035087719298245,0.023997818380147258,0.001996007984031936
IL15,IL15RA,4,5,0.2979274611398964,0.08029197080291971,0.023921183011232555,0.001996007984031936
IL15,IL15RA,4,3,0.2979274611398964,0.07894736842105263,0.023520589037360238,0.001996007984031936
CD80,CTLA4,1,9,0.094,0.25,0.0235,0.003992015968063872
CCL21,CCR7,4,7,0.44041450777202074,0.05181347150259067,0.022819404547773092,0.03592814371257485
CXCL13,CXCR5,1,2,0.66,0.03411513859275053,0.022515991471215354,0.007984031936127744
CD80,CTLA4,9,5,0.29285714285714287,0.07664233576642336,0.022445255474452558,0.003992015968063872
CD80,CTLA4,9,8,0.29285714285714287,0.0755813953488372,0.02213455149501661,0.001996007984031936
CD80,CD28,8,4,0.0755813953488372,0.2927461139896373,0.02212615977828654,0.015968063872255488
CCL21,CCR7,4,2,0.44041450777202074,0.04904051172707889,0.02159815283316946,0.017964071856287425
IL15,IL15RA,8,1,0.14534883720930233,0.148,0.021511627906976746,0.003992015968063872
CD80,CTLA4,1,1,0.094,0.228,0.021432,0.001996007984031936
CD80,CD28,6,9,0.03111111111111111,0.6857142857142857,0.021333333333333333,0.031936127744510975
IL15,IL15RA,5,4,0.17883211678832117,0.11917098445595854,0.021311599410007185,0.001996007984031936
CCL21,CCR7,3,5,0.13157894736842105,0.16058394160583941,0.021129466000768343,0.02594810379241517
CD80,CD28,1,5,0.094,0.22262773722627738,0.020927007299270075,0.001996007984031936
CD80,CTLA4,5,3,0.10948905109489052,0.19078947368421054,0.020889358432577797,0.001996007984031936
CCL21,CCR7,2,5,0.1300639658848614,0.16058394160583941,0.020886184302678475,0.023952095808383235
IL15,IL15RA,5,8,0.17883211678832117,0.11627906976744186,0.02079443218468851,0.001996007984031936
CCL21,CCR7,3,4,0.13157894736842105,0.15803108808290156,0.020793564221434416,0.03792415169660679
IL2,IL2RA,9,9,0.06428571428571428,0.32142857142857145,0.020663265306122447,0.001996007984031936
CCL21,CCR7,2,4,0.1300639658848614,0.15803108808290156,0.020554150049162036,0.043912175648702596
CD80,CTLA4,9,4,0.29285714285714287,0.06994818652849741,0.020484826054774242,0.003992015968063872
CXCL13,CXCR5,3,1,0.39035087719298245,0.052,0.020298245614035086,0.031936127744510975
IL2,IL2RA,3,9,0.06140350877192982,0.32142857142857145,0.019736842105263157,0.001996007984031936
CD80,CD28,7,4,0.06735751295336788,0.2927461139896373,0.019718650165105104,0.033932135728542916
CD80,CTLA4,8,9,0.0755813953488372,0.25,0.0188953488372093,0.011976047904191617
CD80,CTLA4,10,9,0.07246376811594203,0.25,0.018115942028985508,0.033932135728542916
CD80,CTLA4,1,3,0.094,0.19078947368421054,0.017934210526315792,0.001996007984031936
IL15,IL15RA,8,4,0.14534883720930233,0.11917098445595854,0.017321364019761417,0.005988023952095809
CD80,CTLA4,8,1,0.0755813953488372,0.228,0.017232558139534882,0.003992015968063872
CD80,CD28,4,1,0.16062176165803108,0.106,0.017025906735751294,0.03992015968063872
CD80,CD28,3,1,0.1600877192982456,0.106,0.016969298245614033,0.043912175648702596
IL15,IL15RA,8,8,0.14534883720930233,0.11627906976744186,0.016901027582477017,0.013972055888223553
CD80,CTLA4,7,9,0.06735751295336788,0.25,0.01683937823834197,0.013972055888223553
CD80,CTLA4,10,1,0.07246376811594203,0.228,0.016521739130434785,0.03792415169660679
CD80,CTLA4,7,1,0.06735751295336788,0.228,0.015357512953367876,0.00998003992015968
IL15,IL15RA,3,9,0.046052631578947366,0.32857142857142857,0.01513157894736842,0.003992015968063872
IL15,IL15RA,9,6,0.40714285714285714,0.035555555555555556,0.014476190476190476,0.023952095808383235
CD80,CTLA4,8,3,0.0755813953488372,0.19078947368421054,0.014420134638922888,0.02594810379241517
IL15,IL15RA,5,5,0.17883211678832117,0.08029197080291971,0.014358783099792211,0.007984031936127744
IL15,IL15RA,5,3,0.17883211678832117,0.07894736842105263,0.014118325009604303,0.00998003992015968
IL15,IL15RA,6,1,0.08888888888888889,0.148,0.013155555555555556,0.011976047904191617
IL2,IL2RA,4,1,0.09326424870466321,0.138,0.012870466321243524,0.001996007984031936
IL2,IL2RA,5,1,0.08759124087591241,0.138,0.012087591240875915,0.001996007984031936
IL15,IL15RA,8,3,0.14534883720930233,0.07894736842105263,0.011474908200734393,0.043912175648702596
IL2,IL2RA,6,9,0.03111111111111111,0.32142857142857145,0.01,0.001996007984031936
IL2,IL2RA,9,1,0.06428571428571428,0.138,0.008871428571428572,0.001996007984031936
IL2,IL2RA,3,1,0.06140350877192982,0.138,0.008473684210526316,0.001996007984031936
IL2,IL2RA,4,4,0.09326424870466321,0.09067357512953368,0.008456602861821793,0.001996007984031936
IL2,IL2RA,5,4,0.08759124087591241,0.09067357512953368,0.007942210960251125,0.001996007984031936
IL2,IL2RA,8,9,0.023255813953488372,0.32142857142857145,0.007475083056478406,0.003992015968063872
IL2,IL2RA,7,9,0.02072538860103627,0.32142857142857145,0.006661732050333088,0.005988023952095809
IL2,IL2RA,9,4,0.06428571428571428,0.09067357512953368,0.005829015544041451,0.003992015968063872
IL2,IL2RA,3,4,0.06140350877192982,0.09067357512953368,0.005567675665848559,0.001996007984031936
IL2,IL2RA,4,5,0.09326424870466321,0.058394160583941604,0.005446087515600771,0.001996007984031936
IL2,IL2RA,5,5,0.08759124087591241,0.058394160583941604,0.005114816985454739,0.007984031936127744
IL2,IL2RA,4,3,0.09326424870466321,0.046052631578947366,0.004295064085083174,0.00998003992015968
IL2,IL2RA,6,1,0.03111111111111111,0.138,0.004293333333333334,0.015968063872255488
IL2,IL2RA,5,3,0.08759124087591241,0.046052631578947366,0.004033807145601229,0.017964071856287425
